formal_group,long_chain_count_ge_8,long_chain_count_ge_16,long_chain_count_ge_32,chain_gain_per_1pct_drop,status,error,matrix_name,source,input_path,n_rows,drop_method,drop_ratio_target,drop_ratio_actual,risk_threshold,max_drop_per_row,keep_row_max_predecessor,forbid_empty_rows,dropped_nnz,dropped_rows,strict_lower_nnz_before,strict_lower_nnz_after,single_pred_rows_before,single_pred_rows_after,multi_pred_rows_before,multi_pred_rows_after,multi_pred_to_single_pred_rows,strict_chain_count_before,strict_chain_count_after,strict_chain_row_coverage_before,strict_chain_row_coverage_after,strict_chain_row_coverage_gain,strict_chain_row_coverage_gain_ratio,strict_chain_coverage_gain_per_drop_ratio,strict_chain_coverage_gain_per_drop_percent,frontier_safe_chain_row_coverage_before,frontier_safe_chain_row_coverage_after,frontier_safe_chain_row_coverage_gain,frontier_safe_chain_row_coverage_gain_ratio,frontier_safe_boundary_cut_before,frontier_safe_boundary_cut_after,frontier_safe_boundary_cut_reduction,effective_chain_rows_ge_8_before,effective_chain_rows_ge_8_after,effective_chain_rows_ge_8,effective_chain_rows_ge_8_gain,effective_chain_rows_ge_8_gain_per_dropped_edge,effective_chain_rows_ge_16_before,effective_chain_rows_ge_16_after,effective_chain_rows_ge_16,effective_chain_rows_ge_16_gain,effective_chain_rows_ge_16_gain_per_dropped_edge,effective_chain_rows_ge_32_before,effective_chain_rows_ge_32_after,effective_chain_rows_ge_32,effective_chain_rows_ge_32_gain,effective_chain_rows_ge_32_gain_per_dropped_edge,effective_chain_count_ge_8_before,effective_chain_count_ge_8_after,effective_chain_count_ge_8_gain,effective_chain_count_ge_16_before,effective_chain_count_ge_16_after,effective_chain_count_ge_16_gain,effective_chain_count_ge_32_before,effective_chain_count_ge_32_after,effective_chain_count_ge_32_gain,effective_chain_coverage_ge_8_before,effective_chain_coverage_ge_8_after,effective_chain_coverage_ge_8,effective_chain_coverage_ge_8_gain,effective_chain_coverage_ge_8_gain_per_drop_ratio,effective_chain_coverage_ge_8_gain_per_drop_percent,effective_chain_coverage_ge_16_before,effective_chain_coverage_ge_16_after,effective_chain_coverage_ge_16,effective_chain_coverage_ge_16_gain,effective_chain_coverage_ge_16_gain_per_drop_ratio,effective_chain_coverage_ge_16_gain_per_drop_percent,effective_chain_coverage_ge_32_before,effective_chain_coverage_ge_32_after,effective_chain_coverage_ge_32,effective_chain_coverage_ge_32_gain,effective_chain_coverage_ge_32_gain_per_drop_ratio,effective_chain_coverage_ge_32_gain_per_drop_percent,avg_chain_length_before,avg_chain_length_after,avg_effective_chain_length_ge_8_before,avg_effective_chain_length_ge_8_after,avg_effective_chain_length_ge_16_before,avg_effective_chain_length_ge_16_after,avg_effective_chain_length_ge_32_before,avg_effective_chain_length_ge_32_after,effective_long_chain_score_before,effective_long_chain_score_after,effective_long_chain_score_gain,effective_long_chain_score_gain_per_drop_percent,max_chain_length_before,max_chain_length_after,strict_chain_len_ge_8_before,strict_chain_len_ge_8_after,strict_chain_len_ge_16_before,strict_chain_len_ge_16_after,strict_chain_len_ge_32_before,strict_chain_len_ge_32_after,chain_gain_per_dropped_edge
SPD,0,0,0,0.0,ok,,thermal1,factor-l,/home/scan_SpTRSV/data/factors/spcg/thermal1/spcg_spilu_l_thermal1_fill10_drop0.0001_sp0.mtx,82654,no-drop,0.0,0.0,,0,1,1,0,0,2750380,2750380,2344,2344,64883,64883,0,1966,1966,4080,4080,0,0.0,0.0,0.0,56182,56182,0,0.0,25306,25306,0,0,0,0,0,0.0,0,0,0,0,0.0,0,0,0,0,0.0,0,0,0,0,0,0,0,0,0,0.0,0.0,0.0,0.0,0.0,0.0,0.0,0.0,0.0,0.0,0.0,0.0,0.0,0.0,0.0,0.0,0.0,0.0,2.0752797558494405,2.0752797558494405,0.0,0.0,0.0,0.0,0.0,0.0,0,0,0,0.0,5,5,0,0,0,0,0,0,0.0
SPD,0,0,0,0.0,ok,,thermal1,factor-l,/home/scan_SpTRSV/data/factors/spcg/thermal1/spcg_spilu_l_thermal1_fill10_drop0.0001_sp0.mtx,82654,magnitude-drop,0.01,0.009999709131101884,0.0001,1,1,1,27503,27503,2750380,2722877,2344,2353,64883,64874,9,1966,1975,4080,4098,18,0.0002177753042804946,0.021778163887102745,0.00021778163887102743,56182,55752,-430,-0.005202410046700704,25306,25108,198,0,0,0,0,0.0,0,0,0,0,0.0,0,0,0,0,0.0,0,0,0,0,0,0,0,0,0,0.0,0.0,0.0,0.0,0.0,0.0,0.0,0.0,0.0,0.0,0.0,0.0,0.0,0.0,0.0,0.0,0.0,0.0,2.0752797558494405,2.0749367088607595,0.0,0.0,0.0,0.0,0.0,0.0,0,0,0,0.0,5,5,0,0,0,0,0,0,0.000654474057375559
SPD,0,0,0,0.0,ok,,thermal1,factor-l,/home/scan_SpTRSV/data/factors/spcg/thermal1/spcg_spilu_l_thermal1_fill10_drop0.0001_sp0.mtx,82654,magnitude-drop,0.01,0.009999709131101884,0.0001,-1,1,1,27503,5504,2750380,2722877,2344,2344,64883,64883,0,1966,1966,4080,4080,0,0.0,0.0,0.0,56182,55991,-191,-0.0023108379509763593,25306,25195,111,0,0,0,0,0.0,0,0,0,0,0.0,0,0,0,0,0.0,0,0,0,0,0,0,0,0,0,0.0,0.0,0.0,0.0,0.0,0.0,0.0,0.0,0.0,0.0,0.0,0.0,0.0,0.0,0.0,0.0,0.0,0.0,2.0752797558494405,2.0752797558494405,0.0,0.0,0.0,0.0,0.0,0.0,0,0,0,0.0,5,5,0,0,0,0,0,0,0.0
SPD,0,0,0,0.0,ok,,thermal1,factor-l,/home/scan_SpTRSV/data/factors/spcg/thermal1/spcg_spilu_l_thermal1_fill10_drop0.0001_sp0.mtx,82654,magnitude-drop,0.01,0.009999709131101884,0.001,1,1,1,27503,27503,2750380,2722877,2344,2353,64883,64874,9,1966,1975,4080,4098,18,0.0002177753042804946,0.021778163887102745,0.00021778163887102743,56182,55752,-430,-0.005202410046700704,25306,25108,198,0,0,0,0,0.0,0,0,0,0,0.0,0,0,0,0,0.0,0,0,0,0,0,0,0,0,0,0.0,0.0,0.0,0.0,0.0,0.0,0.0,0.0,0.0,0.0,0.0,0.0,0.0,0.0,0.0,0.0,0.0,0.0,2.0752797558494405,2.0749367088607595,0.0,0.0,0.0,0.0,0.0,0.0,0,0,0,0.0,5,5,0,0,0,0,0,0,0.000654474057375559
SPD,0,0,0,0.0,ok,,thermal1,factor-l,/home/scan_SpTRSV/data/factors/spcg/thermal1/spcg_spilu_l_thermal1_fill10_drop0.0001_sp0.mtx,82654,magnitude-drop,0.01,0.009999709131101884,0.001,-1,1,1,27503,5504,2750380,2722877,2344,2344,64883,64883,0,1966,1966,4080,4080,0,0.0,0.0,0.0,56182,55991,-191,-0.0023108379509763593,25306,25195,111,0,0,0,0,0.0,0,0,0,0,0.0,0,0,0,0,0.0,0,0,0,0,0,0,0,0,0,0.0,0.0,0.0,0.0,0.0,0.0,0.0,0.0,0.0,0.0,0.0,0.0,0.0,0.0,0.0,0.0,0.0,0.0,2.0752797558494405,2.0752797558494405,0.0,0.0,0.0,0.0,0.0,0.0,0,0,0,0.0,5,5,0,0,0,0,0,0,0.0
SPD,0,0,0,0.0,ok,,thermal1,factor-l,/home/scan_SpTRSV/data/factors/spcg/thermal1/spcg_spilu_l_thermal1_fill10_drop0.0001_sp0.mtx,82654,magnitude-drop,0.01,0.009999709131101884,0.01,1,1,1,27503,27503,2750380,2722877,2344,2353,64883,64874,9,1966,1975,4080,4098,18,0.0002177753042804946,0.021778163887102745,0.00021778163887102743,56182,55752,-430,-0.005202410046700704,25306,25108,198,0,0,0,0,0.0,0,0,0,0,0.0,0,0,0,0,0.0,0,0,0,0,0,0,0,0,0,0.0,0.0,0.0,0.0,0.0,0.0,0.0,0.0,0.0,0.0,0.0,0.0,0.0,0.0,0.0,0.0,0.0,0.0,2.0752797558494405,2.0749367088607595,0.0,0.0,0.0,0.0,0.0,0.0,0,0,0,0.0,5,5,0,0,0,0,0,0,0.000654474057375559
SPD,0,0,0,0.0,ok,,thermal1,factor-l,/home/scan_SpTRSV/data/factors/spcg/thermal1/spcg_spilu_l_thermal1_fill10_drop0.0001_sp0.mtx,82654,magnitude-drop,0.01,0.009999709131101884,0.01,-1,1,1,27503,5504,2750380,2722877,2344,2344,64883,64883,0,1966,1966,4080,4080,0,0.0,0.0,0.0,56182,55991,-191,-0.0023108379509763593,25306,25195,111,0,0,0,0,0.0,0,0,0,0,0.0,0,0,0,0,0.0,0,0,0,0,0,0,0,0,0,0.0,0.0,0.0,0.0,0.0,0.0,0.0,0.0,0.0,0.0,0.0,0.0,0.0,0.0,0.0,0.0,0.0,0.0,2.0752797558494405,2.0752797558494405,0.0,0.0,0.0,0.0,0.0,0.0,0,0,0,0.0,5,5,0,0,0,0,0,0,0.0
SPD,0,0,0,0.0,ok,,thermal1,factor-l,/home/scan_SpTRSV/data/factors/spcg/thermal1/spcg_spilu_l_thermal1_fill10_drop0.0001_sp0.mtx,82654,magnitude-drop,0.02,0.011741650244693461,0.0001,1,1,1,32294,32294,2750380,2718086,2344,2357,64883,64870,13,1966,1979,4080,4106,26,0.00031456432840515884,0.026790469980769824,0.0002679046998076983,56182,55690,-492,-0.005952524983666852,25306,25055,251,0,0,0,0,0.0,0,0,0,0,0.0,0,0,0,0,0.0,0,0,0,0,0,0,0,0,0,0.0,0.0,0.0,0.0,0.0,0.0,0.0,0.0,0.0,0.0,0.0,0.0,0.0,0.0,0.0,0.0,0.0,0.0,2.0752797558494405,2.074785245073269,0.0,0.0,0.0,0.0,0.0,0.0,0,0,0,0.0,5,5,0,0,0,0,0,0,0.0008051031151297454
SPD,0,0,0,0.0,ok,,thermal1,factor-l,/home/scan_SpTRSV/data/factors/spcg/thermal1/spcg_spilu_l_thermal1_fill10_drop0.0001_sp0.mtx,82654,magnitude-drop,0.02,0.019999781848326414,0.0001,-1,1,1,55007,8695,2750380,2695373,2344,2347,64883,64880,3,1966,1969,4080,4086,6,7.25917680934982e-05,0.003629627995145992,3.6296279951459915e-05,56182,55902,-280,-0.003387615844363249,25306,25112,194,0,0,0,0,0.0,0,0,0,0,0.0,0,0,0,0,0.0,0,0,0,0,0,0,0,0,0,0.0,0.0,0.0,0.0,0.0,0.0,0.0,0.0,0.0,0.0,0.0,0.0,0.0,0.0,0.0,0.0,0.0,0.0,2.0752797558494405,2.0751650584052816,0.0,0.0,0.0,0.0,0.0,0.0,0,0,0,0.0,5,5,0,0,0,0,0,0,0.00010907702656025596
SPD,0,0,0,0.0,ok,,thermal1,factor-l,/home/scan_SpTRSV/data/factors/spcg/thermal1/spcg_spilu_l_thermal1_fill10_drop0.0001_sp0.mtx,82654,magnitude-drop,0.02,0.01468633425199427,0.001,1,1,1,40393,40393,2750380,2709987,2344,2369,64883,64858,25,1966,1986,4080,4121,41,0.0004960437486389044,0.03377587219026737,0.00033775872190267367,56182,55386,-796,-0.009630507900404095,25306,24889,417,0,0,0,0,0.0,0,0,0,0,0.0,0,0,0,0,0.0,0,0,0,0,0,0,0,0,0,0.0,0.0,0.0,0.0,0.0,0.0,0.0,0.0,0.0,0.0,0.0,0.0,0.0,0.0,0.0,0.0,0.0,0.0,2.0752797558494405,2.0750251762336354,0.0,0.0,0.0,0.0,0.0,0.0,0,0,0,0.0,5,5,0,0,0,0,0,0,0.0010150273562250884
SPD,0,0,0,0.0,ok,,thermal1,factor-l,/home/scan_SpTRSV/data/factors/spcg/thermal1/spcg_spilu_l_thermal1_fill10_drop0.0001_sp0.mtx,82654,magnitude-drop,0.02,0.019999781848326414,0.001,-1,1,1,55007,8695,2750380,2695373,2344,2347,64883,64880,3,1966,1969,4080,4086,6,7.25917680934982e-05,0.003629627995145992,3.6296279951459915e-05,56182,55902,-280,-0.003387615844363249,25306,25112,194,0,0,0,0,0.0,0,0,0,0,0.0,0,0,0,0,0.0,0,0,0,0,0,0,0,0,0,0.0,0.0,0.0,0.0,0.0,0.0,0.0,0.0,0.0,0.0,0.0,0.0,0.0,0.0,0.0,0.0,0.0,0.0,2.0752797558494405,2.0751650584052816,0.0,0.0,0.0,0.0,0.0,0.0,0,0,0,0.0,5,5,0,0,0,0,0,0,0.00010907702656025596
SPD,0,0,0,0.0,ok,,thermal1,factor-l,/home/scan_SpTRSV/data/factors/spcg/thermal1/spcg_spilu_l_thermal1_fill10_drop0.0001_sp0.mtx,82654,magnitude-drop,0.02,0.017602294955606133,0.01,1,1,1,48413,48413,2750380,2701967,2344,2463,64883,64764,119,1966,2040,4080,4246,166,0.0020083722505867836,0.11409718196701048,0.0011409718196701047,56182,54573,-1609,-0.0194666924770731,25306,24178,1128,0,0,0,0,0.0,0,0,0,0,0.0,0,0,0,0,0.0,0,0,0,0,0,0,0,0,0,0.0,0.0,0.0,0.0,0.0,0.0,0.0,0.0,0.0,0.0,0.0,0.0,0.0,0.0,0.0,0.0,0.0,0.0,2.0752797558494405,2.081372549019608,0.0,0.0,0.0,0.0,0.0,0.0,0,0,0,0.0,5,5,0,0,0,0,0,0,0.0034288310990849566
SPD,0,0,0,0.0,ok,,thermal1,factor-l,/home/scan_SpTRSV/data/factors/spcg/thermal1/spcg_spilu_l_thermal1_fill10_drop0.0001_sp0.mtx,82654,magnitude-drop,0.02,0.019999781848326414,0.01,-1,1,1,55007,8695,2750380,2695373,2344,2347,64883,64880,3,1966,1969,4080,4086,6,7.25917680934982e-05,0.003629627995145992,3.6296279951459915e-05,56182,55902,-280,-0.003387615844363249,25306,25112,194,0,0,0,0,0.0,0,0,0,0,0.0,0,0,0,0,0.0,0,0,0,0,0,0,0,0,0,0.0,0.0,0.0,0.0,0.0,0.0,0.0,0.0,0.0,0.0,0.0,0.0,0.0,0.0,0.0,0.0,0.0,0.0,2.0752797558494405,2.0751650584052816,0.0,0.0,0.0,0.0,0.0,0.0,0,0,0,0.0,5,5,0,0,0,0,0,0,0.00010907702656025596
SPD,0,0,0,0.0,ok,,thermal1,factor-l,/home/scan_SpTRSV/data/factors/spcg/thermal1/spcg_spilu_l_thermal1_fill10_drop0.0001_sp0.mtx,82654,magnitude-drop,0.05,0.011741650244693461,0.0001,1,1,1,32294,32294,2750380,2718086,2344,2357,64883,64870,13,1966,1979,4080,4106,26,0.00031456432840515884,0.026790469980769824,0.0002679046998076983,56182,55690,-492,-0.005952524983666852,25306,25055,251,0,0,0,0,0.0,0,0,0,0,0.0,0,0,0,0,0.0,0,0,0,0,0,0,0,0,0,0.0,0.0,0.0,0.0,0.0,0.0,0.0,0.0,0.0,0.0,0.0,0.0,0.0,0.0,0.0,0.0,0.0,0.0,2.0752797558494405,2.074785245073269,0.0,0.0,0.0,0.0,0.0,0.0,0,0,0,0.0,5,5,0,0,0,0,0,0,0.0008051031151297454
SPD,0,0,0,0.0,ok,,thermal1,factor-l,/home/scan_SpTRSV/data/factors/spcg/thermal1/spcg_spilu_l_thermal1_fill10_drop0.0001_sp0.mtx,82654,magnitude-drop,0.05,0.05,0.0001,-1,1,1,137519,17618,2750380,2612861,2344,2350,64883,64877,6,1966,1972,4080,4092,12,0.0001451835361869964,0.002903670723739928,2.9036707237399278e-05,56182,55608,-574,-0.006944612480944661,25306,24940,366,0,0,0,0,0.0,0,0,0,0,0.0,0,0,0,0,0.0,0,0,0,0,0,0,0,0,0,0.0,0.0,0.0,0.0,0.0,0.0,0.0,0.0,0.0,0.0,0.0,0.0,0.0,0.0,0.0,0.0,0.0,0.0,2.0752797558494405,2.075050709939148,0.0,0.0,0.0,0.0,0.0,0.0,0,0,0,0.0,5,5,0,0,0,0,0,0,8.726066943476901e-05
SPD,0,0,0,0.0,ok,,thermal1,factor-l,/home/scan_SpTRSV/data/factors/spcg/thermal1/spcg_spilu_l_thermal1_fill10_drop0.0001_sp0.mtx,82654,magnitude-drop,0.05,0.01468633425199427,0.001,1,1,1,40393,40393,2750380,2709987,2344,2369,64883,64858,25,1966,1986,4080,4121,41,0.0004960437486389044,0.03377587219026737,0.00033775872190267367,56182,55386,-796,-0.009630507900404095,25306,24889,417,0,0,0,0,0.0,0,0,0,0,0.0,0,0,0,0,0.0,0,0,0,0,0,0,0,0,0,0.0,0.0,0.0,0.0,0.0,0.0,0.0,0.0,0.0,0.0,0.0,0.0,0.0,0.0,0.0,0.0,0.0,0.0,2.0752797558494405,2.0750251762336354,0.0,0.0,0.0,0.0,0.0,0.0,0,0,0,0.0,5,5,0,0,0,0,0,0,0.0010150273562250884
SPD,0,0,0,0.0,ok,,thermal1,factor-l,/home/scan_SpTRSV/data/factors/spcg/thermal1/spcg_spilu_l_thermal1_fill10_drop0.0001_sp0.mtx,82654,magnitude-drop,0.05,0.05,0.001,-1,1,1,137519,17618,2750380,2612861,2344,2350,64883,64877,6,1966,1972,4080,4092,12,0.0001451835361869964,0.002903670723739928,2.9036707237399278e-05,56182,55608,-574,-0.006944612480944661,25306,24940,366,0,0,0,0,0.0,0,0,0,0,0.0,0,0,0,0,0.0,0,0,0,0,0,0,0,0,0,0.0,0.0,0.0,0.0,0.0,0.0,0.0,0.0,0.0,0.0,0.0,0.0,0.0,0.0,0.0,0.0,0.0,0.0,2.0752797558494405,2.075050709939148,0.0,0.0,0.0,0.0,0.0,0.0,0,0,0,0.0,5,5,0,0,0,0,0,0,8.726066943476901e-05
SPD,0,0,0,0.0,ok,,thermal1,factor-l,/home/scan_SpTRSV/data/factors/spcg/thermal1/spcg_spilu_l_thermal1_fill10_drop0.0001_sp0.mtx,82654,magnitude-drop,0.05,0.017602294955606133,0.01,1,1,1,48413,48413,2750380,2701967,2344,2463,64883,64764,119,1966,2040,4080,4246,166,0.0020083722505867836,0.11409718196701048,0.0011409718196701047,56182,54573,-1609,-0.0194666924770731,25306,24178,1128,0,0,0,0,0.0,0,0,0,0,0.0,0,0,0,0,0.0,0,0,0,0,0,0,0,0,0,0.0,0.0,0.0,0.0,0.0,0.0,0.0,0.0,0.0,0.0,0.0,0.0,0.0,0.0,0.0,0.0,0.0,0.0,2.0752797558494405,2.081372549019608,0.0,0.0,0.0,0.0,0.0,0.0,0,0,0,0.0,5,5,0,0,0,0,0,0,0.0034288310990849566
SPD,0,0,0,0.0,ok,,thermal1,factor-l,/home/scan_SpTRSV/data/factors/spcg/thermal1/spcg_spilu_l_thermal1_fill10_drop0.0001_sp0.mtx,82654,magnitude-drop,0.05,0.05,0.01,-1,1,1,137519,17618,2750380,2612861,2344,2350,64883,64877,6,1966,1972,4080,4092,12,0.0001451835361869964,0.002903670723739928,2.9036707237399278e-05,56182,55608,-574,-0.006944612480944661,25306,24940,366,0,0,0,0,0.0,0,0,0,0,0.0,0,0,0,0,0.0,0,0,0,0,0,0,0,0,0,0.0,0.0,0.0,0.0,0.0,0.0,0.0,0.0,0.0,0.0,0.0,0.0,0.0,0.0,0.0,0.0,0.0,0.0,2.0752797558494405,2.075050709939148,0.0,0.0,0.0,0.0,0.0,0.0,0,0,0,0.0,5,5,0,0,0,0,0,0,8.726066943476901e-05
SPD,0,0,0,0.0,ok,,thermal1,factor-l,/home/scan_SpTRSV/data/factors/spcg/thermal1/spcg_spilu_l_thermal1_fill10_drop0.0001_sp0.mtx,82654,magnitude-drop,0.1,0.011741650244693461,0.0001,1,1,1,32294,32294,2750380,2718086,2344,2357,64883,64870,13,1966,1979,4080,4106,26,0.00031456432840515884,0.026790469980769824,0.0002679046998076983,56182,55690,-492,-0.005952524983666852,25306,25055,251,0,0,0,0,0.0,0,0,0,0,0.0,0,0,0,0,0.0,0,0,0,0,0,0,0,0,0,0.0,0.0,0.0,0.0,0.0,0.0,0.0,0.0,0.0,0.0,0.0,0.0,0.0,0.0,0.0,0.0,0.0,0.0,2.0752797558494405,2.074785245073269,0.0,0.0,0.0,0.0,0.0,0.0,0,0,0,0.0,5,5,0,0,0,0,0,0,0.0008051031151297454
SPD,0,0,0,0.0,ok,,thermal1,factor-l,/home/scan_SpTRSV/data/factors/spcg/thermal1/spcg_spilu_l_thermal1_fill10_drop0.0001_sp0.mtx,82654,magnitude-drop,0.1,0.1,0.0001,-1,1,1,275038,27566,2750380,2475342,2344,2356,64883,64871,12,1966,1976,4080,4100,20,0.00024197256031166067,0.0024197256031166067,2.4197256031166068e-05,56182,55291,-891,-0.010779877561884482,25306,24719,587,0,0,0,0,0.0,0,0,0,0,0.0,0,0,0,0,0.0,0,0,0,0,0,0,0,0,0,0.0,0.0,0.0,0.0,0.0,0.0,0.0,0.0,0.0,0.0,0.0,0.0,0.0,0.0,0.0,0.0,0.0,0.0,2.0752797558494405,2.074898785425101,0.0,0.0,0.0,0.0,0.0,0.0,0,0,0,0.0,5,5,0,0,0,0,0,0,7.271722452897418e-05
SPD,0,0,0,0.0,ok,,thermal1,factor-l,/home/scan_SpTRSV/data/factors/spcg/thermal1/spcg_spilu_l_thermal1_fill10_drop0.0001_sp0.mtx,82654,magnitude-drop,0.1,0.01468633425199427,0.001,1,1,1,40393,40393,2750380,2709987,2344,2369,64883,64858,25,1966,1986,4080,4121,41,0.0004960437486389044,0.03377587219026737,0.00033775872190267367,56182,55386,-796,-0.009630507900404095,25306,24889,417,0,0,0,0,0.0,0,0,0,0,0.0,0,0,0,0,0.0,0,0,0,0,0,0,0,0,0,0.0,0.0,0.0,0.0,0.0,0.0,0.0,0.0,0.0,0.0,0.0,0.0,0.0,0.0,0.0,0.0,0.0,0.0,2.0752797558494405,2.0750251762336354,0.0,0.0,0.0,0.0,0.0,0.0,0,0,0,0.0,5,5,0,0,0,0,0,0,0.0010150273562250884
SPD,0,0,0,0.0,ok,,thermal1,factor-l,/home/scan_SpTRSV/data/factors/spcg/thermal1/spcg_spilu_l_thermal1_fill10_drop0.0001_sp0.mtx,82654,magnitude-drop,0.1,0.1,0.001,-1,1,1,275038,27566,2750380,2475342,2344,2356,64883,64871,12,1966,1976,4080,4100,20,0.00024197256031166067,0.0024197256031166067,2.4197256031166068e-05,56182,55291,-891,-0.010779877561884482,25306,24719,587,0,0,0,0,0.0,0,0,0,0,0.0,0,0,0,0,0.0,0,0,0,0,0,0,0,0,0,0.0,0.0,0.0,0.0,0.0,0.0,0.0,0.0,0.0,0.0,0.0,0.0,0.0,0.0,0.0,0.0,0.0,0.0,2.0752797558494405,2.074898785425101,0.0,0.0,0.0,0.0,0.0,0.0,0,0,0,0.0,5,5,0,0,0,0,0,0,7.271722452897418e-05
SPD,0,0,0,0.0,ok,,thermal1,factor-l,/home/scan_SpTRSV/data/factors/spcg/thermal1/spcg_spilu_l_thermal1_fill10_drop0.0001_sp0.mtx,82654,magnitude-drop,0.1,0.017602294955606133,0.01,1,1,1,48413,48413,2750380,2701967,2344,2463,64883,64764,119,1966,2040,4080,4246,166,0.0020083722505867836,0.11409718196701048,0.0011409718196701047,56182,54573,-1609,-0.0194666924770731,25306,24178,1128,0,0,0,0,0.0,0,0,0,0,0.0,0,0,0,0,0.0,0,0,0,0,0,0,0,0,0,0.0,0.0,0.0,0.0,0.0,0.0,0.0,0.0,0.0,0.0,0.0,0.0,0.0,0.0,0.0,0.0,0.0,0.0,2.0752797558494405,2.081372549019608,0.0,0.0,0.0,0.0,0.0,0.0,0,0,0,0.0,5,5,0,0,0,0,0,0,0.0034288310990849566
SPD,0,0,0,0.0,ok,,thermal1,factor-l,/home/scan_SpTRSV/data/factors/spcg/thermal1/spcg_spilu_l_thermal1_fill10_drop0.0001_sp0.mtx,82654,magnitude-drop,0.1,0.1,0.01,-1,1,1,275038,27566,2750380,2475342,2344,2356,64883,64871,12,1966,1976,4080,4100,20,0.00024197256031166067,0.0024197256031166067,2.4197256031166068e-05,56182,55291,-891,-0.010779877561884482,25306,24719,587,0,0,0,0,0.0,0,0,0,0,0.0,0,0,0,0,0.0,0,0,0,0,0,0,0,0,0,0.0,0.0,0.0,0.0,0.0,0.0,0.0,0.0,0.0,0.0,0.0,0.0,0.0,0.0,0.0,0.0,0.0,0.0,2.0752797558494405,2.074898785425101,0.0,0.0,0.0,0.0,0.0,0.0,0,0,0,0.0,5,5,0,0,0,0,0,0,7.271722452897418e-05
SPD,0,0,0,0.0,ok,,thermal1,factor-l,/home/scan_SpTRSV/data/factors/spcg/thermal1/spcg_spilu_l_thermal1_fill10_drop0.0001_sp0.mtx,82654,wavefront-oriented,0.01,0.009999709131101884,0.0001,1,1,1,27503,27503,2750380,2722877,2344,2356,64883,64871,12,1966,1978,4080,4104,24,0.0002903670723739928,0.029037551849470326,0.0002903755184947032,56182,54450,-1732,-0.02095482372298981,25306,24421,885,0,0,0,0,0.0,0,0,0,0,0.0,0,0,0,0,0.0,0,0,0,0,0,0,0,0,0,0.0,0.0,0.0,0.0,0.0,0.0,0.0,0.0,0.0,0.0,0.0,0.0,0.0,0.0,0.0,0.0,0.0,0.0,2.0752797558494405,2.0748230535894843,0.0,0.0,0.0,0.0,0.0,0.0,0,0,0,0.0,5,5,0,0,0,0,0,0,0.0008726320765007453
SPD,0,0,0,0.0,ok,,thermal1,factor-l,/home/scan_SpTRSV/data/factors/spcg/thermal1/spcg_spilu_l_thermal1_fill10_drop0.0001_sp0.mtx,82654,wavefront-oriented,0.01,0.009999709131101884,0.0001,-1,1,1,27503,7791,2750380,2722877,2344,2353,64883,64874,9,1966,1975,4080,4098,18,0.0002177753042804946,0.021778163887102745,0.00021778163887102743,56182,54605,-1577,-0.019079536380574445,25306,24547,759,0,0,0,0,0.0,0,0,0,0,0.0,0,0,0,0,0.0,0,0,0,0,0,0,0,0,0,0.0,0.0,0.0,0.0,0.0,0.0,0.0,0.0,0.0,0.0,0.0,0.0,0.0,0.0,0.0,0.0,0.0,0.0,2.0752797558494405,2.0749367088607595,0.0,0.0,0.0,0.0,0.0,0.0,0,0,0,0.0,5,5,0,0,0,0,0,0,0.000654474057375559
SPD,0,0,0,0.0,ok,,thermal1,factor-l,/home/scan_SpTRSV/data/factors/spcg/thermal1/spcg_spilu_l_thermal1_fill10_drop0.0001_sp0.mtx,82654,wavefront-oriented,0.01,0.009999709131101884,0.001,1,1,1,27503,27503,2750380,2722877,2344,2362,64883,64865,18,1966,1982,4080,4112,32,0.00038715609649865704,0.038716735799293765,0.00038716735799293765,56182,52517,-3665,-0.04434147167711182,25306,23195,2111,0,0,0,0,0.0,0,0,0,0,0.0,0,0,0,0,0.0,0,0,0,0,0,0,0,0,0,0.0,0.0,0.0,0.0,0.0,0.0,0.0,0.0,0.0,0.0,0.0,0.0,0.0,0.0,0.0,0.0,0.0,0.0,2.0752797558494405,2.0746720484359233,0.0,0.0,0.0,0.0,0.0,0.0,0,0,0,0.0,5,5,0,0,0,0,0,0,0.0011635094353343273
SPD,0,0,0,0.0,ok,,thermal1,factor-l,/home/scan_SpTRSV/data/factors/spcg/thermal1/spcg_spilu_l_thermal1_fill10_drop0.0001_sp0.mtx,82654,wavefront-oriented,0.01,0.009999709131101884,0.001,-1,1,1,27503,8705,2750380,2722877,2344,2359,64883,64868,15,1966,1978,4080,4103,23,0.00027826844435840974,0.027827653855742394,0.0002782765385574239,56182,53571,-2611,-0.0315895177486873,25306,23961,1345,0,0,0,0,0.0,0,0,0,0,0.0,0,0,0,0,0.0,0,0,0,0,0,0,0,0,0,0.0,0.0,0.0,0.0,0.0,0.0,0.0,0.0,0.0,0.0,0.0,0.0,0.0,0.0,0.0,0.0,0.0,0.0,2.0752797558494405,2.0743174924165824,0.0,0.0,0.0,0.0,0.0,0.0,0,0,0,0.0,5,5,0,0,0,0,0,0,0.0008362724066465477
SPD,0,0,0,0.0,ok,,thermal1,factor-l,/home/scan_SpTRSV/data/factors/spcg/thermal1/spcg_spilu_l_thermal1_fill10_drop0.0001_sp0.mtx,82654,wavefront-oriented,0.01,0.009999709131101884,0.01,1,1,1,27503,27503,2750380,2722877,2344,2416,64883,64811,72,1966,2014,4080,4186,106,0.0012824545696518016,0.1282491873351606,0.001282491873351606,56182,48310,-7872,-0.09524039973866963,25306,20573,4733,0,0,0,0,0.0,0,0,0,0,0.0,0,0,0,0,0.0,0,0,0,0,0,0,0,0,0,0.0,0.0,0.0,0.0,0.0,0.0,0.0,0.0,0.0,0.0,0.0,0.0,0.0,0.0,0.0,0.0,0.0,0.0,2.0752797558494405,2.0784508440913605,0.0,0.0,0.0,0.0,0.0,0.0,0,0,0,0.0,5,5,0,0,0,0,0,0,0.003854125004544959
SPD,0,0,0,0.0,ok,,thermal1,factor-l,/home/scan_SpTRSV/data/factors/spcg/thermal1/spcg_spilu_l_thermal1_fill10_drop0.0001_sp0.mtx,82654,wavefront-oriented,0.01,0.009999709131101884,0.01,-1,1,1,27503,10057,2750380,2722877,2344,2428,64883,64799,84,1966,2023,4080,4205,125,0.0015123285019478792,0.15123724921599127,0.0015123724921599128,56182,51313,-4869,-0.058908219807873786,25306,22623,2683,0,0,0,0,0.0,0,0,0,0,0.0,0,0,0,0,0.0,0,0,0,0,0,0,0,0,0,0.0,0.0,0.0,0.0,0.0,0.0,0.0,0.0,0.0,0.0,0.0,0.0,0.0,0.0,0.0,0.0,0.0,0.0,2.0752797558494405,2.078596144340089,0.0,0.0,0.0,0.0,0.0,0.0,0,0,0,0.0,5,5,0,0,0,0,0,0,0.0045449587317747155
SPD,0,0,0,0.0,ok,,thermal1,factor-l,/home/scan_SpTRSV/data/factors/spcg/thermal1/spcg_spilu_l_thermal1_fill10_drop0.0001_sp0.mtx,82654,wavefront-oriented,0.02,0.011741650244693461,0.0001,1,1,1,32294,32294,2750380,2718086,2344,2357,64883,64870,13,1966,1979,4080,4106,26,0.00031456432840515884,0.026790469980769824,0.0002679046998076983,56182,54580,-1602,-0.01938200208096402,25306,24464,842,0,0,0,0,0.0,0,0,0,0,0.0,0,0,0,0,0.0,0,0,0,0,0,0,0,0,0,0.0,0.0,0.0,0.0,0.0,0.0,0.0,0.0,0.0,0.0,0.0,0.0,0.0,0.0,0.0,0.0,0.0,0.0,2.0752797558494405,2.074785245073269,0.0,0.0,0.0,0.0,0.0,0.0,0,0,0,0.0,5,5,0,0,0,0,0,0,0.0008051031151297454
SPD,0,0,0,0.0,ok,,thermal1,factor-l,/home/scan_SpTRSV/data/factors/spcg/thermal1/spcg_spilu_l_thermal1_fill10_drop0.0001_sp0.mtx,82654,wavefront-oriented,0.02,0.019999781848326414,0.0001,-1,1,1,55007,9231,2750380,2695373,2344,2353,64883,64874,9,1966,1975,4080,4098,18,0.0002177753042804946,0.010888883985437975,0.00010888883985437975,56182,54621,-1561,-0.018885958332325113,25306,24550,756,0,0,0,0,0.0,0,0,0,0,0.0,0,0,0,0,0.0,0,0,0,0,0,0,0,0,0,0.0,0.0,0.0,0.0,0.0,0.0,0.0,0.0,0.0,0.0,0.0,0.0,0.0,0.0,0.0,0.0,0.0,0.0,2.0752797558494405,2.0749367088607595,0.0,0.0,0.0,0.0,0.0,0.0,0,0,0,0.0,5,5,0,0,0,0,0,0,0.0003272310796807679
SPD,0,0,0,0.0,ok,,thermal1,factor-l,/home/scan_SpTRSV/data/factors/spcg/thermal1/spcg_spilu_l_thermal1_fill10_drop0.0001_sp0.mtx,82654,wavefront-oriented,0.02,0.01468633425199427,0.001,1,1,1,40393,40393,2750380,2709987,2344,2369,64883,64858,25,1966,1986,4080,4121,41,0.0004960437486389044,0.03377587219026737,0.00033775872190267367,56182,52882,-3300,-0.039925472451424006,25306,23241,2065,0,0,0,0,0.0,0,0,0,0,0.0,0,0,0,0,0.0,0,0,0,0,0,0,0,0,0,0.0,0.0,0.0,0.0,0.0,0.0,0.0,0.0,0.0,0.0,0.0,0.0,0.0,0.0,0.0,0.0,0.0,0.0,2.0752797558494405,2.0750251762336354,0.0,0.0,0.0,0.0,0.0,0.0,0,0,0,0.0,5,5,0,0,0,0,0,0,0.0010150273562250884
SPD,0,0,0,0.0,ok,,thermal1,factor-l,/home/scan_SpTRSV/data/factors/spcg/thermal1/spcg_spilu_l_thermal1_fill10_drop0.0001_sp0.mtx,82654,wavefront-oriented,0.02,0.019999781848326414,0.001,-1,1,1,55007,11869,2750380,2695373,2344,2361,64883,64866,17,1966,1980,4080,4107,27,0.0003266629564207419,0.016333325978156964,0.00016333325978156962,56182,53475,-2707,-0.03275098603818327,25306,23776,1530,0,0,0,0,0.0,0,0,0,0,0.0,0,0,0,0,0.0,0,0,0,0,0,0,0,0,0,0.0,0.0,0.0,0.0,0.0,0.0,0.0,0.0,0.0,0.0,0.0,0.0,0.0,0.0,0.0,0.0,0.0,0.0,2.0752797558494405,2.074242424242424,0.0,0.0,0.0,0.0,0.0,0.0,0,0,0,0.0,5,5,0,0,0,0,0,0,0.0004908466195211519
SPD,0,0,0,0.0,ok,,thermal1,factor-l,/home/scan_SpTRSV/data/factors/spcg/thermal1/spcg_spilu_l_thermal1_fill10_drop0.0001_sp0.mtx,82654,wavefront-oriented,0.02,0.017602294955606133,0.01,1,1,1,48413,48413,2750380,2701967,2344,2463,64883,64764,119,1966,2040,4080,4246,166,0.0020083722505867836,0.11409718196701048,0.0011409718196701047,56182,48037,-8145,-0.0985433251869238,25306,20034,5272,0,0,0,0,0.0,0,0,0,0,0.0,0,0,0,0,0.0,0,0,0,0,0,0,0,0,0,0.0,0.0,0.0,0.0,0.0,0.0,0.0,0.0,0.0,0.0,0.0,0.0,0.0,0.0,0.0,0.0,0.0,0.0,2.0752797558494405,2.081372549019608,0.0,0.0,0.0,0.0,0.0,0.0,0,0,0,0.0,5,5,0,0,0,0,0,0,0.0034288310990849566
SPD,0,0,0,0.0,ok,,thermal1,factor-l,/home/scan_SpTRSV/data/factors/spcg/thermal1/spcg_spilu_l_thermal1_fill10_drop0.0001_sp0.mtx,82654,wavefront-oriented,0.02,0.019999781848326414,0.01,-1,1,1,55007,12661,2750380,2695373,2344,2434,64883,64793,90,1966,2028,4080,4216,136,0.0016454134101192926,0.08227156788997582,0.0008227156788997581,56182,51108,-5074,-0.061388438551068306,25306,22384,2922,0,0,0,0,0.0,0,0,0,0,0.0,0,0,0,0,0.0,0,0,0,0,0,0,0,0,0,0.0,0.0,0.0,0.0,0.0,0.0,0.0,0.0,0.0,0.0,0.0,0.0,0.0,0.0,0.0,0.0,0.0,0.0,2.0752797558494405,2.078895463510848,0.0,0.0,0.0,0.0,0.0,0.0,0,0,0,0.0,5,5,0,0,0,0,0,0,0.002472412602032469
SPD,0,0,0,0.0,ok,,thermal1,factor-l,/home/scan_SpTRSV/data/factors/spcg/thermal1/spcg_spilu_l_thermal1_fill10_drop0.0001_sp0.mtx,82654,wavefront-oriented,0.05,0.011741650244693461,0.0001,1,1,1,32294,32294,2750380,2718086,2344,2357,64883,64870,13,1966,1979,4080,4106,26,0.00031456432840515884,0.026790469980769824,0.0002679046998076983,56182,54580,-1602,-0.01938200208096402,25306,24464,842,0,0,0,0,0.0,0,0,0,0,0.0,0,0,0,0,0.0,0,0,0,0,0,0,0,0,0,0.0,0.0,0.0,0.0,0.0,0.0,0.0,0.0,0.0,0.0,0.0,0.0,0.0,0.0,0.0,0.0,0.0,0.0,2.0752797558494405,2.074785245073269,0.0,0.0,0.0,0.0,0.0,0.0,0,0,0,0.0,5,5,0,0,0,0,0,0,0.0008051031151297454
SPD,0,0,0,0.0,ok,,thermal1,factor-l,/home/scan_SpTRSV/data/factors/spcg/thermal1/spcg_spilu_l_thermal1_fill10_drop0.0001_sp0.mtx,82654,wavefront-oriented,0.05,0.05,0.0001,-1,1,1,137519,14951,2750380,2612861,2344,2357,64883,64870,13,1966,1979,4080,4106,26,0.00031456432840515884,0.006291286568103177,6.291286568103177e-05,56182,54421,-1761,-0.02130568393544172,25306,24413,893,0,0,0,0,0.0,0,0,0,0,0.0,0,0,0,0,0.0,0,0,0,0,0,0,0,0,0,0.0,0.0,0.0,0.0,0.0,0.0,0.0,0.0,0.0,0.0,0.0,0.0,0.0,0.0,0.0,0.0,0.0,0.0,2.0752797558494405,2.074785245073269,0.0,0.0,0.0,0.0,0.0,0.0,0,0,0,0.0,5,5,0,0,0,0,0,0,0.00018906478377533288
SPD,0,0,0,0.0,ok,,thermal1,factor-l,/home/scan_SpTRSV/data/factors/spcg/thermal1/spcg_spilu_l_thermal1_fill10_drop0.0001_sp0.mtx,82654,wavefront-oriented,0.05,0.01468633425199427,0.001,1,1,1,40393,40393,2750380,2709987,2344,2369,64883,64858,25,1966,1986,4080,4121,41,0.0004960437486389044,0.03377587219026737,0.00033775872190267367,56182,52882,-3300,-0.039925472451424006,25306,23241,2065,0,0,0,0,0.0,0,0,0,0,0.0,0,0,0,0,0.0,0,0,0,0,0,0,0,0,0,0.0,0.0,0.0,0.0,0.0,0.0,0.0,0.0,0.0,0.0,0.0,0.0,0.0,0.0,0.0,0.0,0.0,0.0,2.0752797558494405,2.0750251762336354,0.0,0.0,0.0,0.0,0.0,0.0,0,0,0,0.0,5,5,0,0,0,0,0,0,0.0010150273562250884
SPD,0,0,0,0.0,ok,,thermal1,factor-l,/home/scan_SpTRSV/data/factors/spcg/thermal1/spcg_spilu_l_thermal1_fill10_drop0.0001_sp0.mtx,82654,wavefront-oriented,0.05,0.05,0.001,-1,1,1,137519,14743,2750380,2612861,2344,2361,64883,64866,17,1966,1980,4080,4107,27,0.0003266629564207419,0.006533259128414837,6.533259128414838e-05,56182,53389,-2793,-0.033791468047523414,25306,23617,1689,0,0,0,0,0.0,0,0,0,0,0.0,0,0,0,0,0.0,0,0,0,0,0,0,0,0,0,0.0,0.0,0.0,0.0,0.0,0.0,0.0,0.0,0.0,0.0,0.0,0.0,0.0,0.0,0.0,0.0,0.0,0.0,2.0752797558494405,2.074242424242424,0.0,0.0,0.0,0.0,0.0,0.0,0,0,0,0.0,5,5,0,0,0,0,0,0,0.00019633650622823029
SPD,0,0,0,0.0,ok,,thermal1,factor-l,/home/scan_SpTRSV/data/factors/spcg/thermal1/spcg_spilu_l_thermal1_fill10_drop0.0001_sp0.mtx,82654,wavefront-oriented,0.05,0.017602294955606133,0.01,1,1,1,48413,48413,2750380,2701967,2344,2463,64883,64764,119,1966,2040,4080,4246,166,0.0020083722505867836,0.11409718196701048,0.0011409718196701047,56182,48037,-8145,-0.0985433251869238,25306,20034,5272,0,0,0,0,0.0,0,0,0,0,0.0,0,0,0,0,0.0,0,0,0,0,0,0,0,0,0,0.0,0.0,0.0,0.0,0.0,0.0,0.0,0.0,0.0,0.0,0.0,0.0,0.0,0.0,0.0,0.0,0.0,0.0,2.0752797558494405,2.081372549019608,0.0,0.0,0.0,0.0,0.0,0.0,0,0,0,0.0,5,5,0,0,0,0,0,0,0.0034288310990849566
SPD,0,0,0,0.0,ok,,thermal1,factor-l,/home/scan_SpTRSV/data/factors/spcg/thermal1/spcg_spilu_l_thermal1_fill10_drop0.0001_sp0.mtx,82654,wavefront-oriented,0.05,0.05,0.01,-1,1,1,137519,17643,2750380,2612861,2344,2444,64883,64783,100,1966,2037,4080,4235,155,0.0018752873424153702,0.0375057468483074,0.00037505746848307404,56182,50554,-5628,-0.0680910784717013,25306,21798,3508,0,0,0,0,0.0,0,0,0,0,0.0,0,0,0,0,0.0,0,0,0,0,0,0,0,0,0,0.0,0.0,0.0,0.0,0.0,0.0,0.0,0.0,0.0,0.0,0.0,0.0,0.0,0.0,0.0,0.0,0.0,0.0,2.0752797558494405,2.0790378006872854,0.0,0.0,0.0,0.0,0.0,0.0,0,0,0,0.0,5,5,0,0,0,0,0,0,0.0011271169801990997
SPD,0,0,0,0.0,ok,,thermal1,factor-l,/home/scan_SpTRSV/data/factors/spcg/thermal1/spcg_spilu_l_thermal1_fill10_drop0.0001_sp0.mtx,82654,wavefront-oriented,0.1,0.011741650244693461,0.0001,1,1,1,32294,32294,2750380,2718086,2344,2357,64883,64870,13,1966,1979,4080,4106,26,0.00031456432840515884,0.026790469980769824,0.0002679046998076983,56182,54580,-1602,-0.01938200208096402,25306,24464,842,0,0,0,0,0.0,0,0,0,0,0.0,0,0,0,0,0.0,0,0,0,0,0,0,0,0,0,0.0,0.0,0.0,0.0,0.0,0.0,0.0,0.0,0.0,0.0,0.0,0.0,0.0,0.0,0.0,0.0,0.0,0.0,2.0752797558494405,2.074785245073269,0.0,0.0,0.0,0.0,0.0,0.0,0,0,0,0.0,5,5,0,0,0,0,0,0,0.0008051031151297454
SPD,0,0,0,0.0,ok,,thermal1,factor-l,/home/scan_SpTRSV/data/factors/spcg/thermal1/spcg_spilu_l_thermal1_fill10_drop0.0001_sp0.mtx,82654,wavefront-oriented,0.1,0.1,0.0001,-1,1,1,275038,25101,2750380,2475342,2344,2359,64883,64868,15,1966,1979,4080,4106,26,0.00031456432840515884,0.0031456432840515883,3.145643284051588e-05,56182,54548,-1634,-0.019769158177462675,25306,24342,964,0,0,0,0,0.0,0,0,0,0,0.0,0,0,0,0,0.0,0,0,0,0,0,0,0,0,0,0.0,0.0,0.0,0.0,0.0,0.0,0.0,0.0,0.0,0.0,0.0,0.0,0.0,0.0,0.0,0.0,0.0,0.0,2.0752797558494405,2.074785245073269,0.0,0.0,0.0,0.0,0.0,0.0,0,0,0,0.0,5,5,0,0,0,0,0,0,9.453239188766644e-05
SPD,0,0,0,0.0,ok,,thermal1,factor-l,/home/scan_SpTRSV/data/factors/spcg/thermal1/spcg_spilu_l_thermal1_fill10_drop0.0001_sp0.mtx,82654,wavefront-oriented,0.1,0.01468633425199427,0.001,1,1,1,40393,40393,2750380,2709987,2344,2369,64883,64858,25,1966,1986,4080,4121,41,0.0004960437486389044,0.03377587219026737,0.00033775872190267367,56182,52882,-3300,-0.039925472451424006,25306,23241,2065,0,0,0,0,0.0,0,0,0,0,0.0,0,0,0,0,0.0,0,0,0,0,0,0,0,0,0,0.0,0.0,0.0,0.0,0.0,0.0,0.0,0.0,0.0,0.0,0.0,0.0,0.0,0.0,0.0,0.0,0.0,0.0,2.0752797558494405,2.0750251762336354,0.0,0.0,0.0,0.0,0.0,0.0,0,0,0,0.0,5,5,0,0,0,0,0,0,0.0010150273562250884
SPD,0,0,0,0.0,ok,,thermal1,factor-l,/home/scan_SpTRSV/data/factors/spcg/thermal1/spcg_spilu_l_thermal1_fill10_drop0.0001_sp0.mtx,82654,wavefront-oriented,0.1,0.1,0.001,-1,1,1,275038,18801,2750380,2475342,2344,2364,64883,64863,20,1966,1983,4080,4113,33,0.0003992547245142401,0.0039925472451424,3.9925472451424006e-05,56182,53165,-3017,-0.03650156072301401,25306,23492,1814,0,0,0,0,0.0,0,0,0,0,0.0,0,0,0,0,0.0,0,0,0,0,0,0,0,0,0,0.0,0.0,0.0,0.0,0.0,0.0,0.0,0.0,0.0,0.0,0.0,0.0,0.0,0.0,0.0,0.0,0.0,0.0,2.0752797558494405,2.074130105900151,0.0,0.0,0.0,0.0,0.0,0.0,0,0,0,0.0,5,5,0,0,0,0,0,0,0.00011998342047280739
SPD,0,0,0,0.0,ok,,thermal1,factor-l,/home/scan_SpTRSV/data/factors/spcg/thermal1/spcg_spilu_l_thermal1_fill10_drop0.0001_sp0.mtx,82654,wavefront-oriented,0.1,0.017602294955606133,0.01,1,1,1,48413,48413,2750380,2701967,2344,2463,64883,64764,119,1966,2040,4080,4246,166,0.0020083722505867836,0.11409718196701048,0.0011409718196701047,56182,48037,-8145,-0.0985433251869238,25306,20034,5272,0,0,0,0,0.0,0,0,0,0,0.0,0,0,0,0,0.0,0,0,0,0,0,0,0,0,0,0.0,0.0,0.0,0.0,0.0,0.0,0.0,0.0,0.0,0.0,0.0,0.0,0.0,0.0,0.0,0.0,0.0,0.0,2.0752797558494405,2.081372549019608,0.0,0.0,0.0,0.0,0.0,0.0,0,0,0,0.0,5,5,0,0,0,0,0,0,0.0034288310990849566
SPD,0,0,0,0.0,ok,,thermal1,factor-l,/home/scan_SpTRSV/data/factors/spcg/thermal1/spcg_spilu_l_thermal1_fill10_drop0.0001_sp0.mtx,82654,wavefront-oriented,0.1,0.1,0.01,-1,1,1,275038,20669,2750380,2475342,2344,2449,64883,64778,105,1966,2042,4080,4245,165,0.0019962736225712006,0.019962736225712003,0.00019962736225712004,56182,50116,-6066,-0.07339027754252668,25306,21387,3919,0,0,0,0,0.0,0,0,0,0,0.0,0,0,0,0,0.0,0,0,0,0,0,0,0,0,0,0.0,0.0,0.0,0.0,0.0,0.0,0.0,0.0,0.0,0.0,0.0,0.0,0.0,0.0,0.0,0.0,0.0,0.0,2.0752797558494405,2.0788442703232124,0.0,0.0,0.0,0.0,0.0,0.0,0,0,0,0.0,5,5,0,0,0,0,0,0,0.000599917102364037
SPD,0,0,0,0.0,ok,,thermal1,factor-l,/home/scan_SpTRSV/data/factors/spcg/thermal1/spcg_spilu_l_thermal1_fill10_drop0.0001_sp0.mtx,82654,scan-chain-aware,0.01,3.635861226448709e-07,0.0001,1,1,1,1,1,2750380,2750379,2344,2345,64883,64882,1,1966,1967,4080,4082,2,2.4197256031166065e-05,66.55164904299852,0.6655164904299852,56182,56182,0,0.0,25306,25306,0,0,0,0,0,0.0,0,0,0,0,0.0,0,0,0,0,0.0,0,0,0,0,0,0,0,0,0,0.0,0.0,0.0,0.0,0.0,0.0,0.0,0.0,0.0,0.0,0.0,0.0,0.0,0.0,0.0,0.0,0.0,0.0,2.0752797558494405,2.0752414844941534,0.0,0.0,0.0,0.0,0.0,0.0,0,0,0,0.0,5,5,0,0,0,0,0,0,2.0
SPD,0,0,0,0.0,ok,,thermal1,factor-l,/home/scan_SpTRSV/data/factors/spcg/thermal1/spcg_spilu_l_thermal1_fill10_drop0.0001_sp0.mtx,82654,scan-chain-aware,0.01,0.009999709131101884,0.0001,-1,1,1,27503,3780,2750380,2722877,2344,2345,64883,64882,1,1966,1967,4080,4082,2,2.4197256031166065e-05,0.0024197959874558603,2.4197959874558603e-05,56182,56151,-31,-0.00037505746848307404,25306,25183,123,0,0,0,0,0.0,0,0,0,0,0.0,0,0,0,0,0.0,0,0,0,0,0,0,0,0,0,0.0,0.0,0.0,0.0,0.0,0.0,0.0,0.0,0.0,0.0,0.0,0.0,0.0,0.0,0.0,0.0,0.0,0.0,2.0752797558494405,2.0752414844941534,0.0,0.0,0.0,0.0,0.0,0.0,0,0,0,0.0,5,5,0,0,0,0,0,0,7.271933970839545e-05
SPD,0,0,0,0.0,ok,,thermal1,factor-l,/home/scan_SpTRSV/data/factors/spcg/thermal1/spcg_spilu_l_thermal1_fill10_drop0.0001_sp0.mtx,82654,scan-chain-aware,0.01,1.0907583679346126e-06,0.001,1,1,1,3,3,2750380,2750377,2344,2347,64883,64880,3,1966,1966,4080,4081,1,1.2098628015583032e-05,11.091941507166421,0.11091941507166421,56182,56181,-1,-1.2098628015583032e-05,25306,25306,0,0,0,0,0,0.0,0,0,0,0,0.0,0,0,0,0,0.0,0,0,0,0,0,0,0,0,0,0.0,0.0,0.0,0.0,0.0,0.0,0.0,0.0,0.0,0.0,0.0,0.0,0.0,0.0,0.0,0.0,0.0,0.0,2.0752797558494405,2.0757884028484233,0.0,0.0,0.0,0.0,0.0,0.0,0,0,0,0.0,5,5,0,0,0,0,0,0,0.3333333333333333
SPD,0,0,0,0.0,ok,,thermal1,factor-l,/home/scan_SpTRSV/data/factors/spcg/thermal1/spcg_spilu_l_thermal1_fill10_drop0.0001_sp0.mtx,82654,scan-chain-aware,0.01,0.009999709131101884,0.001,-1,1,1,27503,2894,2750380,2722877,2344,2347,64883,64880,3,1966,1966,4080,4081,1,1.2098628015583032e-05,0.0012098979937279302,1.2098979937279302e-05,56182,56105,-77,-0.0009315943571998936,25306,25157,149,0,0,0,0,0.0,0,0,0,0,0.0,0,0,0,0,0.0,0,0,0,0,0,0,0,0,0,0.0,0.0,0.0,0.0,0.0,0.0,0.0,0.0,0.0,0.0,0.0,0.0,0.0,0.0,0.0,0.0,0.0,0.0,2.0752797558494405,2.0757884028484233,0.0,0.0,0.0,0.0,0.0,0.0,0,0,0,0.0,5,5,0,0,0,0,0,0,3.6359669854197727e-05
SPD,0,0,0,0.0,ok,,thermal1,factor-l,/home/scan_SpTRSV/data/factors/spcg/thermal1/spcg_spilu_l_thermal1_fill10_drop0.0001_sp0.mtx,82654,scan-chain-aware,0.01,1.4179858783149964e-05,0.01,1,1,1,39,39,2750380,2750341,2344,2383,64883,64844,39,1966,1985,4080,4136,56,0.0006775231688726499,47.780671107793815,0.4778067110779382,56182,56198,16,0.00019357804824932852,25306,25298,8,0,0,0,0,0.0,0,0,0,0,0.0,0,0,0,0,0.0,0,0,0,0,0,0,0,0,0,0.0,0.0,0.0,0.0,0.0,0.0,0.0,0.0,0.0,0.0,0.0,0.0,0.0,0.0,0.0,0.0,0.0,0.0,2.0752797558494405,2.083627204030227,0.0,0.0,0.0,0.0,0.0,0.0,0,0,0,0.0,5,5,0,0,0,0,0,0,1.435897435897436
SPD,0,0,0,0.0,ok,,thermal1,factor-l,/home/scan_SpTRSV/data/factors/spcg/thermal1/spcg_spilu_l_thermal1_fill10_drop0.0001_sp0.mtx,82654,scan-chain-aware,0.01,0.009999709131101884,0.01,-1,1,1,27503,872,2750380,2722877,2344,2383,64883,64844,39,1966,1985,4080,4136,56,0.0006775231688726499,0.0677542876487641,0.000677542876487641,56182,56206,24,0.0002903670723739928,25306,25236,70,0,0,0,0,0.0,0,0,0,0,0.0,0,0,0,0,0.0,0,0,0,0,0,0,0,0,0,0.0,0.0,0.0,0.0,0.0,0.0,0.0,0.0,0.0,0.0,0.0,0.0,0.0,0.0,0.0,0.0,0.0,0.0,2.0752797558494405,2.083627204030227,0.0,0.0,0.0,0.0,0.0,0.0,0,0,0,0.0,5,5,0,0,0,0,0,0,0.0020361415118350726
SPD,0,0,0,0.0,ok,,thermal1,factor-l,/home/scan_SpTRSV/data/factors/spcg/thermal1/spcg_spilu_l_thermal1_fill10_drop0.0001_sp0.mtx,82654,scan-chain-aware,0.02,3.635861226448709e-07,0.0001,1,1,1,1,1,2750380,2750379,2344,2345,64883,64882,1,1966,1967,4080,4082,2,2.4197256031166065e-05,66.55164904299852,0.6655164904299852,56182,56182,0,0.0,25306,25306,0,0,0,0,0,0.0,0,0,0,0,0.0,0,0,0,0,0.0,0,0,0,0,0,0,0,0,0,0.0,0.0,0.0,0.0,0.0,0.0,0.0,0.0,0.0,0.0,0.0,0.0,0.0,0.0,0.0,0.0,0.0,0.0,2.0752797558494405,2.0752414844941534,0.0,0.0,0.0,0.0,0.0,0.0,0,0,0,0.0,5,5,0,0,0,0,0,0,2.0
SPD,0,0,0,0.0,ok,,thermal1,factor-l,/home/scan_SpTRSV/data/factors/spcg/thermal1/spcg_spilu_l_thermal1_fill10_drop0.0001_sp0.mtx,82654,scan-chain-aware,0.02,0.019999781848326414,0.0001,-1,1,1,55007,4735,2750380,2695373,2344,2345,64883,64882,1,1966,1967,4080,4082,2,2.4197256031166065e-05,0.001209875998381997,1.2098759983819972e-05,56182,56159,-23,-0.00027826844435840974,25306,25154,152,0,0,0,0,0.0,0,0,0,0,0.0,0,0,0,0,0.0,0,0,0,0,0,0,0,0,0,0.0,0.0,0.0,0.0,0.0,0.0,0.0,0.0,0.0,0.0,0.0,0.0,0.0,0.0,0.0,0.0,0.0,0.0,2.0752797558494405,2.0752414844941534,0.0,0.0,0.0,0.0,0.0,0.0,0,0,0,0.0,5,5,0,0,0,0,0,0,3.635900885341866e-05
SPD,0,0,0,0.0,ok,,thermal1,factor-l,/home/scan_SpTRSV/data/factors/spcg/thermal1/spcg_spilu_l_thermal1_fill10_drop0.0001_sp0.mtx,82654,scan-chain-aware,0.02,1.0907583679346126e-06,0.001,1,1,1,3,3,2750380,2750377,2344,2347,64883,64880,3,1966,1966,4080,4081,1,1.2098628015583032e-05,11.091941507166421,0.11091941507166421,56182,56181,-1,-1.2098628015583032e-05,25306,25306,0,0,0,0,0,0.0,0,0,0,0,0.0,0,0,0,0,0.0,0,0,0,0,0,0,0,0,0,0.0,0.0,0.0,0.0,0.0,0.0,0.0,0.0,0.0,0.0,0.0,0.0,0.0,0.0,0.0,0.0,0.0,0.0,2.0752797558494405,2.0757884028484233,0.0,0.0,0.0,0.0,0.0,0.0,0,0,0,0.0,5,5,0,0,0,0,0,0,0.3333333333333333
SPD,0,0,0,0.0,ok,,thermal1,factor-l,/home/scan_SpTRSV/data/factors/spcg/thermal1/spcg_spilu_l_thermal1_fill10_drop0.0001_sp0.mtx,82654,scan-chain-aware,0.02,0.019999781848326414,0.001,-1,1,1,55007,5097,2750380,2695373,2344,2347,64883,64880,3,1966,1966,4080,4081,1,1.2098628015583032e-05,0.0006049379991909985,6.049379991909986e-06,56182,56140,-42,-0.0005081423766544874,25306,25093,213,0,0,0,0,0.0,0,0,0,0,0.0,0,0,0,0,0.0,0,0,0,0,0,0,0,0,0,0.0,0.0,0.0,0.0,0.0,0.0,0.0,0.0,0.0,0.0,0.0,0.0,0.0,0.0,0.0,0.0,0.0,0.0,2.0752797558494405,2.0757884028484233,0.0,0.0,0.0,0.0,0.0,0.0,0,0,0,0.0,5,5,0,0,0,0,0,0,1.817950442670933e-05
SPD,0,0,0,0.0,ok,,thermal1,factor-l,/home/scan_SpTRSV/data/factors/spcg/thermal1/spcg_spilu_l_thermal1_fill10_drop0.0001_sp0.mtx,82654,scan-chain-aware,0.02,1.4179858783149964e-05,0.01,1,1,1,39,39,2750380,2750341,2344,2383,64883,64844,39,1966,1985,4080,4136,56,0.0006775231688726499,47.780671107793815,0.4778067110779382,56182,56198,16,0.00019357804824932852,25306,25298,8,0,0,0,0,0.0,0,0,0,0,0.0,0,0,0,0,0.0,0,0,0,0,0,0,0,0,0,0.0,0.0,0.0,0.0,0.0,0.0,0.0,0.0,0.0,0.0,0.0,0.0,0.0,0.0,0.0,0.0,0.0,0.0,2.0752797558494405,2.083627204030227,0.0,0.0,0.0,0.0,0.0,0.0,0,0,0,0.0,5,5,0,0,0,0,0,0,1.435897435897436
SPD,0,0,0,0.0,ok,,thermal1,factor-l,/home/scan_SpTRSV/data/factors/spcg/thermal1/spcg_spilu_l_thermal1_fill10_drop0.0001_sp0.mtx,82654,scan-chain-aware,0.02,0.019999781848326414,0.01,-1,1,1,55007,4896,2750380,2695373,2344,2384,64883,64843,40,1966,1985,4080,4137,57,0.0006896217968882329,0.034481465953886924,0.0003448146595388692,56182,56048,-134,-0.0016212161540881263,25306,24982,324,0,0,0,0,0.0,0,0,0,0,0.0,0,0,0,0,0.0,0,0,0,0,0,0,0,0,0,0.0,0.0,0.0,0.0,0.0,0.0,0.0,0.0,0.0,0.0,0.0,0.0,0.0,0.0,0.0,0.0,0.0,0.0,2.0752797558494405,2.0841309823677583,0.0,0.0,0.0,0.0,0.0,0.0,0,0,0,0.0,5,5,0,0,0,0,0,0,0.0010362317523224317
SPD,0,0,0,0.0,ok,,thermal1,factor-l,/home/scan_SpTRSV/data/factors/spcg/thermal1/spcg_spilu_l_thermal1_fill10_drop0.0001_sp0.mtx,82654,scan-chain-aware,0.05,3.635861226448709e-07,0.0001,1,1,1,1,1,2750380,2750379,2344,2345,64883,64882,1,1966,1967,4080,4082,2,2.4197256031166065e-05,66.55164904299852,0.6655164904299852,56182,56182,0,0.0,25306,25306,0,0,0,0,0,0.0,0,0,0,0,0.0,0,0,0,0,0.0,0,0,0,0,0,0,0,0,0,0.0,0.0,0.0,0.0,0.0,0.0,0.0,0.0,0.0,0.0,0.0,0.0,0.0,0.0,0.0,0.0,0.0,0.0,2.0752797558494405,2.0752414844941534,0.0,0.0,0.0,0.0,0.0,0.0,0,0,0,0.0,5,5,0,0,0,0,0,0,2.0
SPD,0,0,0,0.0,ok,,thermal1,factor-l,/home/scan_SpTRSV/data/factors/spcg/thermal1/spcg_spilu_l_thermal1_fill10_drop0.0001_sp0.mtx,82654,scan-chain-aware,0.05,0.05,0.0001,-1,1,1,137519,8477,2750380,2612861,2344,2345,64883,64882,1,1966,1967,4080,4082,2,2.4197256031166065e-05,0.0004839451206233213,4.839451206233213e-06,56182,56196,14,0.00016938079221816247,25306,25043,263,0,0,0,0,0.0,0,0,0,0,0.0,0,0,0,0,0.0,0,0,0,0,0,0,0,0,0,0.0,0.0,0.0,0.0,0.0,0.0,0.0,0.0,0.0,0.0,0.0,0.0,0.0,0.0,0.0,0.0,0.0,0.0,2.0752797558494405,2.0752414844941534,0.0,0.0,0.0,0.0,0.0,0.0,0,0,0,0.0,5,5,0,0,0,0,0,0,1.4543444905794836e-05
SPD,0,0,0,0.0,ok,,thermal1,factor-l,/home/scan_SpTRSV/data/factors/spcg/thermal1/spcg_spilu_l_thermal1_fill10_drop0.0001_sp0.mtx,82654,scan-chain-aware,0.05,1.0907583679346126e-06,0.001,1,1,1,3,3,2750380,2750377,2344,2347,64883,64880,3,1966,1966,4080,4081,1,1.2098628015583032e-05,11.091941507166421,0.11091941507166421,56182,56181,-1,-1.2098628015583032e-05,25306,25306,0,0,0,0,0,0.0,0,0,0,0,0.0,0,0,0,0,0.0,0,0,0,0,0,0,0,0,0,0.0,0.0,0.0,0.0,0.0,0.0,0.0,0.0,0.0,0.0,0.0,0.0,0.0,0.0,0.0,0.0,0.0,0.0,2.0752797558494405,2.0757884028484233,0.0,0.0,0.0,0.0,0.0,0.0,0,0,0,0.0,5,5,0,0,0,0,0,0,0.3333333333333333
SPD,0,0,0,0.0,ok,,thermal1,factor-l,/home/scan_SpTRSV/data/factors/spcg/thermal1/spcg_spilu_l_thermal1_fill10_drop0.0001_sp0.mtx,82654,scan-chain-aware,0.05,0.05,0.001,-1,1,1,137519,6459,2750380,2612861,2344,2347,64883,64880,3,1966,1966,4080,4081,1,1.2098628015583032e-05,0.00024197256031166064,2.4197256031166065e-06,56182,56157,-25,-0.00030246570038957584,25306,25042,264,0,0,0,0,0.0,0,0,0,0,0.0,0,0,0,0,0.0,0,0,0,0,0,0,0,0,0,0.0,0.0,0.0,0.0,0.0,0.0,0.0,0.0,0.0,0.0,0.0,0.0,0.0,0.0,0.0,0.0,0.0,0.0,2.0752797558494405,2.0757884028484233,0.0,0.0,0.0,0.0,0.0,0.0,0,0,0,0.0,5,5,0,0,0,0,0,0,7.271722452897418e-06
SPD,0,0,0,0.0,ok,,thermal1,factor-l,/home/scan_SpTRSV/data/factors/spcg/thermal1/spcg_spilu_l_thermal1_fill10_drop0.0001_sp0.mtx,82654,scan-chain-aware,0.05,1.4179858783149964e-05,0.01,1,1,1,39,39,2750380,2750341,2344,2383,64883,64844,39,1966,1985,4080,4136,56,0.0006775231688726499,47.780671107793815,0.4778067110779382,56182,56198,16,0.00019357804824932852,25306,25298,8,0,0,0,0,0.0,0,0,0,0,0.0,0,0,0,0,0.0,0,0,0,0,0,0,0,0,0,0.0,0.0,0.0,0.0,0.0,0.0,0.0,0.0,0.0,0.0,0.0,0.0,0.0,0.0,0.0,0.0,0.0,0.0,2.0752797558494405,2.083627204030227,0.0,0.0,0.0,0.0,0.0,0.0,0,0,0,0.0,5,5,0,0,0,0,0,0,1.435897435897436
SPD,0,0,0,0.0,ok,,thermal1,factor-l,/home/scan_SpTRSV/data/factors/spcg/thermal1/spcg_spilu_l_thermal1_fill10_drop0.0001_sp0.mtx,82654,scan-chain-aware,0.05,0.05,0.01,-1,1,1,137519,7315,2750380,2612861,2344,2384,64883,64843,40,1966,1985,4080,4137,57,0.0006896217968882329,0.013792435937764656,0.00013792435937764658,56182,56112,-70,-0.0008469039610908123,25306,24869,437,0,0,0,0,0.0,0,0,0,0,0.0,0,0,0,0,0.0,0,0,0,0,0,0,0,0,0,0.0,0.0,0.0,0.0,0.0,0.0,0.0,0.0,0.0,0.0,0.0,0.0,0.0,0.0,0.0,0.0,0.0,0.0,2.0752797558494405,2.0841309823677583,0.0,0.0,0.0,0.0,0.0,0.0,0,0,0,0.0,5,5,0,0,0,0,0,0,0.0004144881798151528
SPD,0,0,0,0.0,ok,,thermal1,factor-l,/home/scan_SpTRSV/data/factors/spcg/thermal1/spcg_spilu_l_thermal1_fill10_drop0.0001_sp0.mtx,82654,scan-chain-aware,0.1,3.635861226448709e-07,0.0001,1,1,1,1,1,2750380,2750379,2344,2345,64883,64882,1,1966,1967,4080,4082,2,2.4197256031166065e-05,66.55164904299852,0.6655164904299852,56182,56182,0,0.0,25306,25306,0,0,0,0,0,0.0,0,0,0,0,0.0,0,0,0,0,0.0,0,0,0,0,0,0,0,0,0,0.0,0.0,0.0,0.0,0.0,0.0,0.0,0.0,0.0,0.0,0.0,0.0,0.0,0.0,0.0,0.0,0.0,0.0,2.0752797558494405,2.0752414844941534,0.0,0.0,0.0,0.0,0.0,0.0,0,0,0,0.0,5,5,0,0,0,0,0,0,2.0
SPD,0,0,0,0.0,ok,,thermal1,factor-l,/home/scan_SpTRSV/data/factors/spcg/thermal1/spcg_spilu_l_thermal1_fill10_drop0.0001_sp0.mtx,82654,scan-chain-aware,0.1,0.1,0.0001,-1,1,1,275038,17084,2750380,2475342,2344,2347,64883,64880,3,1966,1967,4080,4082,2,2.4197256031166065e-05,0.00024197256031166064,2.4197256031166065e-06,56182,55209,-973,-0.01177196505916229,25306,24657,649,0,0,0,0,0.0,0,0,0,0,0.0,0,0,0,0,0.0,0,0,0,0,0,0,0,0,0,0.0,0.0,0.0,0.0,0.0,0.0,0.0,0.0,0.0,0.0,0.0,0.0,0.0,0.0,0.0,0.0,0.0,0.0,2.0752797558494405,2.0752414844941534,0.0,0.0,0.0,0.0,0.0,0.0,0,0,0,0.0,5,5,0,0,0,0,0,0,7.271722452897418e-06
SPD,0,0,0,0.0,ok,,thermal1,factor-l,/home/scan_SpTRSV/data/factors/spcg/thermal1/spcg_spilu_l_thermal1_fill10_drop0.0001_sp0.mtx,82654,scan-chain-aware,0.1,1.0907583679346126e-06,0.001,1,1,1,3,3,2750380,2750377,2344,2347,64883,64880,3,1966,1966,4080,4081,1,1.2098628015583032e-05,11.091941507166421,0.11091941507166421,56182,56181,-1,-1.2098628015583032e-05,25306,25306,0,0,0,0,0,0.0,0,0,0,0,0.0,0,0,0,0,0.0,0,0,0,0,0,0,0,0,0,0.0,0.0,0.0,0.0,0.0,0.0,0.0,0.0,0.0,0.0,0.0,0.0,0.0,0.0,0.0,0.0,0.0,0.0,2.0752797558494405,2.0757884028484233,0.0,0.0,0.0,0.0,0.0,0.0,0,0,0,0.0,5,5,0,0,0,0,0,0,0.3333333333333333
SPD,0,0,0,0.0,ok,,thermal1,factor-l,/home/scan_SpTRSV/data/factors/spcg/thermal1/spcg_spilu_l_thermal1_fill10_drop0.0001_sp0.mtx,82654,scan-chain-aware,0.1,0.1,0.001,-1,1,1,275038,9005,2750380,2475342,2344,2347,64883,64880,3,1966,1966,4080,4081,1,1.2098628015583032e-05,0.00012098628015583032,1.2098628015583032e-06,56182,56197,15,0.0001814794202337455,25306,24935,371,0,0,0,0,0.0,0,0,0,0,0.0,0,0,0,0,0.0,0,0,0,0,0,0,0,0,0,0.0,0.0,0.0,0.0,0.0,0.0,0.0,0.0,0.0,0.0,0.0,0.0,0.0,0.0,0.0,0.0,0.0,0.0,2.0752797558494405,2.0757884028484233,0.0,0.0,0.0,0.0,0.0,0.0,0,0,0,0.0,5,5,0,0,0,0,0,0,3.635861226448709e-06
SPD,0,0,0,0.0,ok,,thermal1,factor-l,/home/scan_SpTRSV/data/factors/spcg/thermal1/spcg_spilu_l_thermal1_fill10_drop0.0001_sp0.mtx,82654,scan-chain-aware,0.1,1.4179858783149964e-05,0.01,1,1,1,39,39,2750380,2750341,2344,2383,64883,64844,39,1966,1985,4080,4136,56,0.0006775231688726499,47.780671107793815,0.4778067110779382,56182,56198,16,0.00019357804824932852,25306,25298,8,0,0,0,0,0.0,0,0,0,0,0.0,0,0,0,0,0.0,0,0,0,0,0,0,0,0,0,0.0,0.0,0.0,0.0,0.0,0.0,0.0,0.0,0.0,0.0,0.0,0.0,0.0,0.0,0.0,0.0,0.0,0.0,2.0752797558494405,2.083627204030227,0.0,0.0,0.0,0.0,0.0,0.0,0,0,0,0.0,5,5,0,0,0,0,0,0,1.435897435897436
SPD,0,0,0,0.0,ok,,thermal1,factor-l,/home/scan_SpTRSV/data/factors/spcg/thermal1/spcg_spilu_l_thermal1_fill10_drop0.0001_sp0.mtx,82654,scan-chain-aware,0.1,0.1,0.01,-1,1,1,275038,8501,2750380,2475342,2344,2384,64883,64843,40,1966,1985,4080,4137,57,0.0006896217968882329,0.006896217968882328,6.896217968882329e-05,56182,56144,-38,-0.00045974786459215524,25306,24773,533,0,0,0,0,0.0,0,0,0,0,0.0,0,0,0,0,0.0,0,0,0,0,0,0,0,0,0,0.0,0.0,0.0,0.0,0.0,0.0,0.0,0.0,0.0,0.0,0.0,0.0,0.0,0.0,0.0,0.0,0.0,0.0,2.0752797558494405,2.0841309823677583,0.0,0.0,0.0,0.0,0.0,0.0,0,0,0,0.0,5,5,0,0,0,0,0,0,0.0002072440899075764
SPD,0,0,0,0.0,ok,,thermal1,factor-l,/home/scan_SpTRSV/data/factors/spcg/thermal1/spcg_spilu_l_thermal1_fill10_drop0.0001_sp0.mtx,82654,long-chain-aware-drop,0.01,0.0,0.0001,1,1,1,0,0,2750380,2750380,2344,2344,64883,64883,0,1966,1966,4080,4080,0,0.0,0.0,0.0,56182,56182,0,0.0,25306,25306,0,0,0,0,0,0.0,0,0,0,0,0.0,0,0,0,0,0.0,0,0,0,0,0,0,0,0,0,0.0,0.0,0.0,0.0,0.0,0.0,0.0,0.0,0.0,0.0,0.0,0.0,0.0,0.0,0.0,0.0,0.0,0.0,2.0752797558494405,2.0752797558494405,0.0,0.0,0.0,0.0,0.0,0.0,0,0,0,0.0,5,5,0,0,0,0,0,0,0.0
SPD,0,0,0,0.0,ok,,thermal1,factor-l,/home/scan_SpTRSV/data/factors/spcg/thermal1/spcg_spilu_l_thermal1_fill10_drop0.0001_sp0.mtx,82654,long-chain-aware-drop,0.01,0.0,0.0001,-1,1,1,0,0,2750380,2750380,2344,2344,64883,64883,0,1966,1966,4080,4080,0,0.0,0.0,0.0,56182,56182,0,0.0,25306,25306,0,0,0,0,0,0.0,0,0,0,0,0.0,0,0,0,0,0.0,0,0,0,0,0,0,0,0,0,0.0,0.0,0.0,0.0,0.0,0.0,0.0,0.0,0.0,0.0,0.0,0.0,0.0,0.0,0.0,0.0,0.0,0.0,2.0752797558494405,2.0752797558494405,0.0,0.0,0.0,0.0,0.0,0.0,0,0,0,0.0,5,5,0,0,0,0,0,0,0.0
SPD,0,0,0,0.0,ok,,thermal1,factor-l,/home/scan_SpTRSV/data/factors/spcg/thermal1/spcg_spilu_l_thermal1_fill10_drop0.0001_sp0.mtx,82654,long-chain-aware-drop,0.01,0.0,0.001,1,1,1,0,0,2750380,2750380,2344,2344,64883,64883,0,1966,1966,4080,4080,0,0.0,0.0,0.0,56182,56182,0,0.0,25306,25306,0,0,0,0,0,0.0,0,0,0,0,0.0,0,0,0,0,0.0,0,0,0,0,0,0,0,0,0,0.0,0.0,0.0,0.0,0.0,0.0,0.0,0.0,0.0,0.0,0.0,0.0,0.0,0.0,0.0,0.0,0.0,0.0,2.0752797558494405,2.0752797558494405,0.0,0.0,0.0,0.0,0.0,0.0,0,0,0,0.0,5,5,0,0,0,0,0,0,0.0
SPD,0,0,0,0.0,ok,,thermal1,factor-l,/home/scan_SpTRSV/data/factors/spcg/thermal1/spcg_spilu_l_thermal1_fill10_drop0.0001_sp0.mtx,82654,long-chain-aware-drop,0.01,0.0,0.001,-1,1,1,0,0,2750380,2750380,2344,2344,64883,64883,0,1966,1966,4080,4080,0,0.0,0.0,0.0,56182,56182,0,0.0,25306,25306,0,0,0,0,0,0.0,0,0,0,0,0.0,0,0,0,0,0.0,0,0,0,0,0,0,0,0,0,0.0,0.0,0.0,0.0,0.0,0.0,0.0,0.0,0.0,0.0,0.0,0.0,0.0,0.0,0.0,0.0,0.0,0.0,2.0752797558494405,2.0752797558494405,0.0,0.0,0.0,0.0,0.0,0.0,0,0,0,0.0,5,5,0,0,0,0,0,0,0.0
SPD,0,0,0,0.0,ok,,thermal1,factor-l,/home/scan_SpTRSV/data/factors/spcg/thermal1/spcg_spilu_l_thermal1_fill10_drop0.0001_sp0.mtx,82654,long-chain-aware-drop,0.01,0.0,0.01,1,1,1,0,0,2750380,2750380,2344,2344,64883,64883,0,1966,1966,4080,4080,0,0.0,0.0,0.0,56182,56182,0,0.0,25306,25306,0,0,0,0,0,0.0,0,0,0,0,0.0,0,0,0,0,0.0,0,0,0,0,0,0,0,0,0,0.0,0.0,0.0,0.0,0.0,0.0,0.0,0.0,0.0,0.0,0.0,0.0,0.0,0.0,0.0,0.0,0.0,0.0,2.0752797558494405,2.0752797558494405,0.0,0.0,0.0,0.0,0.0,0.0,0,0,0,0.0,5,5,0,0,0,0,0,0,0.0
SPD,0,0,0,0.0,ok,,thermal1,factor-l,/home/scan_SpTRSV/data/factors/spcg/thermal1/spcg_spilu_l_thermal1_fill10_drop0.0001_sp0.mtx,82654,long-chain-aware-drop,0.01,0.0,0.01,-1,1,1,0,0,2750380,2750380,2344,2344,64883,64883,0,1966,1966,4080,4080,0,0.0,0.0,0.0,56182,56182,0,0.0,25306,25306,0,0,0,0,0,0.0,0,0,0,0,0.0,0,0,0,0,0.0,0,0,0,0,0,0,0,0,0,0.0,0.0,0.0,0.0,0.0,0.0,0.0,0.0,0.0,0.0,0.0,0.0,0.0,0.0,0.0,0.0,0.0,0.0,2.0752797558494405,2.0752797558494405,0.0,0.0,0.0,0.0,0.0,0.0,0,0,0,0.0,5,5,0,0,0,0,0,0,0.0
SPD,0,0,0,0.0,ok,,thermal1,factor-l,/home/scan_SpTRSV/data/factors/spcg/thermal1/spcg_spilu_l_thermal1_fill10_drop0.0001_sp0.mtx,82654,long-chain-aware-drop,0.02,0.0,0.0001,1,1,1,0,0,2750380,2750380,2344,2344,64883,64883,0,1966,1966,4080,4080,0,0.0,0.0,0.0,56182,56182,0,0.0,25306,25306,0,0,0,0,0,0.0,0,0,0,0,0.0,0,0,0,0,0.0,0,0,0,0,0,0,0,0,0,0.0,0.0,0.0,0.0,0.0,0.0,0.0,0.0,0.0,0.0,0.0,0.0,0.0,0.0,0.0,0.0,0.0,0.0,2.0752797558494405,2.0752797558494405,0.0,0.0,0.0,0.0,0.0,0.0,0,0,0,0.0,5,5,0,0,0,0,0,0,0.0
SPD,0,0,0,0.0,ok,,thermal1,factor-l,/home/scan_SpTRSV/data/factors/spcg/thermal1/spcg_spilu_l_thermal1_fill10_drop0.0001_sp0.mtx,82654,long-chain-aware-drop,0.02,0.0,0.0001,-1,1,1,0,0,2750380,2750380,2344,2344,64883,64883,0,1966,1966,4080,4080,0,0.0,0.0,0.0,56182,56182,0,0.0,25306,25306,0,0,0,0,0,0.0,0,0,0,0,0.0,0,0,0,0,0.0,0,0,0,0,0,0,0,0,0,0.0,0.0,0.0,0.0,0.0,0.0,0.0,0.0,0.0,0.0,0.0,0.0,0.0,0.0,0.0,0.0,0.0,0.0,2.0752797558494405,2.0752797558494405,0.0,0.0,0.0,0.0,0.0,0.0,0,0,0,0.0,5,5,0,0,0,0,0,0,0.0
SPD,0,0,0,0.0,ok,,thermal1,factor-l,/home/scan_SpTRSV/data/factors/spcg/thermal1/spcg_spilu_l_thermal1_fill10_drop0.0001_sp0.mtx,82654,long-chain-aware-drop,0.02,0.0,0.001,1,1,1,0,0,2750380,2750380,2344,2344,64883,64883,0,1966,1966,4080,4080,0,0.0,0.0,0.0,56182,56182,0,0.0,25306,25306,0,0,0,0,0,0.0,0,0,0,0,0.0,0,0,0,0,0.0,0,0,0,0,0,0,0,0,0,0.0,0.0,0.0,0.0,0.0,0.0,0.0,0.0,0.0,0.0,0.0,0.0,0.0,0.0,0.0,0.0,0.0,0.0,2.0752797558494405,2.0752797558494405,0.0,0.0,0.0,0.0,0.0,0.0,0,0,0,0.0,5,5,0,0,0,0,0,0,0.0
SPD,0,0,0,0.0,ok,,thermal1,factor-l,/home/scan_SpTRSV/data/factors/spcg/thermal1/spcg_spilu_l_thermal1_fill10_drop0.0001_sp0.mtx,82654,long-chain-aware-drop,0.02,0.0,0.001,-1,1,1,0,0,2750380,2750380,2344,2344,64883,64883,0,1966,1966,4080,4080,0,0.0,0.0,0.0,56182,56182,0,0.0,25306,25306,0,0,0,0,0,0.0,0,0,0,0,0.0,0,0,0,0,0.0,0,0,0,0,0,0,0,0,0,0.0,0.0,0.0,0.0,0.0,0.0,0.0,0.0,0.0,0.0,0.0,0.0,0.0,0.0,0.0,0.0,0.0,0.0,2.0752797558494405,2.0752797558494405,0.0,0.0,0.0,0.0,0.0,0.0,0,0,0,0.0,5,5,0,0,0,0,0,0,0.0
SPD,0,0,0,0.0,ok,,thermal1,factor-l,/home/scan_SpTRSV/data/factors/spcg/thermal1/spcg_spilu_l_thermal1_fill10_drop0.0001_sp0.mtx,82654,long-chain-aware-drop,0.02,0.0,0.01,1,1,1,0,0,2750380,2750380,2344,2344,64883,64883,0,1966,1966,4080,4080,0,0.0,0.0,0.0,56182,56182,0,0.0,25306,25306,0,0,0,0,0,0.0,0,0,0,0,0.0,0,0,0,0,0.0,0,0,0,0,0,0,0,0,0,0.0,0.0,0.0,0.0,0.0,0.0,0.0,0.0,0.0,0.0,0.0,0.0,0.0,0.0,0.0,0.0,0.0,0.0,2.0752797558494405,2.0752797558494405,0.0,0.0,0.0,0.0,0.0,0.0,0,0,0,0.0,5,5,0,0,0,0,0,0,0.0
SPD,0,0,0,0.0,ok,,thermal1,factor-l,/home/scan_SpTRSV/data/factors/spcg/thermal1/spcg_spilu_l_thermal1_fill10_drop0.0001_sp0.mtx,82654,long-chain-aware-drop,0.02,0.0,0.01,-1,1,1,0,0,2750380,2750380,2344,2344,64883,64883,0,1966,1966,4080,4080,0,0.0,0.0,0.0,56182,56182,0,0.0,25306,25306,0,0,0,0,0,0.0,0,0,0,0,0.0,0,0,0,0,0.0,0,0,0,0,0,0,0,0,0,0.0,0.0,0.0,0.0,0.0,0.0,0.0,0.0,0.0,0.0,0.0,0.0,0.0,0.0,0.0,0.0,0.0,0.0,2.0752797558494405,2.0752797558494405,0.0,0.0,0.0,0.0,0.0,0.0,0,0,0,0.0,5,5,0,0,0,0,0,0,0.0
SPD,0,0,0,0.0,ok,,thermal1,factor-l,/home/scan_SpTRSV/data/factors/spcg/thermal1/spcg_spilu_l_thermal1_fill10_drop0.0001_sp0.mtx,82654,long-chain-aware-drop,0.05,0.0,0.0001,1,1,1,0,0,2750380,2750380,2344,2344,64883,64883,0,1966,1966,4080,4080,0,0.0,0.0,0.0,56182,56182,0,0.0,25306,25306,0,0,0,0,0,0.0,0,0,0,0,0.0,0,0,0,0,0.0,0,0,0,0,0,0,0,0,0,0.0,0.0,0.0,0.0,0.0,0.0,0.0,0.0,0.0,0.0,0.0,0.0,0.0,0.0,0.0,0.0,0.0,0.0,2.0752797558494405,2.0752797558494405,0.0,0.0,0.0,0.0,0.0,0.0,0,0,0,0.0,5,5,0,0,0,0,0,0,0.0
SPD,0,0,0,0.0,ok,,thermal1,factor-l,/home/scan_SpTRSV/data/factors/spcg/thermal1/spcg_spilu_l_thermal1_fill10_drop0.0001_sp0.mtx,82654,long-chain-aware-drop,0.05,0.0,0.0001,-1,1,1,0,0,2750380,2750380,2344,2344,64883,64883,0,1966,1966,4080,4080,0,0.0,0.0,0.0,56182,56182,0,0.0,25306,25306,0,0,0,0,0,0.0,0,0,0,0,0.0,0,0,0,0,0.0,0,0,0,0,0,0,0,0,0,0.0,0.0,0.0,0.0,0.0,0.0,0.0,0.0,0.0,0.0,0.0,0.0,0.0,0.0,0.0,0.0,0.0,0.0,2.0752797558494405,2.0752797558494405,0.0,0.0,0.0,0.0,0.0,0.0,0,0,0,0.0,5,5,0,0,0,0,0,0,0.0
SPD,0,0,0,0.0,ok,,thermal1,factor-l,/home/scan_SpTRSV/data/factors/spcg/thermal1/spcg_spilu_l_thermal1_fill10_drop0.0001_sp0.mtx,82654,long-chain-aware-drop,0.05,0.0,0.001,1,1,1,0,0,2750380,2750380,2344,2344,64883,64883,0,1966,1966,4080,4080,0,0.0,0.0,0.0,56182,56182,0,0.0,25306,25306,0,0,0,0,0,0.0,0,0,0,0,0.0,0,0,0,0,0.0,0,0,0,0,0,0,0,0,0,0.0,0.0,0.0,0.0,0.0,0.0,0.0,0.0,0.0,0.0,0.0,0.0,0.0,0.0,0.0,0.0,0.0,0.0,2.0752797558494405,2.0752797558494405,0.0,0.0,0.0,0.0,0.0,0.0,0,0,0,0.0,5,5,0,0,0,0,0,0,0.0
SPD,0,0,0,0.0,ok,,thermal1,factor-l,/home/scan_SpTRSV/data/factors/spcg/thermal1/spcg_spilu_l_thermal1_fill10_drop0.0001_sp0.mtx,82654,long-chain-aware-drop,0.05,0.0,0.001,-1,1,1,0,0,2750380,2750380,2344,2344,64883,64883,0,1966,1966,4080,4080,0,0.0,0.0,0.0,56182,56182,0,0.0,25306,25306,0,0,0,0,0,0.0,0,0,0,0,0.0,0,0,0,0,0.0,0,0,0,0,0,0,0,0,0,0.0,0.0,0.0,0.0,0.0,0.0,0.0,0.0,0.0,0.0,0.0,0.0,0.0,0.0,0.0,0.0,0.0,0.0,2.0752797558494405,2.0752797558494405,0.0,0.0,0.0,0.0,0.0,0.0,0,0,0,0.0,5,5,0,0,0,0,0,0,0.0
SPD,0,0,0,0.0,ok,,thermal1,factor-l,/home/scan_SpTRSV/data/factors/spcg/thermal1/spcg_spilu_l_thermal1_fill10_drop0.0001_sp0.mtx,82654,long-chain-aware-drop,0.05,0.0,0.01,1,1,1,0,0,2750380,2750380,2344,2344,64883,64883,0,1966,1966,4080,4080,0,0.0,0.0,0.0,56182,56182,0,0.0,25306,25306,0,0,0,0,0,0.0,0,0,0,0,0.0,0,0,0,0,0.0,0,0,0,0,0,0,0,0,0,0.0,0.0,0.0,0.0,0.0,0.0,0.0,0.0,0.0,0.0,0.0,0.0,0.0,0.0,0.0,0.0,0.0,0.0,2.0752797558494405,2.0752797558494405,0.0,0.0,0.0,0.0,0.0,0.0,0,0,0,0.0,5,5,0,0,0,0,0,0,0.0
SPD,0,0,0,0.0,ok,,thermal1,factor-l,/home/scan_SpTRSV/data/factors/spcg/thermal1/spcg_spilu_l_thermal1_fill10_drop0.0001_sp0.mtx,82654,long-chain-aware-drop,0.05,0.0,0.01,-1,1,1,0,0,2750380,2750380,2344,2344,64883,64883,0,1966,1966,4080,4080,0,0.0,0.0,0.0,56182,56182,0,0.0,25306,25306,0,0,0,0,0,0.0,0,0,0,0,0.0,0,0,0,0,0.0,0,0,0,0,0,0,0,0,0,0.0,0.0,0.0,0.0,0.0,0.0,0.0,0.0,0.0,0.0,0.0,0.0,0.0,0.0,0.0,0.0,0.0,0.0,2.0752797558494405,2.0752797558494405,0.0,0.0,0.0,0.0,0.0,0.0,0,0,0,0.0,5,5,0,0,0,0,0,0,0.0
SPD,0,0,0,0.0,ok,,thermal1,factor-l,/home/scan_SpTRSV/data/factors/spcg/thermal1/spcg_spilu_l_thermal1_fill10_drop0.0001_sp0.mtx,82654,long-chain-aware-drop,0.1,0.0,0.0001,1,1,1,0,0,2750380,2750380,2344,2344,64883,64883,0,1966,1966,4080,4080,0,0.0,0.0,0.0,56182,56182,0,0.0,25306,25306,0,0,0,0,0,0.0,0,0,0,0,0.0,0,0,0,0,0.0,0,0,0,0,0,0,0,0,0,0.0,0.0,0.0,0.0,0.0,0.0,0.0,0.0,0.0,0.0,0.0,0.0,0.0,0.0,0.0,0.0,0.0,0.0,2.0752797558494405,2.0752797558494405,0.0,0.0,0.0,0.0,0.0,0.0,0,0,0,0.0,5,5,0,0,0,0,0,0,0.0
SPD,0,0,0,0.0,ok,,thermal1,factor-l,/home/scan_SpTRSV/data/factors/spcg/thermal1/spcg_spilu_l_thermal1_fill10_drop0.0001_sp0.mtx,82654,long-chain-aware-drop,0.1,0.0,0.0001,-1,1,1,0,0,2750380,2750380,2344,2344,64883,64883,0,1966,1966,4080,4080,0,0.0,0.0,0.0,56182,56182,0,0.0,25306,25306,0,0,0,0,0,0.0,0,0,0,0,0.0,0,0,0,0,0.0,0,0,0,0,0,0,0,0,0,0.0,0.0,0.0,0.0,0.0,0.0,0.0,0.0,0.0,0.0,0.0,0.0,0.0,0.0,0.0,0.0,0.0,0.0,2.0752797558494405,2.0752797558494405,0.0,0.0,0.0,0.0,0.0,0.0,0,0,0,0.0,5,5,0,0,0,0,0,0,0.0
SPD,0,0,0,0.0,ok,,thermal1,factor-l,/home/scan_SpTRSV/data/factors/spcg/thermal1/spcg_spilu_l_thermal1_fill10_drop0.0001_sp0.mtx,82654,long-chain-aware-drop,0.1,0.0,0.001,1,1,1,0,0,2750380,2750380,2344,2344,64883,64883,0,1966,1966,4080,4080,0,0.0,0.0,0.0,56182,56182,0,0.0,25306,25306,0,0,0,0,0,0.0,0,0,0,0,0.0,0,0,0,0,0.0,0,0,0,0,0,0,0,0,0,0.0,0.0,0.0,0.0,0.0,0.0,0.0,0.0,0.0,0.0,0.0,0.0,0.0,0.0,0.0,0.0,0.0,0.0,2.0752797558494405,2.0752797558494405,0.0,0.0,0.0,0.0,0.0,0.0,0,0,0,0.0,5,5,0,0,0,0,0,0,0.0
SPD,0,0,0,0.0,ok,,thermal1,factor-l,/home/scan_SpTRSV/data/factors/spcg/thermal1/spcg_spilu_l_thermal1_fill10_drop0.0001_sp0.mtx,82654,long-chain-aware-drop,0.1,0.0,0.001,-1,1,1,0,0,2750380,2750380,2344,2344,64883,64883,0,1966,1966,4080,4080,0,0.0,0.0,0.0,56182,56182,0,0.0,25306,25306,0,0,0,0,0,0.0,0,0,0,0,0.0,0,0,0,0,0.0,0,0,0,0,0,0,0,0,0,0.0,0.0,0.0,0.0,0.0,0.0,0.0,0.0,0.0,0.0,0.0,0.0,0.0,0.0,0.0,0.0,0.0,0.0,2.0752797558494405,2.0752797558494405,0.0,0.0,0.0,0.0,0.0,0.0,0,0,0,0.0,5,5,0,0,0,0,0,0,0.0
SPD,0,0,0,0.0,ok,,thermal1,factor-l,/home/scan_SpTRSV/data/factors/spcg/thermal1/spcg_spilu_l_thermal1_fill10_drop0.0001_sp0.mtx,82654,long-chain-aware-drop,0.1,0.0,0.01,1,1,1,0,0,2750380,2750380,2344,2344,64883,64883,0,1966,1966,4080,4080,0,0.0,0.0,0.0,56182,56182,0,0.0,25306,25306,0,0,0,0,0,0.0,0,0,0,0,0.0,0,0,0,0,0.0,0,0,0,0,0,0,0,0,0,0.0,0.0,0.0,0.0,0.0,0.0,0.0,0.0,0.0,0.0,0.0,0.0,0.0,0.0,0.0,0.0,0.0,0.0,2.0752797558494405,2.0752797558494405,0.0,0.0,0.0,0.0,0.0,0.0,0,0,0,0.0,5,5,0,0,0,0,0,0,0.0
SPD,0,0,0,0.0,ok,,thermal1,factor-l,/home/scan_SpTRSV/data/factors/spcg/thermal1/spcg_spilu_l_thermal1_fill10_drop0.0001_sp0.mtx,82654,long-chain-aware-drop,0.1,0.0,0.01,-1,1,1,0,0,2750380,2750380,2344,2344,64883,64883,0,1966,1966,4080,4080,0,0.0,0.0,0.0,56182,56182,0,0.0,25306,25306,0,0,0,0,0,0.0,0,0,0,0,0.0,0,0,0,0,0.0,0,0,0,0,0,0,0,0,0,0.0,0.0,0.0,0.0,0.0,0.0,0.0,0.0,0.0,0.0,0.0,0.0,0.0,0.0,0.0,0.0,0.0,0.0,2.0752797558494405,2.0752797558494405,0.0,0.0,0.0,0.0,0.0,0.0,0,0,0,0.0,5,5,0,0,0,0,0,0,0.0
SPD,2,2,1,0.0,ok,,apache1,factor-l,/home/scan_SpTRSV/data/factors/spcg/apache1/spcg_spilu_l_apache1_fill10_drop0.0001_sp0.mtx,80800,no-drop,0.0,0.0,,0,1,1,0,0,2634940,2634940,830,830,77374,77374,0,427,427,1042,1042,0,0.0,0.0,0.0,19508,19508,0,0.0,11009,11009,0,122,122,122,0,0.0,122,122,122,0,0.0,101,101,101,0,0.0,2,2,0,2,2,0,1,1,0,0.00150990099009901,0.00150990099009901,0.00150990099009901,0.0,0.0,0.0,0.00150990099009901,0.00150990099009901,0.00150990099009901,0.0,0.0,0.0,0.00125,0.00125,0.00125,0.0,0.0,0.0,2.440281030444965,2.440281030444965,61.0,61.0,61.0,61.0,101.0,101.0,770,770,0,0.0,101,101,2,2,2,2,1,1,0.0
SPD,2,2,1,0.0,ok,,apache1,factor-l,/home/scan_SpTRSV/data/factors/spcg/apache1/spcg_spilu_l_apache1_fill10_drop0.0001_sp0.mtx,80800,magnitude-drop,0.01,3.7951528308044965e-06,0.0001,1,1,1,10,10,2634940,2634930,830,830,77374,77374,0,427,427,1042,1042,0,0.0,0.0,0.0,19508,19508,0,0.0,11009,11009,0,122,122,122,0,0.0,122,122,122,0,0.0,101,101,101,0,0.0,2,2,0,2,2,0,1,1,0,0.00150990099009901,0.00150990099009901,0.00150990099009901,0.0,0.0,0.0,0.00150990099009901,0.00150990099009901,0.00150990099009901,0.0,0.0,0.0,0.00125,0.00125,0.00125,0.0,0.0,0.0,2.440281030444965,2.440281030444965,61.0,61.0,61.0,61.0,101.0,101.0,770,770,0,0.0,101,101,2,2,2,2,1,1,0.0
SPD,2,2,1,0.0,ok,,apache1,factor-l,/home/scan_SpTRSV/data/factors/spcg/apache1/spcg_spilu_l_apache1_fill10_drop0.0001_sp0.mtx,80800,magnitude-drop,0.01,1.138545849241349e-05,0.0001,-1,1,1,30,10,2634940,2634910,830,830,77374,77374,0,427,427,1042,1042,0,0.0,0.0,0.0,19508,19414,-94,-0.0011633663366336633,11009,10962,47,122,122,122,0,0.0,122,122,122,0,0.0,101,101,101,0,0.0,2,2,0,2,2,0,1,1,0,0.00150990099009901,0.00150990099009901,0.00150990099009901,0.0,0.0,0.0,0.00150990099009901,0.00150990099009901,0.00150990099009901,0.0,0.0,0.0,0.00125,0.00125,0.00125,0.0,0.0,0.0,2.440281030444965,2.440281030444965,61.0,61.0,61.0,61.0,101.0,101.0,770,770,0,0.0,101,101,2,2,2,2,1,1,0.0
SPD,2,2,1,0.0,ok,,apache1,factor-l,/home/scan_SpTRSV/data/factors/spcg/apache1/spcg_spilu_l_apache1_fill10_drop0.0001_sp0.mtx,80800,magnitude-drop,0.01,0.009999848193886768,0.001,1,1,1,26349,26349,2634940,2608591,830,832,77374,77372,2,427,428,1042,1045,3,3.712871287128713e-05,0.0037129276516402634,3.712927651640263e-05,19508,19177,-331,-0.004096534653465347,11009,11225,-216,122,122,122,0,0.0,122,122,122,0,0.0,101,101,101,0,0.0,2,2,0,2,2,0,1,1,0,0.00150990099009901,0.00150990099009901,0.00150990099009901,0.0,0.0,0.0,0.00150990099009901,0.00150990099009901,0.00150990099009901,0.0,0.0,0.0,0.00125,0.00125,0.00125,0.0,0.0,0.0,2.440281030444965,2.441588785046729,61.0,61.0,61.0,61.0,101.0,101.0,770,770,0,0.0,101,101,2,2,2,2,1,1,0.00011385631333257428
SPD,2,2,1,0.0,ok,,apache1,factor-l,/home/scan_SpTRSV/data/factors/spcg/apache1/spcg_spilu_l_apache1_fill10_drop0.0001_sp0.mtx,80800,magnitude-drop,0.01,0.009999848193886768,0.001,-1,1,1,26349,14093,2634940,2608591,830,830,77374,77374,0,427,427,1042,1042,0,0.0,0.0,0.0,19508,18150,-1358,-0.016806930693069308,11009,11003,6,122,122,122,0,0.0,122,122,122,0,0.0,101,101,101,0,0.0,2,2,0,2,2,0,1,1,0,0.00150990099009901,0.00150990099009901,0.00150990099009901,0.0,0.0,0.0,0.00150990099009901,0.00150990099009901,0.00150990099009901,0.0,0.0,0.0,0.00125,0.00125,0.00125,0.0,0.0,0.0,2.440281030444965,2.440281030444965,61.0,61.0,61.0,61.0,101.0,101.0,770,770,0,0.0,101,101,2,2,2,2,1,1,0.0
SPD,2,2,1,0.0,ok,,apache1,factor-l,/home/scan_SpTRSV/data/factors/spcg/apache1/spcg_spilu_l_apache1_fill10_drop0.0001_sp0.mtx,80800,magnitude-drop,0.01,0.009999848193886768,0.01,1,1,1,26349,26349,2634940,2608591,830,832,77374,77372,2,427,428,1042,1045,3,3.712871287128713e-05,0.0037129276516402634,3.712927651640263e-05,19508,19177,-331,-0.004096534653465347,11009,11225,-216,122,122,122,0,0.0,122,122,122,0,0.0,101,101,101,0,0.0,2,2,0,2,2,0,1,1,0,0.00150990099009901,0.00150990099009901,0.00150990099009901,0.0,0.0,0.0,0.00150990099009901,0.00150990099009901,0.00150990099009901,0.0,0.0,0.0,0.00125,0.00125,0.00125,0.0,0.0,0.0,2.440281030444965,2.441588785046729,61.0,61.0,61.0,61.0,101.0,101.0,770,770,0,0.0,101,101,2,2,2,2,1,1,0.00011385631333257428
SPD,2,2,1,0.0,ok,,apache1,factor-l,/home/scan_SpTRSV/data/factors/spcg/apache1/spcg_spilu_l_apache1_fill10_drop0.0001_sp0.mtx,80800,magnitude-drop,0.01,0.009999848193886768,0.01,-1,1,1,26349,14093,2634940,2608591,830,830,77374,77374,0,427,427,1042,1042,0,0.0,0.0,0.0,19508,18150,-1358,-0.016806930693069308,11009,11003,6,122,122,122,0,0.0,122,122,122,0,0.0,101,101,101,0,0.0,2,2,0,2,2,0,1,1,0,0.00150990099009901,0.00150990099009901,0.00150990099009901,0.0,0.0,0.0,0.00150990099009901,0.00150990099009901,0.00150990099009901,0.0,0.0,0.0,0.00125,0.00125,0.00125,0.0,0.0,0.0,2.440281030444965,2.440281030444965,61.0,61.0,61.0,61.0,101.0,101.0,770,770,0,0.0,101,101,2,2,2,2,1,1,0.0
SPD,2,2,1,0.0,ok,,apache1,factor-l,/home/scan_SpTRSV/data/factors/spcg/apache1/spcg_spilu_l_apache1_fill10_drop0.0001_sp0.mtx,80800,magnitude-drop,0.02,3.7951528308044965e-06,0.0001,1,1,1,10,10,2634940,2634930,830,830,77374,77374,0,427,427,1042,1042,0,0.0,0.0,0.0,19508,19508,0,0.0,11009,11009,0,122,122,122,0,0.0,122,122,122,0,0.0,101,101,101,0,0.0,2,2,0,2,2,0,1,1,0,0.00150990099009901,0.00150990099009901,0.00150990099009901,0.0,0.0,0.0,0.00150990099009901,0.00150990099009901,0.00150990099009901,0.0,0.0,0.0,0.00125,0.00125,0.00125,0.0,0.0,0.0,2.440281030444965,2.440281030444965,61.0,61.0,61.0,61.0,101.0,101.0,770,770,0,0.0,101,101,2,2,2,2,1,1,0.0
SPD,2,2,1,0.0,ok,,apache1,factor-l,/home/scan_SpTRSV/data/factors/spcg/apache1/spcg_spilu_l_apache1_fill10_drop0.0001_sp0.mtx,80800,magnitude-drop,0.02,1.138545849241349e-05,0.0001,-1,1,1,30,10,2634940,2634910,830,830,77374,77374,0,427,427,1042,1042,0,0.0,0.0,0.0,19508,19414,-94,-0.0011633663366336633,11009,10962,47,122,122,122,0,0.0,122,122,122,0,0.0,101,101,101,0,0.0,2,2,0,2,2,0,1,1,0,0.00150990099009901,0.00150990099009901,0.00150990099009901,0.0,0.0,0.0,0.00150990099009901,0.00150990099009901,0.00150990099009901,0.0,0.0,0.0,0.00125,0.00125,0.00125,0.0,0.0,0.0,2.440281030444965,2.440281030444965,61.0,61.0,61.0,61.0,101.0,101.0,770,770,0,0.0,101,101,2,2,2,2,1,1,0.0
SPD,2,2,1,0.0,ok,,apache1,factor-l,/home/scan_SpTRSV/data/factors/spcg/apache1/spcg_spilu_l_apache1_fill10_drop0.0001_sp0.mtx,80800,magnitude-drop,0.02,0.019999696387773536,0.001,1,1,1,52698,52698,2634940,2582242,830,849,77374,77355,19,427,442,1042,1076,34,0.0004207920792079208,0.021039923359294825,0.00021039923359294826,19508,18611,-897,-0.011101485148514851,11009,10944,65,122,122,122,0,0.0,122,122,122,0,0.0,101,101,101,0,0.0,2,2,0,2,2,0,1,1,0,0.00150990099009901,0.00150990099009901,0.00150990099009901,0.0,0.0,0.0,0.00150990099009901,0.00150990099009901,0.00150990099009901,0.0,0.0,0.0,0.00125,0.00125,0.00125,0.0,0.0,0.0,2.440281030444965,2.434389140271493,61.0,61.0,61.0,61.0,101.0,101.0,770,770,0,0.0,101,101,2,2,2,2,1,1,0.0006451857755512543
SPD,2,2,1,0.0,ok,,apache1,factor-l,/home/scan_SpTRSV/data/factors/spcg/apache1/spcg_spilu_l_apache1_fill10_drop0.0001_sp0.mtx,80800,magnitude-drop,0.02,0.019999696387773536,0.001,-1,1,1,52698,16557,2634940,2582242,830,830,77374,77374,0,427,427,1042,1042,0,0.0,0.0,0.0,19508,17528,-1980,-0.024504950495049506,11009,9166,1843,122,122,122,0,0.0,122,122,122,0,0.0,101,101,101,0,0.0,2,2,0,2,2,0,1,1,0,0.00150990099009901,0.00150990099009901,0.00150990099009901,0.0,0.0,0.0,0.00150990099009901,0.00150990099009901,0.00150990099009901,0.0,0.0,0.0,0.00125,0.00125,0.00125,0.0,0.0,0.0,2.440281030444965,2.440281030444965,61.0,61.0,61.0,61.0,101.0,101.0,770,770,0,0.0,101,101,2,2,2,2,1,1,0.0
SPD,2,2,1,0.0,ok,,apache1,factor-l,/home/scan_SpTRSV/data/factors/spcg/apache1/spcg_spilu_l_apache1_fill10_drop0.0001_sp0.mtx,80800,magnitude-drop,0.02,0.019999696387773536,0.01,1,1,1,52698,52698,2634940,2582242,830,849,77374,77355,19,427,442,1042,1076,34,0.0004207920792079208,0.021039923359294825,0.00021039923359294826,19508,18611,-897,-0.011101485148514851,11009,10944,65,122,122,122,0,0.0,122,122,122,0,0.0,101,101,101,0,0.0,2,2,0,2,2,0,1,1,0,0.00150990099009901,0.00150990099009901,0.00150990099009901,0.0,0.0,0.0,0.00150990099009901,0.00150990099009901,0.00150990099009901,0.0,0.0,0.0,0.00125,0.00125,0.00125,0.0,0.0,0.0,2.440281030444965,2.434389140271493,61.0,61.0,61.0,61.0,101.0,101.0,770,770,0,0.0,101,101,2,2,2,2,1,1,0.0006451857755512543
SPD,2,2,1,0.0,ok,,apache1,factor-l,/home/scan_SpTRSV/data/factors/spcg/apache1/spcg_spilu_l_apache1_fill10_drop0.0001_sp0.mtx,80800,magnitude-drop,0.02,0.019999696387773536,0.01,-1,1,1,52698,16557,2634940,2582242,830,830,77374,77374,0,427,427,1042,1042,0,0.0,0.0,0.0,19508,17528,-1980,-0.024504950495049506,11009,9166,1843,122,122,122,0,0.0,122,122,122,0,0.0,101,101,101,0,0.0,2,2,0,2,2,0,1,1,0,0.00150990099009901,0.00150990099009901,0.00150990099009901,0.0,0.0,0.0,0.00150990099009901,0.00150990099009901,0.00150990099009901,0.0,0.0,0.0,0.00125,0.00125,0.00125,0.0,0.0,0.0,2.440281030444965,2.440281030444965,61.0,61.0,61.0,61.0,101.0,101.0,770,770,0,0.0,101,101,2,2,2,2,1,1,0.0
SPD,2,2,1,0.0,ok,,apache1,factor-l,/home/scan_SpTRSV/data/factors/spcg/apache1/spcg_spilu_l_apache1_fill10_drop0.0001_sp0.mtx,80800,magnitude-drop,0.05,3.7951528308044965e-06,0.0001,1,1,1,10,10,2634940,2634930,830,830,77374,77374,0,427,427,1042,1042,0,0.0,0.0,0.0,19508,19508,0,0.0,11009,11009,0,122,122,122,0,0.0,122,122,122,0,0.0,101,101,101,0,0.0,2,2,0,2,2,0,1,1,0,0.00150990099009901,0.00150990099009901,0.00150990099009901,0.0,0.0,0.0,0.00150990099009901,0.00150990099009901,0.00150990099009901,0.0,0.0,0.0,0.00125,0.00125,0.00125,0.0,0.0,0.0,2.440281030444965,2.440281030444965,61.0,61.0,61.0,61.0,101.0,101.0,770,770,0,0.0,101,101,2,2,2,2,1,1,0.0
SPD,2,2,1,0.0,ok,,apache1,factor-l,/home/scan_SpTRSV/data/factors/spcg/apache1/spcg_spilu_l_apache1_fill10_drop0.0001_sp0.mtx,80800,magnitude-drop,0.05,1.138545849241349e-05,0.0001,-1,1,1,30,10,2634940,2634910,830,830,77374,77374,0,427,427,1042,1042,0,0.0,0.0,0.0,19508,19414,-94,-0.0011633663366336633,11009,10962,47,122,122,122,0,0.0,122,122,122,0,0.0,101,101,101,0,0.0,2,2,0,2,2,0,1,1,0,0.00150990099009901,0.00150990099009901,0.00150990099009901,0.0,0.0,0.0,0.00150990099009901,0.00150990099009901,0.00150990099009901,0.0,0.0,0.0,0.00125,0.00125,0.00125,0.0,0.0,0.0,2.440281030444965,2.440281030444965,61.0,61.0,61.0,61.0,101.0,101.0,770,770,0,0.0,101,101,2,2,2,2,1,1,0.0
SPD,2,2,1,0.0,ok,,apache1,factor-l,/home/scan_SpTRSV/data/factors/spcg/apache1/spcg_spilu_l_apache1_fill10_drop0.0001_sp0.mtx,80800,magnitude-drop,0.05,0.02555693867792056,0.001,1,1,1,67341,67341,2634940,2567599,830,865,77374,77339,35,427,457,1042,1107,65,0.0008044554455445544,0.03147698774421479,0.00031476987744214786,19508,18351,-1157,-0.01431930693069307,11009,11893,-884,122,122,122,0,0.0,122,122,122,0,0.0,101,101,101,0,0.0,2,2,0,2,2,0,1,1,0,0.00150990099009901,0.00150990099009901,0.00150990099009901,0.0,0.0,0.0,0.00150990099009901,0.00150990099009901,0.00150990099009901,0.0,0.0,0.0,0.00125,0.00125,0.00125,0.0,0.0,0.0,2.440281030444965,2.422319474835886,61.0,61.0,61.0,61.0,101.0,101.0,770,770,0,0.0,101,101,2,2,2,2,1,1,0.0009652366314726541
SPD,2,2,1,0.0,ok,,apache1,factor-l,/home/scan_SpTRSV/data/factors/spcg/apache1/spcg_spilu_l_apache1_fill10_drop0.0001_sp0.mtx,80800,magnitude-drop,0.05,0.05,0.001,-1,1,1,131747,28770,2634940,2503193,830,832,77374,77372,2,427,428,1042,1045,3,3.712871287128713e-05,0.0007425742574257425,7.4257425742574256e-06,19508,17863,-1645,-0.02035891089108911,11009,10545,464,122,122,122,0,0.0,122,122,122,0,0.0,101,101,101,0,0.0,2,2,0,2,2,0,1,1,0,0.00150990099009901,0.00150990099009901,0.00150990099009901,0.0,0.0,0.0,0.00150990099009901,0.00150990099009901,0.00150990099009901,0.0,0.0,0.0,0.00125,0.00125,0.00125,0.0,0.0,0.0,2.440281030444965,2.441588785046729,61.0,61.0,61.0,61.0,101.0,101.0,770,770,0,0.0,101,101,2,2,2,2,1,1,2.277091698482698e-05
SPD,2,2,1,0.0,ok,,apache1,factor-l,/home/scan_SpTRSV/data/factors/spcg/apache1/spcg_spilu_l_apache1_fill10_drop0.0001_sp0.mtx,80800,magnitude-drop,0.05,0.02866289175465096,0.01,1,1,1,75525,75525,2634940,2559415,830,1378,77374,76826,548,427,699,1042,1753,711,0.008799504950495049,0.3069999016783505,0.0030699990167835055,19508,18135,-1373,-0.016992574257425744,11009,11944,-935,122,122,122,0,0.0,122,122,122,0,0.0,101,101,101,0,0.0,2,2,0,2,2,0,1,1,0,0.00150990099009901,0.00150990099009901,0.00150990099009901,0.0,0.0,0.0,0.00150990099009901,0.00150990099009901,0.00150990099009901,0.0,0.0,0.0,0.00125,0.00125,0.00125,0.0,0.0,0.0,2.440281030444965,2.507868383404864,61.0,61.0,61.0,61.0,101.0,101.0,770,770,0,0.0,101,101,2,2,2,2,1,1,0.009414101290963256
SPD,2,2,1,0.0,ok,,apache1,factor-l,/home/scan_SpTRSV/data/factors/spcg/apache1/spcg_spilu_l_apache1_fill10_drop0.0001_sp0.mtx,80800,magnitude-drop,0.05,0.05,0.01,-1,1,1,131747,28770,2634940,2503193,830,832,77374,77372,2,427,428,1042,1045,3,3.712871287128713e-05,0.0007425742574257425,7.4257425742574256e-06,19508,17863,-1645,-0.02035891089108911,11009,10545,464,122,122,122,0,0.0,122,122,122,0,0.0,101,101,101,0,0.0,2,2,0,2,2,0,1,1,0,0.00150990099009901,0.00150990099009901,0.00150990099009901,0.0,0.0,0.0,0.00150990099009901,0.00150990099009901,0.00150990099009901,0.0,0.0,0.0,0.00125,0.00125,0.00125,0.0,0.0,0.0,2.440281030444965,2.441588785046729,61.0,61.0,61.0,61.0,101.0,101.0,770,770,0,0.0,101,101,2,2,2,2,1,1,2.277091698482698e-05
SPD,2,2,1,0.0,ok,,apache1,factor-l,/home/scan_SpTRSV/data/factors/spcg/apache1/spcg_spilu_l_apache1_fill10_drop0.0001_sp0.mtx,80800,magnitude-drop,0.1,3.7951528308044965e-06,0.0001,1,1,1,10,10,2634940,2634930,830,830,77374,77374,0,427,427,1042,1042,0,0.0,0.0,0.0,19508,19508,0,0.0,11009,11009,0,122,122,122,0,0.0,122,122,122,0,0.0,101,101,101,0,0.0,2,2,0,2,2,0,1,1,0,0.00150990099009901,0.00150990099009901,0.00150990099009901,0.0,0.0,0.0,0.00150990099009901,0.00150990099009901,0.00150990099009901,0.0,0.0,0.0,0.00125,0.00125,0.00125,0.0,0.0,0.0,2.440281030444965,2.440281030444965,61.0,61.0,61.0,61.0,101.0,101.0,770,770,0,0.0,101,101,2,2,2,2,1,1,0.0
SPD,2,2,1,0.0,ok,,apache1,factor-l,/home/scan_SpTRSV/data/factors/spcg/apache1/spcg_spilu_l_apache1_fill10_drop0.0001_sp0.mtx,80800,magnitude-drop,0.1,1.138545849241349e-05,0.0001,-1,1,1,30,10,2634940,2634910,830,830,77374,77374,0,427,427,1042,1042,0,0.0,0.0,0.0,19508,19414,-94,-0.0011633663366336633,11009,10962,47,122,122,122,0,0.0,122,122,122,0,0.0,101,101,101,0,0.0,2,2,0,2,2,0,1,1,0,0.00150990099009901,0.00150990099009901,0.00150990099009901,0.0,0.0,0.0,0.00150990099009901,0.00150990099009901,0.00150990099009901,0.0,0.0,0.0,0.00125,0.00125,0.00125,0.0,0.0,0.0,2.440281030444965,2.440281030444965,61.0,61.0,61.0,61.0,101.0,101.0,770,770,0,0.0,101,101,2,2,2,2,1,1,0.0
SPD,2,2,1,0.0,ok,,apache1,factor-l,/home/scan_SpTRSV/data/factors/spcg/apache1/spcg_spilu_l_apache1_fill10_drop0.0001_sp0.mtx,80800,magnitude-drop,0.1,0.02555693867792056,0.001,1,1,1,67341,67341,2634940,2567599,830,865,77374,77339,35,427,457,1042,1107,65,0.0008044554455445544,0.03147698774421479,0.00031476987744214786,19508,18351,-1157,-0.01431930693069307,11009,11893,-884,122,122,122,0,0.0,122,122,122,0,0.0,101,101,101,0,0.0,2,2,0,2,2,0,1,1,0,0.00150990099009901,0.00150990099009901,0.00150990099009901,0.0,0.0,0.0,0.00150990099009901,0.00150990099009901,0.00150990099009901,0.0,0.0,0.0,0.00125,0.00125,0.00125,0.0,0.0,0.0,2.440281030444965,2.422319474835886,61.0,61.0,61.0,61.0,101.0,101.0,770,770,0,0.0,101,101,2,2,2,2,1,1,0.0009652366314726541
SPD,2,2,1,0.0,ok,,apache1,factor-l,/home/scan_SpTRSV/data/factors/spcg/apache1/spcg_spilu_l_apache1_fill10_drop0.0001_sp0.mtx,80800,magnitude-drop,0.1,0.1,0.001,-1,1,1,263494,45616,2634940,2371446,830,844,77374,77360,14,427,437,1042,1066,24,0.000297029702970297,0.00297029702970297,2.9702970297029702e-05,19508,17232,-2276,-0.02816831683168317,11009,10343,666,122,122,122,0,0.0,122,122,122,0,0.0,101,101,101,0,0.0,2,2,0,2,2,0,1,1,0,0.00150990099009901,0.00150990099009901,0.00150990099009901,0.0,0.0,0.0,0.00150990099009901,0.00150990099009901,0.00150990099009901,0.0,0.0,0.0,0.00125,0.00125,0.00125,0.0,0.0,0.0,2.440281030444965,2.4393592677345537,61.0,61.0,61.0,61.0,101.0,101.0,770,770,0,0.0,101,101,2,2,2,2,1,1,9.108366793930792e-05
SPD,2,2,1,0.0,ok,,apache1,factor-l,/home/scan_SpTRSV/data/factors/spcg/apache1/spcg_spilu_l_apache1_fill10_drop0.0001_sp0.mtx,80800,magnitude-drop,0.1,0.02866289175465096,0.01,1,1,1,75525,75525,2634940,2559415,830,1378,77374,76826,548,427,699,1042,1753,711,0.008799504950495049,0.3069999016783505,0.0030699990167835055,19508,18135,-1373,-0.016992574257425744,11009,11944,-935,122,122,122,0,0.0,122,122,122,0,0.0,101,101,101,0,0.0,2,2,0,2,2,0,1,1,0,0.00150990099009901,0.00150990099009901,0.00150990099009901,0.0,0.0,0.0,0.00150990099009901,0.00150990099009901,0.00150990099009901,0.0,0.0,0.0,0.00125,0.00125,0.00125,0.0,0.0,0.0,2.440281030444965,2.507868383404864,61.0,61.0,61.0,61.0,101.0,101.0,770,770,0,0.0,101,101,2,2,2,2,1,1,0.009414101290963256
SPD,2,2,1,0.0,ok,,apache1,factor-l,/home/scan_SpTRSV/data/factors/spcg/apache1/spcg_spilu_l_apache1_fill10_drop0.0001_sp0.mtx,80800,magnitude-drop,0.1,0.1,0.01,-1,1,1,263494,45616,2634940,2371446,830,844,77374,77360,14,427,437,1042,1066,24,0.000297029702970297,0.00297029702970297,2.9702970297029702e-05,19508,17232,-2276,-0.02816831683168317,11009,10343,666,122,122,122,0,0.0,122,122,122,0,0.0,101,101,101,0,0.0,2,2,0,2,2,0,1,1,0,0.00150990099009901,0.00150990099009901,0.00150990099009901,0.0,0.0,0.0,0.00150990099009901,0.00150990099009901,0.00150990099009901,0.0,0.0,0.0,0.00125,0.00125,0.00125,0.0,0.0,0.0,2.440281030444965,2.4393592677345537,61.0,61.0,61.0,61.0,101.0,101.0,770,770,0,0.0,101,101,2,2,2,2,1,1,9.108366793930792e-05
SPD,2,2,1,0.0,ok,,apache1,factor-l,/home/scan_SpTRSV/data/factors/spcg/apache1/spcg_spilu_l_apache1_fill10_drop0.0001_sp0.mtx,80800,wavefront-oriented,0.01,3.7951528308044965e-06,0.0001,1,1,1,10,10,2634940,2634930,830,830,77374,77374,0,427,427,1042,1042,0,0.0,0.0,0.0,19508,19508,0,0.0,11009,11009,0,122,122,122,0,0.0,122,122,122,0,0.0,101,101,101,0,0.0,2,2,0,2,2,0,1,1,0,0.00150990099009901,0.00150990099009901,0.00150990099009901,0.0,0.0,0.0,0.00150990099009901,0.00150990099009901,0.00150990099009901,0.0,0.0,0.0,0.00125,0.00125,0.00125,0.0,0.0,0.0,2.440281030444965,2.440281030444965,61.0,61.0,61.0,61.0,101.0,101.0,770,770,0,0.0,101,101,2,2,2,2,1,1,0.0
SPD,2,2,1,0.0,ok,,apache1,factor-l,/home/scan_SpTRSV/data/factors/spcg/apache1/spcg_spilu_l_apache1_fill10_drop0.0001_sp0.mtx,80800,wavefront-oriented,0.01,1.138545849241349e-05,0.0001,-1,1,1,30,10,2634940,2634910,830,830,77374,77374,0,427,427,1042,1042,0,0.0,0.0,0.0,19508,19414,-94,-0.0011633663366336633,11009,10962,47,122,122,122,0,0.0,122,122,122,0,0.0,101,101,101,0,0.0,2,2,0,2,2,0,1,1,0,0.00150990099009901,0.00150990099009901,0.00150990099009901,0.0,0.0,0.0,0.00150990099009901,0.00150990099009901,0.00150990099009901,0.0,0.0,0.0,0.00125,0.00125,0.00125,0.0,0.0,0.0,2.440281030444965,2.440281030444965,61.0,61.0,61.0,61.0,101.0,101.0,770,770,0,0.0,101,101,2,2,2,2,1,1,0.0
SPD,2,2,1,0.0,ok,,apache1,factor-l,/home/scan_SpTRSV/data/factors/spcg/apache1/spcg_spilu_l_apache1_fill10_drop0.0001_sp0.mtx,80800,wavefront-oriented,0.01,0.009999848193886768,0.001,1,1,1,26349,26349,2634940,2608591,830,861,77374,77343,31,427,454,1042,1100,58,0.0007178217821782178,0.07178326793171176,0.0007178326793171176,19508,23651,4143,0.05127475247524752,11009,10352,657,122,122,122,0,0.0,122,122,122,0,0.0,101,101,101,0,0.0,2,2,0,2,2,0,1,1,0,0.00150990099009901,0.00150990099009901,0.00150990099009901,0.0,0.0,0.0,0.00150990099009901,0.00150990099009901,0.00150990099009901,0.0,0.0,0.0,0.00125,0.00125,0.00125,0.0,0.0,0.0,2.440281030444965,2.4229074889867843,61.0,61.0,61.0,61.0,101.0,101.0,770,770,0,0.0,101,101,2,2,2,2,1,1,0.002201222057763103
SPD,2,2,1,0.0,ok,,apache1,factor-l,/home/scan_SpTRSV/data/factors/spcg/apache1/spcg_spilu_l_apache1_fill10_drop0.0001_sp0.mtx,80800,wavefront-oriented,0.01,0.009999848193886768,0.001,-1,1,1,26349,13898,2634940,2608591,830,862,77374,77342,32,427,455,1042,1102,60,0.0007425742574257426,0.07425855303280528,0.0007425855303280528,19508,23305,3797,0.04699257425742574,11009,10252,757,122,122,122,0,0.0,122,122,122,0,0.0,101,101,101,0,0.0,2,2,0,2,2,0,1,1,0,0.00150990099009901,0.00150990099009901,0.00150990099009901,0.0,0.0,0.0,0.00150990099009901,0.00150990099009901,0.00150990099009901,0.0,0.0,0.0,0.00125,0.00125,0.00125,0.0,0.0,0.0,2.440281030444965,2.421978021978022,61.0,61.0,61.0,61.0,101.0,101.0,770,770,0,0.0,101,101,2,2,2,2,1,1,0.002277126266651486
SPD,2,2,1,0.0,ok,,apache1,factor-l,/home/scan_SpTRSV/data/factors/spcg/apache1/spcg_spilu_l_apache1_fill10_drop0.0001_sp0.mtx,80800,wavefront-oriented,0.01,0.009999848193886768,0.01,1,1,1,26349,26349,2634940,2608591,830,1356,77374,76848,526,427,696,1042,1732,690,0.00853960396039604,0.8539733598772606,0.008539733598772607,19508,23187,3679,0.04553217821782178,11009,9713,1296,122,122,122,0,0.0,122,122,122,0,0.0,101,101,101,0,0.0,2,2,0,2,2,0,1,1,0,0.00150990099009901,0.00150990099009901,0.00150990099009901,0.0,0.0,0.0,0.00150990099009901,0.00150990099009901,0.00150990099009901,0.0,0.0,0.0,0.00125,0.00125,0.00125,0.0,0.0,0.0,2.440281030444965,2.4885057471264367,61.0,61.0,61.0,61.0,101.0,101.0,770,770,0,0.0,101,101,2,2,2,2,1,1,0.026186952066492086
SPD,2,2,1,0.0,ok,,apache1,factor-l,/home/scan_SpTRSV/data/factors/spcg/apache1/spcg_spilu_l_apache1_fill10_drop0.0001_sp0.mtx,80800,wavefront-oriented,0.01,0.009999848193886768,0.01,-1,1,1,26349,13669,2634940,2608591,830,2607,77374,75597,1777,427,1731,1042,3982,2940,0.036386138613861384,3.638669098607458,0.03638669098607458,19508,20293,785,0.009715346534653465,11009,10225,784,122,122,122,0,0.0,122,122,122,0,0.0,101,101,101,0,0.0,2,2,0,2,2,0,1,1,0,0.00150990099009901,0.00150990099009901,0.00150990099009901,0.0,0.0,0.0,0.00150990099009901,0.00150990099009901,0.00150990099009901,0.0,0.0,0.0,0.00125,0.00125,0.00125,0.0,0.0,0.0,2.440281030444965,2.3004043905257077,61.0,61.0,61.0,61.0,101.0,101.0,770,770,0,0.0,101,101,2,2,2,2,1,1,0.1115791870659228
SPD,2,2,1,0.0,ok,,apache1,factor-l,/home/scan_SpTRSV/data/factors/spcg/apache1/spcg_spilu_l_apache1_fill10_drop0.0001_sp0.mtx,80800,wavefront-oriented,0.02,3.7951528308044965e-06,0.0001,1,1,1,10,10,2634940,2634930,830,830,77374,77374,0,427,427,1042,1042,0,0.0,0.0,0.0,19508,19508,0,0.0,11009,11009,0,122,122,122,0,0.0,122,122,122,0,0.0,101,101,101,0,0.0,2,2,0,2,2,0,1,1,0,0.00150990099009901,0.00150990099009901,0.00150990099009901,0.0,0.0,0.0,0.00150990099009901,0.00150990099009901,0.00150990099009901,0.0,0.0,0.0,0.00125,0.00125,0.00125,0.0,0.0,0.0,2.440281030444965,2.440281030444965,61.0,61.0,61.0,61.0,101.0,101.0,770,770,0,0.0,101,101,2,2,2,2,1,1,0.0
SPD,2,2,1,0.0,ok,,apache1,factor-l,/home/scan_SpTRSV/data/factors/spcg/apache1/spcg_spilu_l_apache1_fill10_drop0.0001_sp0.mtx,80800,wavefront-oriented,0.02,1.138545849241349e-05,0.0001,-1,1,1,30,10,2634940,2634910,830,830,77374,77374,0,427,427,1042,1042,0,0.0,0.0,0.0,19508,19414,-94,-0.0011633663366336633,11009,10962,47,122,122,122,0,0.0,122,122,122,0,0.0,101,101,101,0,0.0,2,2,0,2,2,0,1,1,0,0.00150990099009901,0.00150990099009901,0.00150990099009901,0.0,0.0,0.0,0.00150990099009901,0.00150990099009901,0.00150990099009901,0.0,0.0,0.0,0.00125,0.00125,0.00125,0.0,0.0,0.0,2.440281030444965,2.440281030444965,61.0,61.0,61.0,61.0,101.0,101.0,770,770,0,0.0,101,101,2,2,2,2,1,1,0.0
SPD,2,2,1,0.0,ok,,apache1,factor-l,/home/scan_SpTRSV/data/factors/spcg/apache1/spcg_spilu_l_apache1_fill10_drop0.0001_sp0.mtx,80800,wavefront-oriented,0.02,0.019999696387773536,0.001,1,1,1,52698,52698,2634940,2582242,830,862,77374,77342,32,427,455,1042,1102,60,0.0007425742574257426,0.03712927651640264,0.0003712927651640264,19508,21000,1492,0.018465346534653464,11009,10792,217,122,122,122,0,0.0,122,122,122,0,0.0,101,101,101,0,0.0,2,2,0,2,2,0,1,1,0,0.00150990099009901,0.00150990099009901,0.00150990099009901,0.0,0.0,0.0,0.00150990099009901,0.00150990099009901,0.00150990099009901,0.0,0.0,0.0,0.00125,0.00125,0.00125,0.0,0.0,0.0,2.440281030444965,2.421978021978022,61.0,61.0,61.0,61.0,101.0,101.0,770,770,0,0.0,101,101,2,2,2,2,1,1,0.001138563133325743
SPD,2,2,1,0.0,ok,,apache1,factor-l,/home/scan_SpTRSV/data/factors/spcg/apache1/spcg_spilu_l_apache1_fill10_drop0.0001_sp0.mtx,80800,wavefront-oriented,0.02,0.019999696387773536,0.001,-1,1,1,52698,20377,2634940,2582242,830,862,77374,77342,32,427,455,1042,1102,60,0.0007425742574257426,0.03712927651640264,0.0003712927651640264,19508,23644,4136,0.051188118811881185,11009,10104,905,122,122,122,0,0.0,122,122,122,0,0.0,101,101,101,0,0.0,2,2,0,2,2,0,1,1,0,0.00150990099009901,0.00150990099009901,0.00150990099009901,0.0,0.0,0.0,0.00150990099009901,0.00150990099009901,0.00150990099009901,0.0,0.0,0.0,0.00125,0.00125,0.00125,0.0,0.0,0.0,2.440281030444965,2.421978021978022,61.0,61.0,61.0,61.0,101.0,101.0,770,770,0,0.0,101,101,2,2,2,2,1,1,0.001138563133325743
SPD,2,2,1,0.0,ok,,apache1,factor-l,/home/scan_SpTRSV/data/factors/spcg/apache1/spcg_spilu_l_apache1_fill10_drop0.0001_sp0.mtx,80800,wavefront-oriented,0.02,0.019999696387773536,0.01,1,1,1,52698,52698,2634940,2582242,830,1356,77374,76848,526,427,696,1042,1732,690,0.00853960396039604,0.4269866799386303,0.0042698667993863034,19508,24583,5075,0.06280940594059406,11009,9735,1274,122,122,122,0,0.0,122,122,122,0,0.0,101,101,101,0,0.0,2,2,0,2,2,0,1,1,0,0.00150990099009901,0.00150990099009901,0.00150990099009901,0.0,0.0,0.0,0.00150990099009901,0.00150990099009901,0.00150990099009901,0.0,0.0,0.0,0.00125,0.00125,0.00125,0.0,0.0,0.0,2.440281030444965,2.4885057471264367,61.0,61.0,61.0,61.0,101.0,101.0,770,770,0,0.0,101,101,2,2,2,2,1,1,0.013093476033246043
SPD,2,2,1,0.0,ok,,apache1,factor-l,/home/scan_SpTRSV/data/factors/spcg/apache1/spcg_spilu_l_apache1_fill10_drop0.0001_sp0.mtx,80800,wavefront-oriented,0.02,0.019999696387773536,0.01,-1,1,1,52698,17935,2634940,2582242,830,3255,77374,74949,2425,427,2379,1042,5278,4236,0.052425742574257424,2.6213269220580258,0.02621326922058026,19508,21331,1823,0.02256188118811881,11009,9848,1161,122,122,122,0,0.0,122,122,122,0,0.0,101,101,101,0,0.0,2,2,0,2,2,0,1,1,0,0.00150990099009901,0.00150990099009901,0.00150990099009901,0.0,0.0,0.0,0.00150990099009901,0.00150990099009901,0.00150990099009901,0.0,0.0,0.0,0.00125,0.00125,0.00125,0.0,0.0,0.0,2.440281030444965,2.2185792349726774,61.0,61.0,61.0,61.0,101.0,101.0,770,770,0,0.0,101,101,2,2,2,2,1,1,0.08038255721279745
SPD,2,2,1,0.0,ok,,apache1,factor-l,/home/scan_SpTRSV/data/factors/spcg/apache1/spcg_spilu_l_apache1_fill10_drop0.0001_sp0.mtx,80800,wavefront-oriented,0.05,3.7951528308044965e-06,0.0001,1,1,1,10,10,2634940,2634930,830,830,77374,77374,0,427,427,1042,1042,0,0.0,0.0,0.0,19508,19508,0,0.0,11009,11009,0,122,122,122,0,0.0,122,122,122,0,0.0,101,101,101,0,0.0,2,2,0,2,2,0,1,1,0,0.00150990099009901,0.00150990099009901,0.00150990099009901,0.0,0.0,0.0,0.00150990099009901,0.00150990099009901,0.00150990099009901,0.0,0.0,0.0,0.00125,0.00125,0.00125,0.0,0.0,0.0,2.440281030444965,2.440281030444965,61.0,61.0,61.0,61.0,101.0,101.0,770,770,0,0.0,101,101,2,2,2,2,1,1,0.0
SPD,2,2,1,0.0,ok,,apache1,factor-l,/home/scan_SpTRSV/data/factors/spcg/apache1/spcg_spilu_l_apache1_fill10_drop0.0001_sp0.mtx,80800,wavefront-oriented,0.05,1.138545849241349e-05,0.0001,-1,1,1,30,10,2634940,2634910,830,830,77374,77374,0,427,427,1042,1042,0,0.0,0.0,0.0,19508,19414,-94,-0.0011633663366336633,11009,10962,47,122,122,122,0,0.0,122,122,122,0,0.0,101,101,101,0,0.0,2,2,0,2,2,0,1,1,0,0.00150990099009901,0.00150990099009901,0.00150990099009901,0.0,0.0,0.0,0.00150990099009901,0.00150990099009901,0.00150990099009901,0.0,0.0,0.0,0.00125,0.00125,0.00125,0.0,0.0,0.0,2.440281030444965,2.440281030444965,61.0,61.0,61.0,61.0,101.0,101.0,770,770,0,0.0,101,101,2,2,2,2,1,1,0.0
SPD,2,2,1,0.0,ok,,apache1,factor-l,/home/scan_SpTRSV/data/factors/spcg/apache1/spcg_spilu_l_apache1_fill10_drop0.0001_sp0.mtx,80800,wavefront-oriented,0.05,0.02555693867792056,0.001,1,1,1,67341,67341,2634940,2567599,830,865,77374,77339,35,427,457,1042,1107,65,0.0008044554455445544,0.03147698774421479,0.00031476987744214786,19508,17682,-1826,-0.022599009900990098,11009,11656,-647,122,122,122,0,0.0,122,122,122,0,0.0,101,101,101,0,0.0,2,2,0,2,2,0,1,1,0,0.00150990099009901,0.00150990099009901,0.00150990099009901,0.0,0.0,0.0,0.00150990099009901,0.00150990099009901,0.00150990099009901,0.0,0.0,0.0,0.00125,0.00125,0.00125,0.0,0.0,0.0,2.440281030444965,2.422319474835886,61.0,61.0,61.0,61.0,101.0,101.0,770,770,0,0.0,101,101,2,2,2,2,1,1,0.0009652366314726541
SPD,2,2,1,0.0,ok,,apache1,factor-l,/home/scan_SpTRSV/data/factors/spcg/apache1/spcg_spilu_l_apache1_fill10_drop0.0001_sp0.mtx,80800,wavefront-oriented,0.05,0.05,0.001,-1,1,1,131747,27292,2634940,2503193,830,862,77374,77342,32,427,455,1042,1102,60,0.0007425742574257426,0.01485148514851485,0.0001485148514851485,19508,23967,4459,0.055185643564356436,11009,9958,1051,122,122,122,0,0.0,122,122,122,0,0.0,101,101,101,0,0.0,2,2,0,2,2,0,1,1,0,0.00150990099009901,0.00150990099009901,0.00150990099009901,0.0,0.0,0.0,0.00150990099009901,0.00150990099009901,0.00150990099009901,0.0,0.0,0.0,0.00125,0.00125,0.00125,0.0,0.0,0.0,2.440281030444965,2.421978021978022,61.0,61.0,61.0,61.0,101.0,101.0,770,770,0,0.0,101,101,2,2,2,2,1,1,0.0004554183396965396
SPD,2,2,1,0.0,ok,,apache1,factor-l,/home/scan_SpTRSV/data/factors/spcg/apache1/spcg_spilu_l_apache1_fill10_drop0.0001_sp0.mtx,80800,wavefront-oriented,0.05,0.02866289175465096,0.01,1,1,1,75525,75525,2634940,2559415,830,1378,77374,76826,548,427,699,1042,1753,711,0.008799504950495049,0.3069999016783505,0.0030699990167835055,19508,19082,-426,-0.005272277227722773,11009,10665,344,122,122,122,0,0.0,122,122,122,0,0.0,101,101,101,0,0.0,2,2,0,2,2,0,1,1,0,0.00150990099009901,0.00150990099009901,0.00150990099009901,0.0,0.0,0.0,0.00150990099009901,0.00150990099009901,0.00150990099009901,0.0,0.0,0.0,0.00125,0.00125,0.00125,0.0,0.0,0.0,2.440281030444965,2.507868383404864,61.0,61.0,61.0,61.0,101.0,101.0,770,770,0,0.0,101,101,2,2,2,2,1,1,0.009414101290963256
SPD,2,2,1,0.0,ok,,apache1,factor-l,/home/scan_SpTRSV/data/factors/spcg/apache1/spcg_spilu_l_apache1_fill10_drop0.0001_sp0.mtx,80800,wavefront-oriented,0.05,0.05,0.01,-1,1,1,131747,25995,2634940,2503193,830,4347,77374,73857,3517,427,3471,1042,7462,6420,0.07945544554455446,1.589108910891089,0.01589108910891089,19508,21890,2382,0.02948019801980198,11009,9058,1951,122,122,122,0,0.0,122,122,122,0,0.0,101,101,101,0,0.0,2,2,0,2,2,0,1,1,0,0.00150990099009901,0.00150990099009901,0.00150990099009901,0.0,0.0,0.0,0.00150990099009901,0.00150990099009901,0.00150990099009901,0.0,0.0,0.0,0.00125,0.00125,0.00125,0.0,0.0,0.0,2.440281030444965,2.149812734082397,61.0,61.0,61.0,61.0,101.0,101.0,770,770,0,0.0,101,101,2,2,2,2,1,1,0.04872976234752974
SPD,2,2,1,0.0,ok,,apache1,factor-l,/home/scan_SpTRSV/data/factors/spcg/apache1/spcg_spilu_l_apache1_fill10_drop0.0001_sp0.mtx,80800,wavefront-oriented,0.1,3.7951528308044965e-06,0.0001,1,1,1,10,10,2634940,2634930,830,830,77374,77374,0,427,427,1042,1042,0,0.0,0.0,0.0,19508,19508,0,0.0,11009,11009,0,122,122,122,0,0.0,122,122,122,0,0.0,101,101,101,0,0.0,2,2,0,2,2,0,1,1,0,0.00150990099009901,0.00150990099009901,0.00150990099009901,0.0,0.0,0.0,0.00150990099009901,0.00150990099009901,0.00150990099009901,0.0,0.0,0.0,0.00125,0.00125,0.00125,0.0,0.0,0.0,2.440281030444965,2.440281030444965,61.0,61.0,61.0,61.0,101.0,101.0,770,770,0,0.0,101,101,2,2,2,2,1,1,0.0
SPD,2,2,1,0.0,ok,,apache1,factor-l,/home/scan_SpTRSV/data/factors/spcg/apache1/spcg_spilu_l_apache1_fill10_drop0.0001_sp0.mtx,80800,wavefront-oriented,0.1,1.138545849241349e-05,0.0001,-1,1,1,30,10,2634940,2634910,830,830,77374,77374,0,427,427,1042,1042,0,0.0,0.0,0.0,19508,19414,-94,-0.0011633663366336633,11009,10962,47,122,122,122,0,0.0,122,122,122,0,0.0,101,101,101,0,0.0,2,2,0,2,2,0,1,1,0,0.00150990099009901,0.00150990099009901,0.00150990099009901,0.0,0.0,0.0,0.00150990099009901,0.00150990099009901,0.00150990099009901,0.0,0.0,0.0,0.00125,0.00125,0.00125,0.0,0.0,0.0,2.440281030444965,2.440281030444965,61.0,61.0,61.0,61.0,101.0,101.0,770,770,0,0.0,101,101,2,2,2,2,1,1,0.0
SPD,2,2,1,0.0,ok,,apache1,factor-l,/home/scan_SpTRSV/data/factors/spcg/apache1/spcg_spilu_l_apache1_fill10_drop0.0001_sp0.mtx,80800,wavefront-oriented,0.1,0.02555693867792056,0.001,1,1,1,67341,67341,2634940,2567599,830,865,77374,77339,35,427,457,1042,1107,65,0.0008044554455445544,0.03147698774421479,0.00031476987744214786,19508,17682,-1826,-0.022599009900990098,11009,11656,-647,122,122,122,0,0.0,122,122,122,0,0.0,101,101,101,0,0.0,2,2,0,2,2,0,1,1,0,0.00150990099009901,0.00150990099009901,0.00150990099009901,0.0,0.0,0.0,0.00150990099009901,0.00150990099009901,0.00150990099009901,0.0,0.0,0.0,0.00125,0.00125,0.00125,0.0,0.0,0.0,2.440281030444965,2.422319474835886,61.0,61.0,61.0,61.0,101.0,101.0,770,770,0,0.0,101,101,2,2,2,2,1,1,0.0009652366314726541
SPD,2,2,1,0.0,ok,,apache1,factor-l,/home/scan_SpTRSV/data/factors/spcg/apache1/spcg_spilu_l_apache1_fill10_drop0.0001_sp0.mtx,80800,wavefront-oriented,0.1,0.1,0.001,-1,1,1,263494,38670,2634940,2371446,830,862,77374,77342,32,427,455,1042,1102,60,0.0007425742574257426,0.007425742574257425,7.425742574257426e-05,19508,23764,4256,0.05267326732673267,11009,9563,1446,122,122,122,0,0.0,122,122,122,0,0.0,101,101,101,0,0.0,2,2,0,2,2,0,1,1,0,0.00150990099009901,0.00150990099009901,0.00150990099009901,0.0,0.0,0.0,0.00150990099009901,0.00150990099009901,0.00150990099009901,0.0,0.0,0.0,0.00125,0.00125,0.00125,0.0,0.0,0.0,2.440281030444965,2.421978021978022,61.0,61.0,61.0,61.0,101.0,101.0,770,770,0,0.0,101,101,2,2,2,2,1,1,0.0002277091698482698
SPD,2,2,1,0.0,ok,,apache1,factor-l,/home/scan_SpTRSV/data/factors/spcg/apache1/spcg_spilu_l_apache1_fill10_drop0.0001_sp0.mtx,80800,wavefront-oriented,0.1,0.02866289175465096,0.01,1,1,1,75525,75525,2634940,2559415,830,1378,77374,76826,548,427,699,1042,1753,711,0.008799504950495049,0.3069999016783505,0.0030699990167835055,19508,19082,-426,-0.005272277227722773,11009,10665,344,122,122,122,0,0.0,122,122,122,0,0.0,101,101,101,0,0.0,2,2,0,2,2,0,1,1,0,0.00150990099009901,0.00150990099009901,0.00150990099009901,0.0,0.0,0.0,0.00150990099009901,0.00150990099009901,0.00150990099009901,0.0,0.0,0.0,0.00125,0.00125,0.00125,0.0,0.0,0.0,2.440281030444965,2.507868383404864,61.0,61.0,61.0,61.0,101.0,101.0,770,770,0,0.0,101,101,2,2,2,2,1,1,0.009414101290963256
SPD,2,2,1,0.0,ok,,apache1,factor-l,/home/scan_SpTRSV/data/factors/spcg/apache1/spcg_spilu_l_apache1_fill10_drop0.0001_sp0.mtx,80800,wavefront-oriented,0.1,0.1,0.01,-1,1,1,263494,31633,2634940,2371446,830,5068,77374,73136,4238,427,4192,1042,8904,7862,0.0973019801980198,0.973019801980198,0.00973019801980198,19508,23332,3824,0.04732673267326733,11009,9260,1749,122,122,122,0,0.0,122,122,122,0,0.0,101,101,101,0,0.0,2,2,0,2,2,0,1,1,0,0.00150990099009901,0.00150990099009901,0.00150990099009901,0.0,0.0,0.0,0.00150990099009901,0.00150990099009901,0.00150990099009901,0.0,0.0,0.0,0.00125,0.00125,0.00125,0.0,0.0,0.0,2.440281030444965,2.1240458015267176,61.0,61.0,61.0,61.0,101.0,101.0,770,770,0,0.0,101,101,2,2,2,2,1,1,0.02983749155578495
SPD,2,2,1,0.0,ok,,apache1,factor-l,/home/scan_SpTRSV/data/factors/spcg/apache1/spcg_spilu_l_apache1_fill10_drop0.0001_sp0.mtx,80800,scan-chain-aware,0.01,0.0,0.0001,1,1,1,0,0,2634940,2634940,830,830,77374,77374,0,427,427,1042,1042,0,0.0,0.0,0.0,19508,19508,0,0.0,11009,11009,0,122,122,122,0,0.0,122,122,122,0,0.0,101,101,101,0,0.0,2,2,0,2,2,0,1,1,0,0.00150990099009901,0.00150990099009901,0.00150990099009901,0.0,0.0,0.0,0.00150990099009901,0.00150990099009901,0.00150990099009901,0.0,0.0,0.0,0.00125,0.00125,0.00125,0.0,0.0,0.0,2.440281030444965,2.440281030444965,61.0,61.0,61.0,61.0,101.0,101.0,770,770,0,0.0,101,101,2,2,2,2,1,1,0.0
SPD,2,2,1,0.0,ok,,apache1,factor-l,/home/scan_SpTRSV/data/factors/spcg/apache1/spcg_spilu_l_apache1_fill10_drop0.0001_sp0.mtx,80800,scan-chain-aware,0.01,1.100594320933304e-05,0.0001,-1,1,1,29,10,2634940,2634911,830,830,77374,77374,0,427,427,1042,1042,0,0.0,0.0,0.0,19508,19508,0,0.0,11009,11009,0,122,122,122,0,0.0,122,122,122,0,0.0,101,101,101,0,0.0,2,2,0,2,2,0,1,1,0,0.00150990099009901,0.00150990099009901,0.00150990099009901,0.0,0.0,0.0,0.00150990099009901,0.00150990099009901,0.00150990099009901,0.0,0.0,0.0,0.00125,0.00125,0.00125,0.0,0.0,0.0,2.440281030444965,2.440281030444965,61.0,61.0,61.0,61.0,101.0,101.0,770,770,0,0.0,101,101,2,2,2,2,1,1,0.0
SPD,2,2,1,0.0,ok,,apache1,factor-l,/home/scan_SpTRSV/data/factors/spcg/apache1/spcg_spilu_l_apache1_fill10_drop0.0001_sp0.mtx,80800,scan-chain-aware,0.01,6.072244529287194e-06,0.001,1,1,1,16,16,2634940,2634924,830,846,77374,77358,16,427,438,1042,1069,27,0.0003341584158415842,55.03046101485149,0.5503046101485148,19508,19518,10,0.00012376237623762376,11009,11009,0,122,122,122,0,0.0,122,122,122,0,0.0,101,101,101,0,0.0,2,2,0,2,2,0,1,1,0,0.00150990099009901,0.00150990099009901,0.00150990099009901,0.0,0.0,0.0,0.00150990099009901,0.00150990099009901,0.00150990099009901,0.0,0.0,0.0,0.00125,0.00125,0.00125,0.0,0.0,0.0,2.440281030444965,2.4406392694063928,61.0,61.0,61.0,61.0,101.0,101.0,770,770,0,0.0,101,101,2,2,2,2,1,1,1.6875
SPD,2,2,1,0.0,ok,,apache1,factor-l,/home/scan_SpTRSV/data/factors/spcg/apache1/spcg_spilu_l_apache1_fill10_drop0.0001_sp0.mtx,80800,scan-chain-aware,0.01,0.009999848193886768,0.001,-1,1,1,26349,13220,2634940,2608591,830,846,77374,77358,16,427,438,1042,1069,27,0.0003341584158415842,0.03341634886476237,0.0003341634886476238,19508,26698,7190,0.08898514851485148,11009,10136,873,122,122,122,0,0.0,122,122,122,0,0.0,101,101,101,0,0.0,2,2,0,2,2,0,1,1,0,0.00150990099009901,0.00150990099009901,0.00150990099009901,0.0,0.0,0.0,0.00150990099009901,0.00150990099009901,0.00150990099009901,0.0,0.0,0.0,0.00125,0.00125,0.00125,0.0,0.0,0.0,2.440281030444965,2.4406392694063928,61.0,61.0,61.0,61.0,101.0,101.0,770,770,0,0.0,101,101,2,2,2,2,1,1,0.0010247068199931686
SPD,2,2,1,0.0,ok,,apache1,factor-l,/home/scan_SpTRSV/data/factors/spcg/apache1/spcg_spilu_l_apache1_fill10_drop0.0001_sp0.mtx,80800,scan-chain-aware,0.01,7.058984265296364e-05,0.01,1,1,1,186,186,2634940,2634754,830,1016,77374,77188,186,427,477,1042,1252,210,0.002599009900990099,36.81846854040243,0.36818468540402427,19508,19586,78,0.0009653465346534653,11009,11005,4,122,122,122,0,0.0,122,122,122,0,0.0,101,101,101,0,0.0,2,2,0,2,2,0,1,1,0,0.00150990099009901,0.00150990099009901,0.00150990099009901,0.0,0.0,0.0,0.00150990099009901,0.00150990099009901,0.00150990099009901,0.0,0.0,0.0,0.00125,0.00125,0.00125,0.0,0.0,0.0,2.440281030444965,2.6247379454926625,61.0,61.0,61.0,61.0,101.0,101.0,770,770,0,0.0,101,101,2,2,2,2,1,1,1.1290322580645162
SPD,2,2,1,0.0,ok,,apache1,factor-l,/home/scan_SpTRSV/data/factors/spcg/apache1/spcg_spilu_l_apache1_fill10_drop0.0001_sp0.mtx,80800,scan-chain-aware,0.01,0.009999848193886768,0.01,-1,1,1,26349,12116,2634940,2608591,830,1051,77374,77153,221,427,486,1042,1296,254,0.0031435643564356438,0.31436120783887567,0.003143612078388757,19508,25532,6024,0.07455445544554455,11009,9292,1717,122,122,122,0,0.0,122,122,122,0,0.0,101,101,101,0,0.0,2,2,0,2,2,0,1,1,0,0.00150990099009901,0.00150990099009901,0.00150990099009901,0.0,0.0,0.0,0.00150990099009901,0.00150990099009901,0.00150990099009901,0.0,0.0,0.0,0.00125,0.00125,0.00125,0.0,0.0,0.0,2.440281030444965,2.6666666666666665,61.0,61.0,61.0,61.0,101.0,101.0,770,770,0,0.0,101,101,2,2,2,2,1,1,0.009639834528824623
SPD,2,2,1,0.0,ok,,apache1,factor-l,/home/scan_SpTRSV/data/factors/spcg/apache1/spcg_spilu_l_apache1_fill10_drop0.0001_sp0.mtx,80800,scan-chain-aware,0.02,0.0,0.0001,1,1,1,0,0,2634940,2634940,830,830,77374,77374,0,427,427,1042,1042,0,0.0,0.0,0.0,19508,19508,0,0.0,11009,11009,0,122,122,122,0,0.0,122,122,122,0,0.0,101,101,101,0,0.0,2,2,0,2,2,0,1,1,0,0.00150990099009901,0.00150990099009901,0.00150990099009901,0.0,0.0,0.0,0.00150990099009901,0.00150990099009901,0.00150990099009901,0.0,0.0,0.0,0.00125,0.00125,0.00125,0.0,0.0,0.0,2.440281030444965,2.440281030444965,61.0,61.0,61.0,61.0,101.0,101.0,770,770,0,0.0,101,101,2,2,2,2,1,1,0.0
SPD,2,2,1,0.0,ok,,apache1,factor-l,/home/scan_SpTRSV/data/factors/spcg/apache1/spcg_spilu_l_apache1_fill10_drop0.0001_sp0.mtx,80800,scan-chain-aware,0.02,1.100594320933304e-05,0.0001,-1,1,1,29,10,2634940,2634911,830,830,77374,77374,0,427,427,1042,1042,0,0.0,0.0,0.0,19508,19508,0,0.0,11009,11009,0,122,122,122,0,0.0,122,122,122,0,0.0,101,101,101,0,0.0,2,2,0,2,2,0,1,1,0,0.00150990099009901,0.00150990099009901,0.00150990099009901,0.0,0.0,0.0,0.00150990099009901,0.00150990099009901,0.00150990099009901,0.0,0.0,0.0,0.00125,0.00125,0.00125,0.0,0.0,0.0,2.440281030444965,2.440281030444965,61.0,61.0,61.0,61.0,101.0,101.0,770,770,0,0.0,101,101,2,2,2,2,1,1,0.0
SPD,2,2,1,0.0,ok,,apache1,factor-l,/home/scan_SpTRSV/data/factors/spcg/apache1/spcg_spilu_l_apache1_fill10_drop0.0001_sp0.mtx,80800,scan-chain-aware,0.02,6.072244529287194e-06,0.001,1,1,1,16,16,2634940,2634924,830,846,77374,77358,16,427,438,1042,1069,27,0.0003341584158415842,55.03046101485149,0.5503046101485148,19508,19518,10,0.00012376237623762376,11009,11009,0,122,122,122,0,0.0,122,122,122,0,0.0,101,101,101,0,0.0,2,2,0,2,2,0,1,1,0,0.00150990099009901,0.00150990099009901,0.00150990099009901,0.0,0.0,0.0,0.00150990099009901,0.00150990099009901,0.00150990099009901,0.0,0.0,0.0,0.00125,0.00125,0.00125,0.0,0.0,0.0,2.440281030444965,2.4406392694063928,61.0,61.0,61.0,61.0,101.0,101.0,770,770,0,0.0,101,101,2,2,2,2,1,1,1.6875
SPD,2,2,1,0.0,ok,,apache1,factor-l,/home/scan_SpTRSV/data/factors/spcg/apache1/spcg_spilu_l_apache1_fill10_drop0.0001_sp0.mtx,80800,scan-chain-aware,0.02,0.019999696387773536,0.001,-1,1,1,52698,19821,2634940,2582242,830,846,77374,77358,16,427,438,1042,1069,27,0.0003341584158415842,0.016708174432381186,0.0001670817443238119,19508,27148,7640,0.09455445544554456,11009,10173,836,122,122,122,0,0.0,122,122,122,0,0.0,101,101,101,0,0.0,2,2,0,2,2,0,1,1,0,0.00150990099009901,0.00150990099009901,0.00150990099009901,0.0,0.0,0.0,0.00150990099009901,0.00150990099009901,0.00150990099009901,0.0,0.0,0.0,0.00125,0.00125,0.00125,0.0,0.0,0.0,2.440281030444965,2.4406392694063928,61.0,61.0,61.0,61.0,101.0,101.0,770,770,0,0.0,101,101,2,2,2,2,1,1,0.0005123534099965843
SPD,2,2,1,0.0,ok,,apache1,factor-l,/home/scan_SpTRSV/data/factors/spcg/apache1/spcg_spilu_l_apache1_fill10_drop0.0001_sp0.mtx,80800,scan-chain-aware,0.02,7.058984265296364e-05,0.01,1,1,1,186,186,2634940,2634754,830,1016,77374,77188,186,427,477,1042,1252,210,0.002599009900990099,36.81846854040243,0.36818468540402427,19508,19586,78,0.0009653465346534653,11009,11005,4,122,122,122,0,0.0,122,122,122,0,0.0,101,101,101,0,0.0,2,2,0,2,2,0,1,1,0,0.00150990099009901,0.00150990099009901,0.00150990099009901,0.0,0.0,0.0,0.00150990099009901,0.00150990099009901,0.00150990099009901,0.0,0.0,0.0,0.00125,0.00125,0.00125,0.0,0.0,0.0,2.440281030444965,2.6247379454926625,61.0,61.0,61.0,61.0,101.0,101.0,770,770,0,0.0,101,101,2,2,2,2,1,1,1.1290322580645162
SPD,2,2,1,0.0,ok,,apache1,factor-l,/home/scan_SpTRSV/data/factors/spcg/apache1/spcg_spilu_l_apache1_fill10_drop0.0001_sp0.mtx,80800,scan-chain-aware,0.02,0.019999696387773536,0.01,-1,1,1,52698,18405,2634940,2582242,830,1051,77374,77153,221,427,486,1042,1296,254,0.0031435643564356438,0.15718060391943783,0.0015718060391943785,19508,29179,9671,0.11969059405940594,11009,8570,2439,122,122,122,0,0.0,122,122,122,0,0.0,101,101,101,0,0.0,2,2,0,2,2,0,1,1,0,0.00150990099009901,0.00150990099009901,0.00150990099009901,0.0,0.0,0.0,0.00150990099009901,0.00150990099009901,0.00150990099009901,0.0,0.0,0.0,0.00125,0.00125,0.00125,0.0,0.0,0.0,2.440281030444965,2.6666666666666665,61.0,61.0,61.0,61.0,101.0,101.0,770,770,0,0.0,101,101,2,2,2,2,1,1,0.0048199172644123114
SPD,2,2,1,0.0,ok,,apache1,factor-l,/home/scan_SpTRSV/data/factors/spcg/apache1/spcg_spilu_l_apache1_fill10_drop0.0001_sp0.mtx,80800,scan-chain-aware,0.05,0.0,0.0001,1,1,1,0,0,2634940,2634940,830,830,77374,77374,0,427,427,1042,1042,0,0.0,0.0,0.0,19508,19508,0,0.0,11009,11009,0,122,122,122,0,0.0,122,122,122,0,0.0,101,101,101,0,0.0,2,2,0,2,2,0,1,1,0,0.00150990099009901,0.00150990099009901,0.00150990099009901,0.0,0.0,0.0,0.00150990099009901,0.00150990099009901,0.00150990099009901,0.0,0.0,0.0,0.00125,0.00125,0.00125,0.0,0.0,0.0,2.440281030444965,2.440281030444965,61.0,61.0,61.0,61.0,101.0,101.0,770,770,0,0.0,101,101,2,2,2,2,1,1,0.0
SPD,2,2,1,0.0,ok,,apache1,factor-l,/home/scan_SpTRSV/data/factors/spcg/apache1/spcg_spilu_l_apache1_fill10_drop0.0001_sp0.mtx,80800,scan-chain-aware,0.05,1.100594320933304e-05,0.0001,-1,1,1,29,10,2634940,2634911,830,830,77374,77374,0,427,427,1042,1042,0,0.0,0.0,0.0,19508,19508,0,0.0,11009,11009,0,122,122,122,0,0.0,122,122,122,0,0.0,101,101,101,0,0.0,2,2,0,2,2,0,1,1,0,0.00150990099009901,0.00150990099009901,0.00150990099009901,0.0,0.0,0.0,0.00150990099009901,0.00150990099009901,0.00150990099009901,0.0,0.0,0.0,0.00125,0.00125,0.00125,0.0,0.0,0.0,2.440281030444965,2.440281030444965,61.0,61.0,61.0,61.0,101.0,101.0,770,770,0,0.0,101,101,2,2,2,2,1,1,0.0
SPD,2,2,1,0.0,ok,,apache1,factor-l,/home/scan_SpTRSV/data/factors/spcg/apache1/spcg_spilu_l_apache1_fill10_drop0.0001_sp0.mtx,80800,scan-chain-aware,0.05,6.072244529287194e-06,0.001,1,1,1,16,16,2634940,2634924,830,846,77374,77358,16,427,438,1042,1069,27,0.0003341584158415842,55.03046101485149,0.5503046101485148,19508,19518,10,0.00012376237623762376,11009,11009,0,122,122,122,0,0.0,122,122,122,0,0.0,101,101,101,0,0.0,2,2,0,2,2,0,1,1,0,0.00150990099009901,0.00150990099009901,0.00150990099009901,0.0,0.0,0.0,0.00150990099009901,0.00150990099009901,0.00150990099009901,0.0,0.0,0.0,0.00125,0.00125,0.00125,0.0,0.0,0.0,2.440281030444965,2.4406392694063928,61.0,61.0,61.0,61.0,101.0,101.0,770,770,0,0.0,101,101,2,2,2,2,1,1,1.6875
SPD,2,2,1,0.0,ok,,apache1,factor-l,/home/scan_SpTRSV/data/factors/spcg/apache1/spcg_spilu_l_apache1_fill10_drop0.0001_sp0.mtx,80800,scan-chain-aware,0.05,0.05,0.001,-1,1,1,131747,28269,2634940,2503193,830,846,77374,77358,16,427,438,1042,1069,27,0.0003341584158415842,0.006683168316831683,6.683168316831684e-05,19508,29815,10307,0.12756188118811881,11009,10669,340,122,122,122,0,0.0,122,122,122,0,0.0,101,101,101,0,0.0,2,2,0,2,2,0,1,1,0,0.00150990099009901,0.00150990099009901,0.00150990099009901,0.0,0.0,0.0,0.00150990099009901,0.00150990099009901,0.00150990099009901,0.0,0.0,0.0,0.00125,0.00125,0.00125,0.0,0.0,0.0,2.440281030444965,2.4406392694063928,61.0,61.0,61.0,61.0,101.0,101.0,770,770,0,0.0,101,101,2,2,2,2,1,1,0.0002049382528634428
SPD,2,2,1,0.0,ok,,apache1,factor-l,/home/scan_SpTRSV/data/factors/spcg/apache1/spcg_spilu_l_apache1_fill10_drop0.0001_sp0.mtx,80800,scan-chain-aware,0.05,7.058984265296364e-05,0.01,1,1,1,186,186,2634940,2634754,830,1016,77374,77188,186,427,477,1042,1252,210,0.002599009900990099,36.81846854040243,0.36818468540402427,19508,19586,78,0.0009653465346534653,11009,11005,4,122,122,122,0,0.0,122,122,122,0,0.0,101,101,101,0,0.0,2,2,0,2,2,0,1,1,0,0.00150990099009901,0.00150990099009901,0.00150990099009901,0.0,0.0,0.0,0.00150990099009901,0.00150990099009901,0.00150990099009901,0.0,0.0,0.0,0.00125,0.00125,0.00125,0.0,0.0,0.0,2.440281030444965,2.6247379454926625,61.0,61.0,61.0,61.0,101.0,101.0,770,770,0,0.0,101,101,2,2,2,2,1,1,1.1290322580645162
SPD,2,2,1,0.0,ok,,apache1,factor-l,/home/scan_SpTRSV/data/factors/spcg/apache1/spcg_spilu_l_apache1_fill10_drop0.0001_sp0.mtx,80800,scan-chain-aware,0.05,0.05,0.01,-1,1,1,131747,27818,2634940,2503193,830,1051,77374,77153,221,427,486,1042,1296,254,0.0031435643564356438,0.06287128712871287,0.0006287128712871287,19508,30565,11057,0.1368440594059406,11009,8038,2971,122,122,122,0,0.0,122,122,122,0,0.0,101,101,101,0,0.0,2,2,0,2,2,0,1,1,0,0.00150990099009901,0.00150990099009901,0.00150990099009901,0.0,0.0,0.0,0.00150990099009901,0.00150990099009901,0.00150990099009901,0.0,0.0,0.0,0.00125,0.00125,0.00125,0.0,0.0,0.0,2.440281030444965,2.6666666666666665,61.0,61.0,61.0,61.0,101.0,101.0,770,770,0,0.0,101,101,2,2,2,2,1,1,0.0019279376380486842
SPD,2,2,1,0.0,ok,,apache1,factor-l,/home/scan_SpTRSV/data/factors/spcg/apache1/spcg_spilu_l_apache1_fill10_drop0.0001_sp0.mtx,80800,scan-chain-aware,0.1,0.0,0.0001,1,1,1,0,0,2634940,2634940,830,830,77374,77374,0,427,427,1042,1042,0,0.0,0.0,0.0,19508,19508,0,0.0,11009,11009,0,122,122,122,0,0.0,122,122,122,0,0.0,101,101,101,0,0.0,2,2,0,2,2,0,1,1,0,0.00150990099009901,0.00150990099009901,0.00150990099009901,0.0,0.0,0.0,0.00150990099009901,0.00150990099009901,0.00150990099009901,0.0,0.0,0.0,0.00125,0.00125,0.00125,0.0,0.0,0.0,2.440281030444965,2.440281030444965,61.0,61.0,61.0,61.0,101.0,101.0,770,770,0,0.0,101,101,2,2,2,2,1,1,0.0
SPD,2,2,1,0.0,ok,,apache1,factor-l,/home/scan_SpTRSV/data/factors/spcg/apache1/spcg_spilu_l_apache1_fill10_drop0.0001_sp0.mtx,80800,scan-chain-aware,0.1,1.100594320933304e-05,0.0001,-1,1,1,29,10,2634940,2634911,830,830,77374,77374,0,427,427,1042,1042,0,0.0,0.0,0.0,19508,19508,0,0.0,11009,11009,0,122,122,122,0,0.0,122,122,122,0,0.0,101,101,101,0,0.0,2,2,0,2,2,0,1,1,0,0.00150990099009901,0.00150990099009901,0.00150990099009901,0.0,0.0,0.0,0.00150990099009901,0.00150990099009901,0.00150990099009901,0.0,0.0,0.0,0.00125,0.00125,0.00125,0.0,0.0,0.0,2.440281030444965,2.440281030444965,61.0,61.0,61.0,61.0,101.0,101.0,770,770,0,0.0,101,101,2,2,2,2,1,1,0.0
SPD,2,2,1,0.0,ok,,apache1,factor-l,/home/scan_SpTRSV/data/factors/spcg/apache1/spcg_spilu_l_apache1_fill10_drop0.0001_sp0.mtx,80800,scan-chain-aware,0.1,6.072244529287194e-06,0.001,1,1,1,16,16,2634940,2634924,830,846,77374,77358,16,427,438,1042,1069,27,0.0003341584158415842,55.03046101485149,0.5503046101485148,19508,19518,10,0.00012376237623762376,11009,11009,0,122,122,122,0,0.0,122,122,122,0,0.0,101,101,101,0,0.0,2,2,0,2,2,0,1,1,0,0.00150990099009901,0.00150990099009901,0.00150990099009901,0.0,0.0,0.0,0.00150990099009901,0.00150990099009901,0.00150990099009901,0.0,0.0,0.0,0.00125,0.00125,0.00125,0.0,0.0,0.0,2.440281030444965,2.4406392694063928,61.0,61.0,61.0,61.0,101.0,101.0,770,770,0,0.0,101,101,2,2,2,2,1,1,1.6875
SPD,2,2,1,0.0,ok,,apache1,factor-l,/home/scan_SpTRSV/data/factors/spcg/apache1/spcg_spilu_l_apache1_fill10_drop0.0001_sp0.mtx,80800,scan-chain-aware,0.1,0.1,0.001,-1,1,1,263494,38540,2634940,2371446,830,846,77374,77358,16,427,438,1042,1069,27,0.0003341584158415842,0.0033415841584158415,3.341584158415842e-05,19508,35963,16455,0.2036509900990099,11009,11997,-988,122,122,122,0,0.0,122,122,122,0,0.0,101,101,101,0,0.0,2,2,0,2,2,0,1,1,0,0.00150990099009901,0.00150990099009901,0.00150990099009901,0.0,0.0,0.0,0.00150990099009901,0.00150990099009901,0.00150990099009901,0.0,0.0,0.0,0.00125,0.00125,0.00125,0.0,0.0,0.0,2.440281030444965,2.4406392694063928,61.0,61.0,61.0,61.0,101.0,101.0,770,770,0,0.0,101,101,2,2,2,2,1,1,0.0001024691264317214
SPD,2,2,1,0.0,ok,,apache1,factor-l,/home/scan_SpTRSV/data/factors/spcg/apache1/spcg_spilu_l_apache1_fill10_drop0.0001_sp0.mtx,80800,scan-chain-aware,0.1,7.058984265296364e-05,0.01,1,1,1,186,186,2634940,2634754,830,1016,77374,77188,186,427,477,1042,1252,210,0.002599009900990099,36.81846854040243,0.36818468540402427,19508,19586,78,0.0009653465346534653,11009,11005,4,122,122,122,0,0.0,122,122,122,0,0.0,101,101,101,0,0.0,2,2,0,2,2,0,1,1,0,0.00150990099009901,0.00150990099009901,0.00150990099009901,0.0,0.0,0.0,0.00150990099009901,0.00150990099009901,0.00150990099009901,0.0,0.0,0.0,0.00125,0.00125,0.00125,0.0,0.0,0.0,2.440281030444965,2.6247379454926625,61.0,61.0,61.0,61.0,101.0,101.0,770,770,0,0.0,101,101,2,2,2,2,1,1,1.1290322580645162
SPD,2,2,1,0.0,ok,,apache1,factor-l,/home/scan_SpTRSV/data/factors/spcg/apache1/spcg_spilu_l_apache1_fill10_drop0.0001_sp0.mtx,80800,scan-chain-aware,0.1,0.1,0.01,-1,1,1,263494,35224,2634940,2371446,830,1051,77374,77153,221,427,486,1042,1296,254,0.0031435643564356438,0.031435643564356436,0.00031435643564356436,19508,34243,14735,0.1823638613861386,11009,7885,3124,122,122,122,0,0.0,122,122,122,0,0.0,101,101,101,0,0.0,2,2,0,2,2,0,1,1,0,0.00150990099009901,0.00150990099009901,0.00150990099009901,0.0,0.0,0.0,0.00150990099009901,0.00150990099009901,0.00150990099009901,0.0,0.0,0.0,0.00125,0.00125,0.00125,0.0,0.0,0.0,2.440281030444965,2.6666666666666665,61.0,61.0,61.0,61.0,101.0,101.0,770,770,0,0.0,101,101,2,2,2,2,1,1,0.0009639688190243421
SPD,2,2,1,0.0,ok,,apache1,factor-l,/home/scan_SpTRSV/data/factors/spcg/apache1/spcg_spilu_l_apache1_fill10_drop0.0001_sp0.mtx,80800,long-chain-aware-drop,0.01,0.0,0.0001,1,1,1,0,0,2634940,2634940,830,830,77374,77374,0,427,427,1042,1042,0,0.0,0.0,0.0,19508,19508,0,0.0,11009,11009,0,122,122,122,0,0.0,122,122,122,0,0.0,101,101,101,0,0.0,2,2,0,2,2,0,1,1,0,0.00150990099009901,0.00150990099009901,0.00150990099009901,0.0,0.0,0.0,0.00150990099009901,0.00150990099009901,0.00150990099009901,0.0,0.0,0.0,0.00125,0.00125,0.00125,0.0,0.0,0.0,2.440281030444965,2.440281030444965,61.0,61.0,61.0,61.0,101.0,101.0,770,770,0,0.0,101,101,2,2,2,2,1,1,0.0
SPD,2,2,1,0.0,ok,,apache1,factor-l,/home/scan_SpTRSV/data/factors/spcg/apache1/spcg_spilu_l_apache1_fill10_drop0.0001_sp0.mtx,80800,long-chain-aware-drop,0.01,0.0,0.0001,-1,1,1,0,0,2634940,2634940,830,830,77374,77374,0,427,427,1042,1042,0,0.0,0.0,0.0,19508,19508,0,0.0,11009,11009,0,122,122,122,0,0.0,122,122,122,0,0.0,101,101,101,0,0.0,2,2,0,2,2,0,1,1,0,0.00150990099009901,0.00150990099009901,0.00150990099009901,0.0,0.0,0.0,0.00150990099009901,0.00150990099009901,0.00150990099009901,0.0,0.0,0.0,0.00125,0.00125,0.00125,0.0,0.0,0.0,2.440281030444965,2.440281030444965,61.0,61.0,61.0,61.0,101.0,101.0,770,770,0,0.0,101,101,2,2,2,2,1,1,0.0
SPD,2,2,1,0.0,ok,,apache1,factor-l,/home/scan_SpTRSV/data/factors/spcg/apache1/spcg_spilu_l_apache1_fill10_drop0.0001_sp0.mtx,80800,long-chain-aware-drop,0.01,0.0,0.001,1,1,1,0,0,2634940,2634940,830,830,77374,77374,0,427,427,1042,1042,0,0.0,0.0,0.0,19508,19508,0,0.0,11009,11009,0,122,122,122,0,0.0,122,122,122,0,0.0,101,101,101,0,0.0,2,2,0,2,2,0,1,1,0,0.00150990099009901,0.00150990099009901,0.00150990099009901,0.0,0.0,0.0,0.00150990099009901,0.00150990099009901,0.00150990099009901,0.0,0.0,0.0,0.00125,0.00125,0.00125,0.0,0.0,0.0,2.440281030444965,2.440281030444965,61.0,61.0,61.0,61.0,101.0,101.0,770,770,0,0.0,101,101,2,2,2,2,1,1,0.0
SPD,2,2,1,0.0,ok,,apache1,factor-l,/home/scan_SpTRSV/data/factors/spcg/apache1/spcg_spilu_l_apache1_fill10_drop0.0001_sp0.mtx,80800,long-chain-aware-drop,0.01,7.969820944689443e-06,0.001,-1,1,1,21,10,2634940,2634919,830,830,77374,77374,0,427,427,1042,1042,0,0.0,0.0,0.0,19508,19510,2,2.4752475247524754e-05,11009,11009,0,122,122,122,0,0.0,122,122,122,0,0.0,101,101,101,0,0.0,2,2,0,2,2,0,1,1,0,0.00150990099009901,0.00150990099009901,0.00150990099009901,0.0,0.0,0.0,0.00150990099009901,0.00150990099009901,0.00150990099009901,0.0,0.0,0.0,0.00125,0.00125,0.00125,0.0,0.0,0.0,2.440281030444965,2.440281030444965,61.0,61.0,61.0,61.0,101.0,101.0,770,770,0,0.0,101,101,2,2,2,2,1,1,0.0
SPD,3,2,1,2.9349579207920793,ok,,apache1,factor-l,/home/scan_SpTRSV/data/factors/spcg/apache1/spcg_spilu_l_apache1_fill10_drop0.0001_sp0.mtx,80800,long-chain-aware-drop,0.01,3.7951528308044964e-07,0.01,1,1,1,1,1,2634940,2634939,830,831,77374,77373,1,427,426,1042,1042,0,0.0,0.0,0.0,19508,19506,-2,-2.4752475247524754e-05,11009,11009,0,122,131,131,9,9.0,122,122,122,0,0.0,101,101,101,0,0.0,2,3,1,2,2,0,1,1,0,0.00150990099009901,0.0016212871287128712,0.0016212871287128712,0.00011138613861386127,293.4957920792076,2.934957920792076,0.00150990099009901,0.00150990099009901,0.00150990099009901,0.0,0.0,0.0,0.00125,0.00125,0.00125,0.0,0.0,0.0,2.440281030444965,2.4460093896713615,61.0,43.666666666666664,61.0,61.0,101.0,101.0,770,779,9,2.9349579207920793,101,101,2,3,2,2,1,1,0.0
SPD,3,2,1,0.03913277227722772,ok,,apache1,factor-l,/home/scan_SpTRSV/data/factors/spcg/apache1/spcg_spilu_l_apache1_fill10_drop0.0001_sp0.mtx,80800,long-chain-aware-drop,0.01,2.8463646231033724e-05,0.01,-1,1,1,75,12,2634940,2634865,830,831,77374,77373,1,427,426,1042,1042,0,0.0,0.0,0.0,19508,19508,0,0.0,11009,11005,4,122,131,131,9,0.12,122,122,122,0,0.0,101,101,101,0,0.0,2,3,1,2,2,0,1,1,0,0.00150990099009901,0.0016212871287128712,0.0016212871287128712,0.00011138613861386127,3.913277227722768,0.03913277227722768,0.00150990099009901,0.00150990099009901,0.00150990099009901,0.0,0.0,0.0,0.00125,0.00125,0.00125,0.0,0.0,0.0,2.440281030444965,2.4460093896713615,61.0,43.666666666666664,61.0,61.0,101.0,101.0,770,779,9,0.03913277227722772,101,101,2,3,2,2,1,1,0.0
SPD,2,2,1,0.0,ok,,apache1,factor-l,/home/scan_SpTRSV/data/factors/spcg/apache1/spcg_spilu_l_apache1_fill10_drop0.0001_sp0.mtx,80800,long-chain-aware-drop,0.02,0.0,0.0001,1,1,1,0,0,2634940,2634940,830,830,77374,77374,0,427,427,1042,1042,0,0.0,0.0,0.0,19508,19508,0,0.0,11009,11009,0,122,122,122,0,0.0,122,122,122,0,0.0,101,101,101,0,0.0,2,2,0,2,2,0,1,1,0,0.00150990099009901,0.00150990099009901,0.00150990099009901,0.0,0.0,0.0,0.00150990099009901,0.00150990099009901,0.00150990099009901,0.0,0.0,0.0,0.00125,0.00125,0.00125,0.0,0.0,0.0,2.440281030444965,2.440281030444965,61.0,61.0,61.0,61.0,101.0,101.0,770,770,0,0.0,101,101,2,2,2,2,1,1,0.0
SPD,2,2,1,0.0,ok,,apache1,factor-l,/home/scan_SpTRSV/data/factors/spcg/apache1/spcg_spilu_l_apache1_fill10_drop0.0001_sp0.mtx,80800,long-chain-aware-drop,0.02,0.0,0.0001,-1,1,1,0,0,2634940,2634940,830,830,77374,77374,0,427,427,1042,1042,0,0.0,0.0,0.0,19508,19508,0,0.0,11009,11009,0,122,122,122,0,0.0,122,122,122,0,0.0,101,101,101,0,0.0,2,2,0,2,2,0,1,1,0,0.00150990099009901,0.00150990099009901,0.00150990099009901,0.0,0.0,0.0,0.00150990099009901,0.00150990099009901,0.00150990099009901,0.0,0.0,0.0,0.00125,0.00125,0.00125,0.0,0.0,0.0,2.440281030444965,2.440281030444965,61.0,61.0,61.0,61.0,101.0,101.0,770,770,0,0.0,101,101,2,2,2,2,1,1,0.0
SPD,2,2,1,0.0,ok,,apache1,factor-l,/home/scan_SpTRSV/data/factors/spcg/apache1/spcg_spilu_l_apache1_fill10_drop0.0001_sp0.mtx,80800,long-chain-aware-drop,0.02,0.0,0.001,1,1,1,0,0,2634940,2634940,830,830,77374,77374,0,427,427,1042,1042,0,0.0,0.0,0.0,19508,19508,0,0.0,11009,11009,0,122,122,122,0,0.0,122,122,122,0,0.0,101,101,101,0,0.0,2,2,0,2,2,0,1,1,0,0.00150990099009901,0.00150990099009901,0.00150990099009901,0.0,0.0,0.0,0.00150990099009901,0.00150990099009901,0.00150990099009901,0.0,0.0,0.0,0.00125,0.00125,0.00125,0.0,0.0,0.0,2.440281030444965,2.440281030444965,61.0,61.0,61.0,61.0,101.0,101.0,770,770,0,0.0,101,101,2,2,2,2,1,1,0.0
SPD,2,2,1,0.0,ok,,apache1,factor-l,/home/scan_SpTRSV/data/factors/spcg/apache1/spcg_spilu_l_apache1_fill10_drop0.0001_sp0.mtx,80800,long-chain-aware-drop,0.02,7.969820944689443e-06,0.001,-1,1,1,21,10,2634940,2634919,830,830,77374,77374,0,427,427,1042,1042,0,0.0,0.0,0.0,19508,19510,2,2.4752475247524754e-05,11009,11009,0,122,122,122,0,0.0,122,122,122,0,0.0,101,101,101,0,0.0,2,2,0,2,2,0,1,1,0,0.00150990099009901,0.00150990099009901,0.00150990099009901,0.0,0.0,0.0,0.00150990099009901,0.00150990099009901,0.00150990099009901,0.0,0.0,0.0,0.00125,0.00125,0.00125,0.0,0.0,0.0,2.440281030444965,2.440281030444965,61.0,61.0,61.0,61.0,101.0,101.0,770,770,0,0.0,101,101,2,2,2,2,1,1,0.0
SPD,3,2,1,2.9349579207920793,ok,,apache1,factor-l,/home/scan_SpTRSV/data/factors/spcg/apache1/spcg_spilu_l_apache1_fill10_drop0.0001_sp0.mtx,80800,long-chain-aware-drop,0.02,3.7951528308044964e-07,0.01,1,1,1,1,1,2634940,2634939,830,831,77374,77373,1,427,426,1042,1042,0,0.0,0.0,0.0,19508,19506,-2,-2.4752475247524754e-05,11009,11009,0,122,131,131,9,9.0,122,122,122,0,0.0,101,101,101,0,0.0,2,3,1,2,2,0,1,1,0,0.00150990099009901,0.0016212871287128712,0.0016212871287128712,0.00011138613861386127,293.4957920792076,2.934957920792076,0.00150990099009901,0.00150990099009901,0.00150990099009901,0.0,0.0,0.0,0.00125,0.00125,0.00125,0.0,0.0,0.0,2.440281030444965,2.4460093896713615,61.0,43.666666666666664,61.0,61.0,101.0,101.0,770,779,9,2.9349579207920793,101,101,2,3,2,2,1,1,0.0
SPD,3,2,1,0.03913277227722772,ok,,apache1,factor-l,/home/scan_SpTRSV/data/factors/spcg/apache1/spcg_spilu_l_apache1_fill10_drop0.0001_sp0.mtx,80800,long-chain-aware-drop,0.02,2.8463646231033724e-05,0.01,-1,1,1,75,12,2634940,2634865,830,831,77374,77373,1,427,426,1042,1042,0,0.0,0.0,0.0,19508,19508,0,0.0,11009,11005,4,122,131,131,9,0.12,122,122,122,0,0.0,101,101,101,0,0.0,2,3,1,2,2,0,1,1,0,0.00150990099009901,0.0016212871287128712,0.0016212871287128712,0.00011138613861386127,3.913277227722768,0.03913277227722768,0.00150990099009901,0.00150990099009901,0.00150990099009901,0.0,0.0,0.0,0.00125,0.00125,0.00125,0.0,0.0,0.0,2.440281030444965,2.4460093896713615,61.0,43.666666666666664,61.0,61.0,101.0,101.0,770,779,9,0.03913277227722772,101,101,2,3,2,2,1,1,0.0
SPD,2,2,1,0.0,ok,,apache1,factor-l,/home/scan_SpTRSV/data/factors/spcg/apache1/spcg_spilu_l_apache1_fill10_drop0.0001_sp0.mtx,80800,long-chain-aware-drop,0.05,0.0,0.0001,1,1,1,0,0,2634940,2634940,830,830,77374,77374,0,427,427,1042,1042,0,0.0,0.0,0.0,19508,19508,0,0.0,11009,11009,0,122,122,122,0,0.0,122,122,122,0,0.0,101,101,101,0,0.0,2,2,0,2,2,0,1,1,0,0.00150990099009901,0.00150990099009901,0.00150990099009901,0.0,0.0,0.0,0.00150990099009901,0.00150990099009901,0.00150990099009901,0.0,0.0,0.0,0.00125,0.00125,0.00125,0.0,0.0,0.0,2.440281030444965,2.440281030444965,61.0,61.0,61.0,61.0,101.0,101.0,770,770,0,0.0,101,101,2,2,2,2,1,1,0.0
SPD,2,2,1,0.0,ok,,apache1,factor-l,/home/scan_SpTRSV/data/factors/spcg/apache1/spcg_spilu_l_apache1_fill10_drop0.0001_sp0.mtx,80800,long-chain-aware-drop,0.05,0.0,0.0001,-1,1,1,0,0,2634940,2634940,830,830,77374,77374,0,427,427,1042,1042,0,0.0,0.0,0.0,19508,19508,0,0.0,11009,11009,0,122,122,122,0,0.0,122,122,122,0,0.0,101,101,101,0,0.0,2,2,0,2,2,0,1,1,0,0.00150990099009901,0.00150990099009901,0.00150990099009901,0.0,0.0,0.0,0.00150990099009901,0.00150990099009901,0.00150990099009901,0.0,0.0,0.0,0.00125,0.00125,0.00125,0.0,0.0,0.0,2.440281030444965,2.440281030444965,61.0,61.0,61.0,61.0,101.0,101.0,770,770,0,0.0,101,101,2,2,2,2,1,1,0.0
SPD,2,2,1,0.0,ok,,apache1,factor-l,/home/scan_SpTRSV/data/factors/spcg/apache1/spcg_spilu_l_apache1_fill10_drop0.0001_sp0.mtx,80800,long-chain-aware-drop,0.05,0.0,0.001,1,1,1,0,0,2634940,2634940,830,830,77374,77374,0,427,427,1042,1042,0,0.0,0.0,0.0,19508,19508,0,0.0,11009,11009,0,122,122,122,0,0.0,122,122,122,0,0.0,101,101,101,0,0.0,2,2,0,2,2,0,1,1,0,0.00150990099009901,0.00150990099009901,0.00150990099009901,0.0,0.0,0.0,0.00150990099009901,0.00150990099009901,0.00150990099009901,0.0,0.0,0.0,0.00125,0.00125,0.00125,0.0,0.0,0.0,2.440281030444965,2.440281030444965,61.0,61.0,61.0,61.0,101.0,101.0,770,770,0,0.0,101,101,2,2,2,2,1,1,0.0
SPD,2,2,1,0.0,ok,,apache1,factor-l,/home/scan_SpTRSV/data/factors/spcg/apache1/spcg_spilu_l_apache1_fill10_drop0.0001_sp0.mtx,80800,long-chain-aware-drop,0.05,7.969820944689443e-06,0.001,-1,1,1,21,10,2634940,2634919,830,830,77374,77374,0,427,427,1042,1042,0,0.0,0.0,0.0,19508,19510,2,2.4752475247524754e-05,11009,11009,0,122,122,122,0,0.0,122,122,122,0,0.0,101,101,101,0,0.0,2,2,0,2,2,0,1,1,0,0.00150990099009901,0.00150990099009901,0.00150990099009901,0.0,0.0,0.0,0.00150990099009901,0.00150990099009901,0.00150990099009901,0.0,0.0,0.0,0.00125,0.00125,0.00125,0.0,0.0,0.0,2.440281030444965,2.440281030444965,61.0,61.0,61.0,61.0,101.0,101.0,770,770,0,0.0,101,101,2,2,2,2,1,1,0.0
SPD,3,2,1,2.9349579207920793,ok,,apache1,factor-l,/home/scan_SpTRSV/data/factors/spcg/apache1/spcg_spilu_l_apache1_fill10_drop0.0001_sp0.mtx,80800,long-chain-aware-drop,0.05,3.7951528308044964e-07,0.01,1,1,1,1,1,2634940,2634939,830,831,77374,77373,1,427,426,1042,1042,0,0.0,0.0,0.0,19508,19506,-2,-2.4752475247524754e-05,11009,11009,0,122,131,131,9,9.0,122,122,122,0,0.0,101,101,101,0,0.0,2,3,1,2,2,0,1,1,0,0.00150990099009901,0.0016212871287128712,0.0016212871287128712,0.00011138613861386127,293.4957920792076,2.934957920792076,0.00150990099009901,0.00150990099009901,0.00150990099009901,0.0,0.0,0.0,0.00125,0.00125,0.00125,0.0,0.0,0.0,2.440281030444965,2.4460093896713615,61.0,43.666666666666664,61.0,61.0,101.0,101.0,770,779,9,2.9349579207920793,101,101,2,3,2,2,1,1,0.0
SPD,3,2,1,0.03913277227722772,ok,,apache1,factor-l,/home/scan_SpTRSV/data/factors/spcg/apache1/spcg_spilu_l_apache1_fill10_drop0.0001_sp0.mtx,80800,long-chain-aware-drop,0.05,2.8463646231033724e-05,0.01,-1,1,1,75,12,2634940,2634865,830,831,77374,77373,1,427,426,1042,1042,0,0.0,0.0,0.0,19508,19508,0,0.0,11009,11005,4,122,131,131,9,0.12,122,122,122,0,0.0,101,101,101,0,0.0,2,3,1,2,2,0,1,1,0,0.00150990099009901,0.0016212871287128712,0.0016212871287128712,0.00011138613861386127,3.913277227722768,0.03913277227722768,0.00150990099009901,0.00150990099009901,0.00150990099009901,0.0,0.0,0.0,0.00125,0.00125,0.00125,0.0,0.0,0.0,2.440281030444965,2.4460093896713615,61.0,43.666666666666664,61.0,61.0,101.0,101.0,770,779,9,0.03913277227722772,101,101,2,3,2,2,1,1,0.0
SPD,2,2,1,0.0,ok,,apache1,factor-l,/home/scan_SpTRSV/data/factors/spcg/apache1/spcg_spilu_l_apache1_fill10_drop0.0001_sp0.mtx,80800,long-chain-aware-drop,0.1,0.0,0.0001,1,1,1,0,0,2634940,2634940,830,830,77374,77374,0,427,427,1042,1042,0,0.0,0.0,0.0,19508,19508,0,0.0,11009,11009,0,122,122,122,0,0.0,122,122,122,0,0.0,101,101,101,0,0.0,2,2,0,2,2,0,1,1,0,0.00150990099009901,0.00150990099009901,0.00150990099009901,0.0,0.0,0.0,0.00150990099009901,0.00150990099009901,0.00150990099009901,0.0,0.0,0.0,0.00125,0.00125,0.00125,0.0,0.0,0.0,2.440281030444965,2.440281030444965,61.0,61.0,61.0,61.0,101.0,101.0,770,770,0,0.0,101,101,2,2,2,2,1,1,0.0
SPD,2,2,1,0.0,ok,,apache1,factor-l,/home/scan_SpTRSV/data/factors/spcg/apache1/spcg_spilu_l_apache1_fill10_drop0.0001_sp0.mtx,80800,long-chain-aware-drop,0.1,0.0,0.0001,-1,1,1,0,0,2634940,2634940,830,830,77374,77374,0,427,427,1042,1042,0,0.0,0.0,0.0,19508,19508,0,0.0,11009,11009,0,122,122,122,0,0.0,122,122,122,0,0.0,101,101,101,0,0.0,2,2,0,2,2,0,1,1,0,0.00150990099009901,0.00150990099009901,0.00150990099009901,0.0,0.0,0.0,0.00150990099009901,0.00150990099009901,0.00150990099009901,0.0,0.0,0.0,0.00125,0.00125,0.00125,0.0,0.0,0.0,2.440281030444965,2.440281030444965,61.0,61.0,61.0,61.0,101.0,101.0,770,770,0,0.0,101,101,2,2,2,2,1,1,0.0
SPD,2,2,1,0.0,ok,,apache1,factor-l,/home/scan_SpTRSV/data/factors/spcg/apache1/spcg_spilu_l_apache1_fill10_drop0.0001_sp0.mtx,80800,long-chain-aware-drop,0.1,0.0,0.001,1,1,1,0,0,2634940,2634940,830,830,77374,77374,0,427,427,1042,1042,0,0.0,0.0,0.0,19508,19508,0,0.0,11009,11009,0,122,122,122,0,0.0,122,122,122,0,0.0,101,101,101,0,0.0,2,2,0,2,2,0,1,1,0,0.00150990099009901,0.00150990099009901,0.00150990099009901,0.0,0.0,0.0,0.00150990099009901,0.00150990099009901,0.00150990099009901,0.0,0.0,0.0,0.00125,0.00125,0.00125,0.0,0.0,0.0,2.440281030444965,2.440281030444965,61.0,61.0,61.0,61.0,101.0,101.0,770,770,0,0.0,101,101,2,2,2,2,1,1,0.0
SPD,2,2,1,0.0,ok,,apache1,factor-l,/home/scan_SpTRSV/data/factors/spcg/apache1/spcg_spilu_l_apache1_fill10_drop0.0001_sp0.mtx,80800,long-chain-aware-drop,0.1,7.969820944689443e-06,0.001,-1,1,1,21,10,2634940,2634919,830,830,77374,77374,0,427,427,1042,1042,0,0.0,0.0,0.0,19508,19510,2,2.4752475247524754e-05,11009,11009,0,122,122,122,0,0.0,122,122,122,0,0.0,101,101,101,0,0.0,2,2,0,2,2,0,1,1,0,0.00150990099009901,0.00150990099009901,0.00150990099009901,0.0,0.0,0.0,0.00150990099009901,0.00150990099009901,0.00150990099009901,0.0,0.0,0.0,0.00125,0.00125,0.00125,0.0,0.0,0.0,2.440281030444965,2.440281030444965,61.0,61.0,61.0,61.0,101.0,101.0,770,770,0,0.0,101,101,2,2,2,2,1,1,0.0
SPD,3,2,1,2.9349579207920793,ok,,apache1,factor-l,/home/scan_SpTRSV/data/factors/spcg/apache1/spcg_spilu_l_apache1_fill10_drop0.0001_sp0.mtx,80800,long-chain-aware-drop,0.1,3.7951528308044964e-07,0.01,1,1,1,1,1,2634940,2634939,830,831,77374,77373,1,427,426,1042,1042,0,0.0,0.0,0.0,19508,19506,-2,-2.4752475247524754e-05,11009,11009,0,122,131,131,9,9.0,122,122,122,0,0.0,101,101,101,0,0.0,2,3,1,2,2,0,1,1,0,0.00150990099009901,0.0016212871287128712,0.0016212871287128712,0.00011138613861386127,293.4957920792076,2.934957920792076,0.00150990099009901,0.00150990099009901,0.00150990099009901,0.0,0.0,0.0,0.00125,0.00125,0.00125,0.0,0.0,0.0,2.440281030444965,2.4460093896713615,61.0,43.666666666666664,61.0,61.0,101.0,101.0,770,779,9,2.9349579207920793,101,101,2,3,2,2,1,1,0.0
SPD,3,2,1,0.03913277227722772,ok,,apache1,factor-l,/home/scan_SpTRSV/data/factors/spcg/apache1/spcg_spilu_l_apache1_fill10_drop0.0001_sp0.mtx,80800,long-chain-aware-drop,0.1,2.8463646231033724e-05,0.01,-1,1,1,75,12,2634940,2634865,830,831,77374,77373,1,427,426,1042,1042,0,0.0,0.0,0.0,19508,19508,0,0.0,11009,11005,4,122,131,131,9,0.12,122,122,122,0,0.0,101,101,101,0,0.0,2,3,1,2,2,0,1,1,0,0.00150990099009901,0.0016212871287128712,0.0016212871287128712,0.00011138613861386127,3.913277227722768,0.03913277227722768,0.00150990099009901,0.00150990099009901,0.00150990099009901,0.0,0.0,0.0,0.00125,0.00125,0.00125,0.0,0.0,0.0,2.440281030444965,2.4460093896713615,61.0,43.666666666666664,61.0,61.0,101.0,101.0,770,779,9,0.03913277227722772,101,101,2,3,2,2,1,1,0.0
SPD,0,0,0,0.0,ok,,bcsstk10,factor-l,/home/scan_SpTRSV/data/factors/spcg/bcsstk10/spcg_spilu_l_bcsstk10_fill10_drop0.0001_sp0.mtx,1086,no-drop,0.0,0.0,,0,1,1,0,0,19685,19685,6,6,1078,1078,0,2,2,8,8,0,0.0,0.0,0.0,1086,1086,0,0.0,539,539,0,0,0,0,0,0.0,0,0,0,0,0.0,0,0,0,0,0.0,0,0,0,0,0,0,0,0,0,0.0,0.0,0.0,0.0,0.0,0.0,0.0,0.0,0.0,0.0,0.0,0.0,0.0,0.0,0.0,0.0,0.0,0.0,4.0,4.0,0.0,0.0,0.0,0.0,0.0,0.0,0,0,0,0.0,6,6,0,0,0,0,0,0,0.0
SPD,0,0,0,0.0,ok,,bcsstk10,factor-l,/home/scan_SpTRSV/data/factors/spcg/bcsstk10/spcg_spilu_l_bcsstk10_fill10_drop0.0001_sp0.mtx,1086,magnitude-drop,0.01,0.009956819913639827,0.0001,1,1,1,196,196,19685,19489,6,6,1078,1078,0,2,2,8,8,0,0.0,0.0,0.0,1086,1086,0,0.0,539,539,0,0,0,0,0,0.0,0,0,0,0,0.0,0,0,0,0,0.0,0,0,0,0,0,0,0,0,0,0.0,0.0,0.0,0.0,0.0,0.0,0.0,0.0,0.0,0.0,0.0,0.0,0.0,0.0,0.0,0.0,0.0,0.0,4.0,4.0,0.0,0.0,0.0,0.0,0.0,0.0,0,0,0,0.0,6,6,0,0,0,0,0,0,0.0
SPD,0,0,0,0.0,ok,,bcsstk10,factor-l,/home/scan_SpTRSV/data/factors/spcg/bcsstk10/spcg_spilu_l_bcsstk10_fill10_drop0.0001_sp0.mtx,1086,magnitude-drop,0.01,0.009956819913639827,0.0001,-1,1,1,196,137,19685,19489,6,6,1078,1078,0,2,2,8,8,0,0.0,0.0,0.0,1086,1086,0,0.0,539,539,0,0,0,0,0,0.0,0,0,0,0,0.0,0,0,0,0,0.0,0,0,0,0,0,0,0,0,0,0.0,0.0,0.0,0.0,0.0,0.0,0.0,0.0,0.0,0.0,0.0,0.0,0.0,0.0,0.0,0.0,0.0,0.0,4.0,4.0,0.0,0.0,0.0,0.0,0.0,0.0,0,0,0,0.0,6,6,0,0,0,0,0,0,0.0
SPD,0,0,0,0.0,ok,,bcsstk10,factor-l,/home/scan_SpTRSV/data/factors/spcg/bcsstk10/spcg_spilu_l_bcsstk10_fill10_drop0.0001_sp0.mtx,1086,magnitude-drop,0.01,0.009956819913639827,0.001,1,1,1,196,196,19685,19489,6,6,1078,1078,0,2,2,8,8,0,0.0,0.0,0.0,1086,1086,0,0.0,539,539,0,0,0,0,0,0.0,0,0,0,0,0.0,0,0,0,0,0.0,0,0,0,0,0,0,0,0,0,0.0,0.0,0.0,0.0,0.0,0.0,0.0,0.0,0.0,0.0,0.0,0.0,0.0,0.0,0.0,0.0,0.0,0.0,4.0,4.0,0.0,0.0,0.0,0.0,0.0,0.0,0,0,0,0.0,6,6,0,0,0,0,0,0,0.0
SPD,0,0,0,0.0,ok,,bcsstk10,factor-l,/home/scan_SpTRSV/data/factors/spcg/bcsstk10/spcg_spilu_l_bcsstk10_fill10_drop0.0001_sp0.mtx,1086,magnitude-drop,0.01,0.009956819913639827,0.001,-1,1,1,196,137,19685,19489,6,6,1078,1078,0,2,2,8,8,0,0.0,0.0,0.0,1086,1086,0,0.0,539,539,0,0,0,0,0,0.0,0,0,0,0,0.0,0,0,0,0,0.0,0,0,0,0,0,0,0,0,0,0.0,0.0,0.0,0.0,0.0,0.0,0.0,0.0,0.0,0.0,0.0,0.0,0.0,0.0,0.0,0.0,0.0,0.0,4.0,4.0,0.0,0.0,0.0,0.0,0.0,0.0,0,0,0,0.0,6,6,0,0,0,0,0,0,0.0
SPD,0,0,0,0.0,ok,,bcsstk10,factor-l,/home/scan_SpTRSV/data/factors/spcg/bcsstk10/spcg_spilu_l_bcsstk10_fill10_drop0.0001_sp0.mtx,1086,magnitude-drop,0.01,0.009956819913639827,0.01,1,1,1,196,196,19685,19489,6,6,1078,1078,0,2,2,8,8,0,0.0,0.0,0.0,1086,1086,0,0.0,539,539,0,0,0,0,0,0.0,0,0,0,0,0.0,0,0,0,0,0.0,0,0,0,0,0,0,0,0,0,0.0,0.0,0.0,0.0,0.0,0.0,0.0,0.0,0.0,0.0,0.0,0.0,0.0,0.0,0.0,0.0,0.0,0.0,4.0,4.0,0.0,0.0,0.0,0.0,0.0,0.0,0,0,0,0.0,6,6,0,0,0,0,0,0,0.0
SPD,0,0,0,0.0,ok,,bcsstk10,factor-l,/home/scan_SpTRSV/data/factors/spcg/bcsstk10/spcg_spilu_l_bcsstk10_fill10_drop0.0001_sp0.mtx,1086,magnitude-drop,0.01,0.009956819913639827,0.01,-1,1,1,196,137,19685,19489,6,6,1078,1078,0,2,2,8,8,0,0.0,0.0,0.0,1086,1086,0,0.0,539,539,0,0,0,0,0,0.0,0,0,0,0,0.0,0,0,0,0,0.0,0,0,0,0,0,0,0,0,0,0.0,0.0,0.0,0.0,0.0,0.0,0.0,0.0,0.0,0.0,0.0,0.0,0.0,0.0,0.0,0.0,0.0,0.0,4.0,4.0,0.0,0.0,0.0,0.0,0.0,0.0,0,0,0,0.0,6,6,0,0,0,0,0,0,0.0
SPD,0,0,0,0.0,ok,,bcsstk10,factor-l,/home/scan_SpTRSV/data/factors/spcg/bcsstk10/spcg_spilu_l_bcsstk10_fill10_drop0.0001_sp0.mtx,1086,magnitude-drop,0.02,0.010363220726441453,0.0001,1,1,1,204,204,19685,19481,6,6,1078,1078,0,2,2,8,8,0,0.0,0.0,0.0,1086,1086,0,0.0,539,539,0,0,0,0,0,0.0,0,0,0,0,0.0,0,0,0,0,0.0,0,0,0,0,0,0,0,0,0,0.0,0.0,0.0,0.0,0.0,0.0,0.0,0.0,0.0,0.0,0.0,0.0,0.0,0.0,0.0,0.0,0.0,0.0,4.0,4.0,0.0,0.0,0.0,0.0,0.0,0.0,0,0,0,0.0,6,6,0,0,0,0,0,0,0.0
SPD,0,0,0,0.0,ok,,bcsstk10,factor-l,/home/scan_SpTRSV/data/factors/spcg/bcsstk10/spcg_spilu_l_bcsstk10_fill10_drop0.0001_sp0.mtx,1086,magnitude-drop,0.02,0.01366522733045466,0.0001,-1,1,1,269,204,19685,19416,6,6,1078,1078,0,2,2,8,8,0,0.0,0.0,0.0,1086,1086,0,0.0,539,539,0,0,0,0,0,0.0,0,0,0,0,0.0,0,0,0,0,0.0,0,0,0,0,0,0,0,0,0,0.0,0.0,0.0,0.0,0.0,0.0,0.0,0.0,0.0,0.0,0.0,0.0,0.0,0.0,0.0,0.0,0.0,0.0,4.0,4.0,0.0,0.0,0.0,0.0,0.0,0.0,0,0,0,0.0,6,6,0,0,0,0,0,0,0.0
SPD,0,0,0,0.0,ok,,bcsstk10,factor-l,/home/scan_SpTRSV/data/factors/spcg/bcsstk10/spcg_spilu_l_bcsstk10_fill10_drop0.0001_sp0.mtx,1086,magnitude-drop,0.02,0.01996443992887986,0.001,1,1,1,393,393,19685,19292,6,6,1078,1078,0,2,2,8,8,0,0.0,0.0,0.0,1086,1085,-1,-0.0009208103130755065,539,539,0,0,0,0,0,0.0,0,0,0,0,0.0,0,0,0,0,0.0,0,0,0,0,0,0,0,0,0,0.0,0.0,0.0,0.0,0.0,0.0,0.0,0.0,0.0,0.0,0.0,0.0,0.0,0.0,0.0,0.0,0.0,0.0,4.0,4.0,0.0,0.0,0.0,0.0,0.0,0.0,0,0,0,0.0,6,6,0,0,0,0,0,0,0.0
SPD,0,0,0,0.0,ok,,bcsstk10,factor-l,/home/scan_SpTRSV/data/factors/spcg/bcsstk10/spcg_spilu_l_bcsstk10_fill10_drop0.0001_sp0.mtx,1086,magnitude-drop,0.02,0.01996443992887986,0.001,-1,1,1,393,247,19685,19292,6,6,1078,1078,0,2,2,8,8,0,0.0,0.0,0.0,1086,1086,0,0.0,539,539,0,0,0,0,0,0.0,0,0,0,0,0.0,0,0,0,0,0.0,0,0,0,0,0,0,0,0,0,0.0,0.0,0.0,0.0,0.0,0.0,0.0,0.0,0.0,0.0,0.0,0.0,0.0,0.0,0.0,0.0,0.0,0.0,4.0,4.0,0.0,0.0,0.0,0.0,0.0,0.0,0,0,0,0.0,6,6,0,0,0,0,0,0,0.0
SPD,0,0,0,0.0,ok,,bcsstk10,factor-l,/home/scan_SpTRSV/data/factors/spcg/bcsstk10/spcg_spilu_l_bcsstk10_fill10_drop0.0001_sp0.mtx,1086,magnitude-drop,0.02,0.01996443992887986,0.01,1,1,1,393,393,19685,19292,6,6,1078,1078,0,2,2,8,8,0,0.0,0.0,0.0,1086,1085,-1,-0.0009208103130755065,539,539,0,0,0,0,0,0.0,0,0,0,0,0.0,0,0,0,0,0.0,0,0,0,0,0,0,0,0,0,0.0,0.0,0.0,0.0,0.0,0.0,0.0,0.0,0.0,0.0,0.0,0.0,0.0,0.0,0.0,0.0,0.0,0.0,4.0,4.0,0.0,0.0,0.0,0.0,0.0,0.0,0,0,0,0.0,6,6,0,0,0,0,0,0,0.0
SPD,0,0,0,0.0,ok,,bcsstk10,factor-l,/home/scan_SpTRSV/data/factors/spcg/bcsstk10/spcg_spilu_l_bcsstk10_fill10_drop0.0001_sp0.mtx,1086,magnitude-drop,0.02,0.01996443992887986,0.01,-1,1,1,393,247,19685,19292,6,6,1078,1078,0,2,2,8,8,0,0.0,0.0,0.0,1086,1086,0,0.0,539,539,0,0,0,0,0,0.0,0,0,0,0,0.0,0,0,0,0,0.0,0,0,0,0,0,0,0,0,0,0.0,0.0,0.0,0.0,0.0,0.0,0.0,0.0,0.0,0.0,0.0,0.0,0.0,0.0,0.0,0.0,0.0,0.0,4.0,4.0,0.0,0.0,0.0,0.0,0.0,0.0,0,0,0,0.0,6,6,0,0,0,0,0,0,0.0
SPD,0,0,0,0.0,ok,,bcsstk10,factor-l,/home/scan_SpTRSV/data/factors/spcg/bcsstk10/spcg_spilu_l_bcsstk10_fill10_drop0.0001_sp0.mtx,1086,magnitude-drop,0.05,0.010363220726441453,0.0001,1,1,1,204,204,19685,19481,6,6,1078,1078,0,2,2,8,8,0,0.0,0.0,0.0,1086,1086,0,0.0,539,539,0,0,0,0,0,0.0,0,0,0,0,0.0,0,0,0,0,0.0,0,0,0,0,0,0,0,0,0,0.0,0.0,0.0,0.0,0.0,0.0,0.0,0.0,0.0,0.0,0.0,0.0,0.0,0.0,0.0,0.0,0.0,0.0,4.0,4.0,0.0,0.0,0.0,0.0,0.0,0.0,0,0,0,0.0,6,6,0,0,0,0,0,0,0.0
SPD,0,0,0,0.0,ok,,bcsstk10,factor-l,/home/scan_SpTRSV/data/factors/spcg/bcsstk10/spcg_spilu_l_bcsstk10_fill10_drop0.0001_sp0.mtx,1086,magnitude-drop,0.05,0.01366522733045466,0.0001,-1,1,1,269,204,19685,19416,6,6,1078,1078,0,2,2,8,8,0,0.0,0.0,0.0,1086,1086,0,0.0,539,539,0,0,0,0,0,0.0,0,0,0,0,0.0,0,0,0,0,0.0,0,0,0,0,0,0,0,0,0,0.0,0.0,0.0,0.0,0.0,0.0,0.0,0.0,0.0,0.0,0.0,0.0,0.0,0.0,0.0,0.0,0.0,0.0,4.0,4.0,0.0,0.0,0.0,0.0,0.0,0.0,0,0,0,0.0,6,6,0,0,0,0,0,0,0.0
SPD,0,0,0,0.0,ok,,bcsstk10,factor-l,/home/scan_SpTRSV/data/factors/spcg/bcsstk10/spcg_spilu_l_bcsstk10_fill10_drop0.0001_sp0.mtx,1086,magnitude-drop,0.05,0.03261366522733045,0.001,1,1,1,642,642,19685,19043,6,6,1078,1078,0,2,2,8,8,0,0.0,0.0,0.0,1086,1085,-1,-0.0009208103130755065,539,539,0,0,0,0,0,0.0,0,0,0,0,0.0,0,0,0,0,0.0,0,0,0,0,0,0,0,0,0,0.0,0.0,0.0,0.0,0.0,0.0,0.0,0.0,0.0,0.0,0.0,0.0,0.0,0.0,0.0,0.0,0.0,0.0,4.0,4.0,0.0,0.0,0.0,0.0,0.0,0.0,0,0,0,0.0,6,6,0,0,0,0,0,0,0.0
SPD,0,0,0,0.0,ok,,bcsstk10,factor-l,/home/scan_SpTRSV/data/factors/spcg/bcsstk10/spcg_spilu_l_bcsstk10_fill10_drop0.0001_sp0.mtx,1086,magnitude-drop,0.05,0.04998729997459995,0.001,-1,1,1,984,485,19685,18701,6,6,1078,1078,0,2,2,8,8,0,0.0,0.0,0.0,1086,1085,-1,-0.0009208103130755065,539,539,0,0,0,0,0,0.0,0,0,0,0,0.0,0,0,0,0,0.0,0,0,0,0,0,0,0,0,0,0.0,0.0,0.0,0.0,0.0,0.0,0.0,0.0,0.0,0.0,0.0,0.0,0.0,0.0,0.0,0.0,0.0,0.0,4.0,4.0,0.0,0.0,0.0,0.0,0.0,0.0,0,0,0,0.0,6,6,0,0,0,0,0,0,0.0
SPD,0,0,0,0.0,ok,,bcsstk10,factor-l,/home/scan_SpTRSV/data/factors/spcg/bcsstk10/spcg_spilu_l_bcsstk10_fill10_drop0.0001_sp0.mtx,1086,magnitude-drop,0.05,0.04998729997459995,0.01,1,1,1,984,984,19685,18701,6,6,1078,1078,0,2,2,8,8,0,0.0,0.0,0.0,1086,951,-135,-0.12430939226519337,539,438,101,0,0,0,0,0.0,0,0,0,0,0.0,0,0,0,0,0.0,0,0,0,0,0,0,0,0,0,0.0,0.0,0.0,0.0,0.0,0.0,0.0,0.0,0.0,0.0,0.0,0.0,0.0,0.0,0.0,0.0,0.0,0.0,4.0,4.0,0.0,0.0,0.0,0.0,0.0,0.0,0,0,0,0.0,6,6,0,0,0,0,0,0,0.0
SPD,0,0,0,0.0,ok,,bcsstk10,factor-l,/home/scan_SpTRSV/data/factors/spcg/bcsstk10/spcg_spilu_l_bcsstk10_fill10_drop0.0001_sp0.mtx,1086,magnitude-drop,0.05,0.04998729997459995,0.01,-1,1,1,984,485,19685,18701,6,6,1078,1078,0,2,2,8,8,0,0.0,0.0,0.0,1086,1085,-1,-0.0009208103130755065,539,539,0,0,0,0,0,0.0,0,0,0,0,0.0,0,0,0,0,0.0,0,0,0,0,0,0,0,0,0,0.0,0.0,0.0,0.0,0.0,0.0,0.0,0.0,0.0,0.0,0.0,0.0,0.0,0.0,0.0,0.0,0.0,0.0,4.0,4.0,0.0,0.0,0.0,0.0,0.0,0.0,0,0,0,0.0,6,6,0,0,0,0,0,0,0.0
SPD,0,0,0,0.0,ok,,bcsstk10,factor-l,/home/scan_SpTRSV/data/factors/spcg/bcsstk10/spcg_spilu_l_bcsstk10_fill10_drop0.0001_sp0.mtx,1086,magnitude-drop,0.1,0.010363220726441453,0.0001,1,1,1,204,204,19685,19481,6,6,1078,1078,0,2,2,8,8,0,0.0,0.0,0.0,1086,1086,0,0.0,539,539,0,0,0,0,0,0.0,0,0,0,0,0.0,0,0,0,0,0.0,0,0,0,0,0,0,0,0,0,0.0,0.0,0.0,0.0,0.0,0.0,0.0,0.0,0.0,0.0,0.0,0.0,0.0,0.0,0.0,0.0,0.0,0.0,4.0,4.0,0.0,0.0,0.0,0.0,0.0,0.0,0,0,0,0.0,6,6,0,0,0,0,0,0,0.0
SPD,0,0,0,0.0,ok,,bcsstk10,factor-l,/home/scan_SpTRSV/data/factors/spcg/bcsstk10/spcg_spilu_l_bcsstk10_fill10_drop0.0001_sp0.mtx,1086,magnitude-drop,0.1,0.01366522733045466,0.0001,-1,1,1,269,204,19685,19416,6,6,1078,1078,0,2,2,8,8,0,0.0,0.0,0.0,1086,1086,0,0.0,539,539,0,0,0,0,0,0.0,0,0,0,0,0.0,0,0,0,0,0.0,0,0,0,0,0,0,0,0,0,0.0,0.0,0.0,0.0,0.0,0.0,0.0,0.0,0.0,0.0,0.0,0.0,0.0,0.0,0.0,0.0,0.0,0.0,4.0,4.0,0.0,0.0,0.0,0.0,0.0,0.0,0,0,0,0.0,6,6,0,0,0,0,0,0,0.0
SPD,0,0,0,0.0,ok,,bcsstk10,factor-l,/home/scan_SpTRSV/data/factors/spcg/bcsstk10/spcg_spilu_l_bcsstk10_fill10_drop0.0001_sp0.mtx,1086,magnitude-drop,0.1,0.03261366522733045,0.001,1,1,1,642,642,19685,19043,6,6,1078,1078,0,2,2,8,8,0,0.0,0.0,0.0,1086,1085,-1,-0.0009208103130755065,539,539,0,0,0,0,0,0.0,0,0,0,0,0.0,0,0,0,0,0.0,0,0,0,0,0,0,0,0,0,0.0,0.0,0.0,0.0,0.0,0.0,0.0,0.0,0.0,0.0,0.0,0.0,0.0,0.0,0.0,0.0,0.0,0.0,4.0,4.0,0.0,0.0,0.0,0.0,0.0,0.0,0,0,0,0.0,6,6,0,0,0,0,0,0,0.0
SPD,0,0,0,0.0,ok,,bcsstk10,factor-l,/home/scan_SpTRSV/data/factors/spcg/bcsstk10/spcg_spilu_l_bcsstk10_fill10_drop0.0001_sp0.mtx,1086,magnitude-drop,0.1,0.06324612649225299,0.001,-1,1,1,1245,642,19685,18440,6,6,1078,1078,0,2,2,8,8,0,0.0,0.0,0.0,1086,1085,-1,-0.0009208103130755065,539,539,0,0,0,0,0,0.0,0,0,0,0,0.0,0,0,0,0,0.0,0,0,0,0,0,0,0,0,0,0.0,0.0,0.0,0.0,0.0,0.0,0.0,0.0,0.0,0.0,0.0,0.0,0.0,0.0,0.0,0.0,0.0,0.0,4.0,4.0,0.0,0.0,0.0,0.0,0.0,0.0,0,0,0,0.0,6,6,0,0,0,0,0,0,0.0
SPD,0,0,0,0.0,ok,,bcsstk10,factor-l,/home/scan_SpTRSV/data/factors/spcg/bcsstk10/spcg_spilu_l_bcsstk10_fill10_drop0.0001_sp0.mtx,1086,magnitude-drop,0.1,0.05044450088900178,0.01,1,1,1,993,993,19685,18692,6,6,1078,1078,0,2,2,8,8,0,0.0,0.0,0.0,1086,945,-141,-0.1298342541436464,539,435,104,0,0,0,0,0.0,0,0,0,0,0.0,0,0,0,0,0.0,0,0,0,0,0,0,0,0,0,0.0,0.0,0.0,0.0,0.0,0.0,0.0,0.0,0.0,0.0,0.0,0.0,0.0,0.0,0.0,0.0,0.0,0.0,4.0,4.0,0.0,0.0,0.0,0.0,0.0,0.0,0,0,0,0.0,6,6,0,0,0,0,0,0,0.0
SPD,0,0,0,0.0,ok,,bcsstk10,factor-l,/home/scan_SpTRSV/data/factors/spcg/bcsstk10/spcg_spilu_l_bcsstk10_fill10_drop0.0001_sp0.mtx,1086,magnitude-drop,0.1,0.0999745999491999,0.01,-1,1,1,1968,767,19685,17717,6,6,1078,1078,0,2,2,8,8,0,0.0,0.0,0.0,1086,1085,-1,-0.0009208103130755065,539,539,0,0,0,0,0,0.0,0,0,0,0,0.0,0,0,0,0,0.0,0,0,0,0,0,0,0,0,0,0.0,0.0,0.0,0.0,0.0,0.0,0.0,0.0,0.0,0.0,0.0,0.0,0.0,0.0,0.0,0.0,0.0,0.0,4.0,4.0,0.0,0.0,0.0,0.0,0.0,0.0,0,0,0,0.0,6,6,0,0,0,0,0,0,0.0
SPD,0,0,0,0.0,ok,,bcsstk10,factor-l,/home/scan_SpTRSV/data/factors/spcg/bcsstk10/spcg_spilu_l_bcsstk10_fill10_drop0.0001_sp0.mtx,1086,wavefront-oriented,0.01,0.009956819913639827,0.0001,1,1,1,196,196,19685,19489,6,6,1078,1078,0,2,2,8,8,0,0.0,0.0,0.0,1086,1086,0,0.0,539,539,0,0,0,0,0,0.0,0,0,0,0,0.0,0,0,0,0,0.0,0,0,0,0,0,0,0,0,0,0.0,0.0,0.0,0.0,0.0,0.0,0.0,0.0,0.0,0.0,0.0,0.0,0.0,0.0,0.0,0.0,0.0,0.0,4.0,4.0,0.0,0.0,0.0,0.0,0.0,0.0,0,0,0,0.0,6,6,0,0,0,0,0,0,0.0
SPD,0,0,0,0.0,ok,,bcsstk10,factor-l,/home/scan_SpTRSV/data/factors/spcg/bcsstk10/spcg_spilu_l_bcsstk10_fill10_drop0.0001_sp0.mtx,1086,wavefront-oriented,0.01,0.009956819913639827,0.0001,-1,1,1,196,148,19685,19489,6,6,1078,1078,0,2,2,8,8,0,0.0,0.0,0.0,1086,1086,0,0.0,539,539,0,0,0,0,0,0.0,0,0,0,0,0.0,0,0,0,0,0.0,0,0,0,0,0,0,0,0,0,0.0,0.0,0.0,0.0,0.0,0.0,0.0,0.0,0.0,0.0,0.0,0.0,0.0,0.0,0.0,0.0,0.0,0.0,4.0,4.0,0.0,0.0,0.0,0.0,0.0,0.0,0,0,0,0.0,6,6,0,0,0,0,0,0,0.0
SPD,0,0,0,0.0,ok,,bcsstk10,factor-l,/home/scan_SpTRSV/data/factors/spcg/bcsstk10/spcg_spilu_l_bcsstk10_fill10_drop0.0001_sp0.mtx,1086,wavefront-oriented,0.01,0.009956819913639827,0.001,1,1,1,196,196,19685,19489,6,6,1078,1078,0,2,2,8,8,0,0.0,0.0,0.0,1086,1086,0,0.0,539,539,0,0,0,0,0,0.0,0,0,0,0,0.0,0,0,0,0,0.0,0,0,0,0,0,0,0,0,0,0.0,0.0,0.0,0.0,0.0,0.0,0.0,0.0,0.0,0.0,0.0,0.0,0.0,0.0,0.0,0.0,0.0,0.0,4.0,4.0,0.0,0.0,0.0,0.0,0.0,0.0,0,0,0,0.0,6,6,0,0,0,0,0,0,0.0
SPD,0,0,0,0.0,ok,,bcsstk10,factor-l,/home/scan_SpTRSV/data/factors/spcg/bcsstk10/spcg_spilu_l_bcsstk10_fill10_drop0.0001_sp0.mtx,1086,wavefront-oriented,0.01,0.009956819913639827,0.001,-1,1,1,196,95,19685,19489,6,6,1078,1078,0,2,2,8,8,0,0.0,0.0,0.0,1086,1086,0,0.0,539,539,0,0,0,0,0,0.0,0,0,0,0,0.0,0,0,0,0,0.0,0,0,0,0,0,0,0,0,0,0.0,0.0,0.0,0.0,0.0,0.0,0.0,0.0,0.0,0.0,0.0,0.0,0.0,0.0,0.0,0.0,0.0,0.0,4.0,4.0,0.0,0.0,0.0,0.0,0.0,0.0,0,0,0,0.0,6,6,0,0,0,0,0,0,0.0
SPD,0,0,0,0.0,ok,,bcsstk10,factor-l,/home/scan_SpTRSV/data/factors/spcg/bcsstk10/spcg_spilu_l_bcsstk10_fill10_drop0.0001_sp0.mtx,1086,wavefront-oriented,0.01,0.009956819913639827,0.01,1,1,1,196,196,19685,19489,6,6,1078,1078,0,2,2,8,8,0,0.0,0.0,0.0,1086,1027,-59,-0.05432780847145488,539,495,44,0,0,0,0,0.0,0,0,0,0,0.0,0,0,0,0,0.0,0,0,0,0,0,0,0,0,0,0.0,0.0,0.0,0.0,0.0,0.0,0.0,0.0,0.0,0.0,0.0,0.0,0.0,0.0,0.0,0.0,0.0,0.0,4.0,4.0,0.0,0.0,0.0,0.0,0.0,0.0,0,0,0,0.0,6,6,0,0,0,0,0,0,0.0
SPD,0,0,0,0.0,ok,,bcsstk10,factor-l,/home/scan_SpTRSV/data/factors/spcg/bcsstk10/spcg_spilu_l_bcsstk10_fill10_drop0.0001_sp0.mtx,1086,wavefront-oriented,0.01,0.009956819913639827,0.01,-1,1,1,196,38,19685,19489,6,6,1078,1078,0,2,2,8,8,0,0.0,0.0,0.0,1086,1073,-13,-0.011970534069981584,539,529,10,0,0,0,0,0.0,0,0,0,0,0.0,0,0,0,0,0.0,0,0,0,0,0,0,0,0,0,0.0,0.0,0.0,0.0,0.0,0.0,0.0,0.0,0.0,0.0,0.0,0.0,0.0,0.0,0.0,0.0,0.0,0.0,4.0,4.0,0.0,0.0,0.0,0.0,0.0,0.0,0,0,0,0.0,6,6,0,0,0,0,0,0,0.0
SPD,0,0,0,0.0,ok,,bcsstk10,factor-l,/home/scan_SpTRSV/data/factors/spcg/bcsstk10/spcg_spilu_l_bcsstk10_fill10_drop0.0001_sp0.mtx,1086,wavefront-oriented,0.02,0.010363220726441453,0.0001,1,1,1,204,204,19685,19481,6,6,1078,1078,0,2,2,8,8,0,0.0,0.0,0.0,1086,1086,0,0.0,539,539,0,0,0,0,0,0.0,0,0,0,0,0.0,0,0,0,0,0.0,0,0,0,0,0,0,0,0,0,0.0,0.0,0.0,0.0,0.0,0.0,0.0,0.0,0.0,0.0,0.0,0.0,0.0,0.0,0.0,0.0,0.0,0.0,4.0,4.0,0.0,0.0,0.0,0.0,0.0,0.0,0,0,0,0.0,6,6,0,0,0,0,0,0,0.0
SPD,0,0,0,0.0,ok,,bcsstk10,factor-l,/home/scan_SpTRSV/data/factors/spcg/bcsstk10/spcg_spilu_l_bcsstk10_fill10_drop0.0001_sp0.mtx,1086,wavefront-oriented,0.02,0.01366522733045466,0.0001,-1,1,1,269,204,19685,19416,6,6,1078,1078,0,2,2,8,8,0,0.0,0.0,0.0,1086,1086,0,0.0,539,539,0,0,0,0,0,0.0,0,0,0,0,0.0,0,0,0,0,0.0,0,0,0,0,0,0,0,0,0,0.0,0.0,0.0,0.0,0.0,0.0,0.0,0.0,0.0,0.0,0.0,0.0,0.0,0.0,0.0,0.0,0.0,0.0,4.0,4.0,0.0,0.0,0.0,0.0,0.0,0.0,0,0,0,0.0,6,6,0,0,0,0,0,0,0.0
SPD,0,0,0,0.0,ok,,bcsstk10,factor-l,/home/scan_SpTRSV/data/factors/spcg/bcsstk10/spcg_spilu_l_bcsstk10_fill10_drop0.0001_sp0.mtx,1086,wavefront-oriented,0.02,0.01996443992887986,0.001,1,1,1,393,393,19685,19292,6,6,1078,1078,0,2,2,8,8,0,0.0,0.0,0.0,1086,1086,0,0.0,539,539,0,0,0,0,0,0.0,0,0,0,0,0.0,0,0,0,0,0.0,0,0,0,0,0,0,0,0,0,0.0,0.0,0.0,0.0,0.0,0.0,0.0,0.0,0.0,0.0,0.0,0.0,0.0,0.0,0.0,0.0,0.0,0.0,4.0,4.0,0.0,0.0,0.0,0.0,0.0,0.0,0,0,0,0.0,6,6,0,0,0,0,0,0,0.0
SPD,0,0,0,0.0,ok,,bcsstk10,factor-l,/home/scan_SpTRSV/data/factors/spcg/bcsstk10/spcg_spilu_l_bcsstk10_fill10_drop0.0001_sp0.mtx,1086,wavefront-oriented,0.02,0.01996443992887986,0.001,-1,1,1,393,188,19685,19292,6,6,1078,1078,0,2,2,8,8,0,0.0,0.0,0.0,1086,1086,0,0.0,539,539,0,0,0,0,0,0.0,0,0,0,0,0.0,0,0,0,0,0.0,0,0,0,0,0,0,0,0,0,0.0,0.0,0.0,0.0,0.0,0.0,0.0,0.0,0.0,0.0,0.0,0.0,0.0,0.0,0.0,0.0,0.0,0.0,4.0,4.0,0.0,0.0,0.0,0.0,0.0,0.0,0,0,0,0.0,6,6,0,0,0,0,0,0,0.0
SPD,0,0,0,0.0,ok,,bcsstk10,factor-l,/home/scan_SpTRSV/data/factors/spcg/bcsstk10/spcg_spilu_l_bcsstk10_fill10_drop0.0001_sp0.mtx,1086,wavefront-oriented,0.02,0.01996443992887986,0.01,1,1,1,393,393,19685,19292,6,6,1078,1078,0,2,2,8,8,0,0.0,0.0,0.0,1086,984,-102,-0.09392265193370165,539,464,75,0,0,0,0,0.0,0,0,0,0,0.0,0,0,0,0,0.0,0,0,0,0,0,0,0,0,0,0.0,0.0,0.0,0.0,0.0,0.0,0.0,0.0,0.0,0.0,0.0,0.0,0.0,0.0,0.0,0.0,0.0,0.0,4.0,4.0,0.0,0.0,0.0,0.0,0.0,0.0,0,0,0,0.0,6,6,0,0,0,0,0,0,0.0
SPD,0,0,0,0.0,ok,,bcsstk10,factor-l,/home/scan_SpTRSV/data/factors/spcg/bcsstk10/spcg_spilu_l_bcsstk10_fill10_drop0.0001_sp0.mtx,1086,wavefront-oriented,0.02,0.01996443992887986,0.01,-1,1,1,393,67,19685,19292,6,6,1078,1078,0,2,2,8,8,0,0.0,0.0,0.0,1086,1065,-21,-0.019337016574585635,539,522,17,0,0,0,0,0.0,0,0,0,0,0.0,0,0,0,0,0.0,0,0,0,0,0,0,0,0,0,0.0,0.0,0.0,0.0,0.0,0.0,0.0,0.0,0.0,0.0,0.0,0.0,0.0,0.0,0.0,0.0,0.0,0.0,4.0,4.0,0.0,0.0,0.0,0.0,0.0,0.0,0,0,0,0.0,6,6,0,0,0,0,0,0,0.0
SPD,0,0,0,0.0,ok,,bcsstk10,factor-l,/home/scan_SpTRSV/data/factors/spcg/bcsstk10/spcg_spilu_l_bcsstk10_fill10_drop0.0001_sp0.mtx,1086,wavefront-oriented,0.05,0.010363220726441453,0.0001,1,1,1,204,204,19685,19481,6,6,1078,1078,0,2,2,8,8,0,0.0,0.0,0.0,1086,1086,0,0.0,539,539,0,0,0,0,0,0.0,0,0,0,0,0.0,0,0,0,0,0.0,0,0,0,0,0,0,0,0,0,0.0,0.0,0.0,0.0,0.0,0.0,0.0,0.0,0.0,0.0,0.0,0.0,0.0,0.0,0.0,0.0,0.0,0.0,4.0,4.0,0.0,0.0,0.0,0.0,0.0,0.0,0,0,0,0.0,6,6,0,0,0,0,0,0,0.0
SPD,0,0,0,0.0,ok,,bcsstk10,factor-l,/home/scan_SpTRSV/data/factors/spcg/bcsstk10/spcg_spilu_l_bcsstk10_fill10_drop0.0001_sp0.mtx,1086,wavefront-oriented,0.05,0.01366522733045466,0.0001,-1,1,1,269,204,19685,19416,6,6,1078,1078,0,2,2,8,8,0,0.0,0.0,0.0,1086,1086,0,0.0,539,539,0,0,0,0,0,0.0,0,0,0,0,0.0,0,0,0,0,0.0,0,0,0,0,0,0,0,0,0,0.0,0.0,0.0,0.0,0.0,0.0,0.0,0.0,0.0,0.0,0.0,0.0,0.0,0.0,0.0,0.0,0.0,0.0,4.0,4.0,0.0,0.0,0.0,0.0,0.0,0.0,0,0,0,0.0,6,6,0,0,0,0,0,0,0.0
SPD,0,0,0,0.0,ok,,bcsstk10,factor-l,/home/scan_SpTRSV/data/factors/spcg/bcsstk10/spcg_spilu_l_bcsstk10_fill10_drop0.0001_sp0.mtx,1086,wavefront-oriented,0.05,0.03261366522733045,0.001,1,1,1,642,642,19685,19043,6,6,1078,1078,0,2,2,8,8,0,0.0,0.0,0.0,1086,1085,-1,-0.0009208103130755065,539,539,0,0,0,0,0,0.0,0,0,0,0,0.0,0,0,0,0,0.0,0,0,0,0,0,0,0,0,0,0.0,0.0,0.0,0.0,0.0,0.0,0.0,0.0,0.0,0.0,0.0,0.0,0.0,0.0,0.0,0.0,0.0,0.0,4.0,4.0,0.0,0.0,0.0,0.0,0.0,0.0,0,0,0,0.0,6,6,0,0,0,0,0,0,0.0
SPD,0,0,0,0.0,ok,,bcsstk10,factor-l,/home/scan_SpTRSV/data/factors/spcg/bcsstk10/spcg_spilu_l_bcsstk10_fill10_drop0.0001_sp0.mtx,1086,wavefront-oriented,0.05,0.04998729997459995,0.001,-1,1,1,984,499,19685,18701,6,6,1078,1078,0,2,2,8,8,0,0.0,0.0,0.0,1086,1086,0,0.0,539,539,0,0,0,0,0,0.0,0,0,0,0,0.0,0,0,0,0,0.0,0,0,0,0,0,0,0,0,0,0.0,0.0,0.0,0.0,0.0,0.0,0.0,0.0,0.0,0.0,0.0,0.0,0.0,0.0,0.0,0.0,0.0,0.0,4.0,4.0,0.0,0.0,0.0,0.0,0.0,0.0,0,0,0,0.0,6,6,0,0,0,0,0,0,0.0
SPD,0,0,0,0.0,ok,,bcsstk10,factor-l,/home/scan_SpTRSV/data/factors/spcg/bcsstk10/spcg_spilu_l_bcsstk10_fill10_drop0.0001_sp0.mtx,1086,wavefront-oriented,0.05,0.04998729997459995,0.01,1,1,1,984,984,19685,18701,6,6,1078,1078,0,2,2,8,8,0,0.0,0.0,0.0,1086,931,-155,-0.1427255985267035,539,428,111,0,0,0,0,0.0,0,0,0,0,0.0,0,0,0,0,0.0,0,0,0,0,0,0,0,0,0,0.0,0.0,0.0,0.0,0.0,0.0,0.0,0.0,0.0,0.0,0.0,0.0,0.0,0.0,0.0,0.0,0.0,0.0,4.0,4.0,0.0,0.0,0.0,0.0,0.0,0.0,0,0,0,0.0,6,6,0,0,0,0,0,0,0.0
SPD,0,0,0,0.0,ok,,bcsstk10,factor-l,/home/scan_SpTRSV/data/factors/spcg/bcsstk10/spcg_spilu_l_bcsstk10_fill10_drop0.0001_sp0.mtx,1086,wavefront-oriented,0.05,0.04998729997459995,0.01,-1,1,1,984,165,19685,18701,6,6,1078,1078,0,2,2,8,8,0,0.0,0.0,0.0,1086,1037,-49,-0.04511970534069982,539,496,43,0,0,0,0,0.0,0,0,0,0,0.0,0,0,0,0,0.0,0,0,0,0,0,0,0,0,0,0.0,0.0,0.0,0.0,0.0,0.0,0.0,0.0,0.0,0.0,0.0,0.0,0.0,0.0,0.0,0.0,0.0,0.0,4.0,4.0,0.0,0.0,0.0,0.0,0.0,0.0,0,0,0,0.0,6,6,0,0,0,0,0,0,0.0
SPD,0,0,0,0.0,ok,,bcsstk10,factor-l,/home/scan_SpTRSV/data/factors/spcg/bcsstk10/spcg_spilu_l_bcsstk10_fill10_drop0.0001_sp0.mtx,1086,wavefront-oriented,0.1,0.010363220726441453,0.0001,1,1,1,204,204,19685,19481,6,6,1078,1078,0,2,2,8,8,0,0.0,0.0,0.0,1086,1086,0,0.0,539,539,0,0,0,0,0,0.0,0,0,0,0,0.0,0,0,0,0,0.0,0,0,0,0,0,0,0,0,0,0.0,0.0,0.0,0.0,0.0,0.0,0.0,0.0,0.0,0.0,0.0,0.0,0.0,0.0,0.0,0.0,0.0,0.0,4.0,4.0,0.0,0.0,0.0,0.0,0.0,0.0,0,0,0,0.0,6,6,0,0,0,0,0,0,0.0
SPD,0,0,0,0.0,ok,,bcsstk10,factor-l,/home/scan_SpTRSV/data/factors/spcg/bcsstk10/spcg_spilu_l_bcsstk10_fill10_drop0.0001_sp0.mtx,1086,wavefront-oriented,0.1,0.01366522733045466,0.0001,-1,1,1,269,204,19685,19416,6,6,1078,1078,0,2,2,8,8,0,0.0,0.0,0.0,1086,1086,0,0.0,539,539,0,0,0,0,0,0.0,0,0,0,0,0.0,0,0,0,0,0.0,0,0,0,0,0,0,0,0,0,0.0,0.0,0.0,0.0,0.0,0.0,0.0,0.0,0.0,0.0,0.0,0.0,0.0,0.0,0.0,0.0,0.0,0.0,4.0,4.0,0.0,0.0,0.0,0.0,0.0,0.0,0,0,0,0.0,6,6,0,0,0,0,0,0,0.0
SPD,0,0,0,0.0,ok,,bcsstk10,factor-l,/home/scan_SpTRSV/data/factors/spcg/bcsstk10/spcg_spilu_l_bcsstk10_fill10_drop0.0001_sp0.mtx,1086,wavefront-oriented,0.1,0.03261366522733045,0.001,1,1,1,642,642,19685,19043,6,6,1078,1078,0,2,2,8,8,0,0.0,0.0,0.0,1086,1085,-1,-0.0009208103130755065,539,539,0,0,0,0,0,0.0,0,0,0,0,0.0,0,0,0,0,0.0,0,0,0,0,0,0,0,0,0,0.0,0.0,0.0,0.0,0.0,0.0,0.0,0.0,0.0,0.0,0.0,0.0,0.0,0.0,0.0,0.0,0.0,0.0,4.0,4.0,0.0,0.0,0.0,0.0,0.0,0.0,0,0,0,0.0,6,6,0,0,0,0,0,0,0.0
SPD,0,0,0,0.0,ok,,bcsstk10,factor-l,/home/scan_SpTRSV/data/factors/spcg/bcsstk10/spcg_spilu_l_bcsstk10_fill10_drop0.0001_sp0.mtx,1086,wavefront-oriented,0.1,0.06324612649225299,0.001,-1,1,1,1245,642,19685,18440,6,6,1078,1078,0,2,2,8,8,0,0.0,0.0,0.0,1086,1085,-1,-0.0009208103130755065,539,539,0,0,0,0,0,0.0,0,0,0,0,0.0,0,0,0,0,0.0,0,0,0,0,0,0,0,0,0,0.0,0.0,0.0,0.0,0.0,0.0,0.0,0.0,0.0,0.0,0.0,0.0,0.0,0.0,0.0,0.0,0.0,0.0,4.0,4.0,0.0,0.0,0.0,0.0,0.0,0.0,0,0,0,0.0,6,6,0,0,0,0,0,0,0.0
SPD,0,0,0,0.0,ok,,bcsstk10,factor-l,/home/scan_SpTRSV/data/factors/spcg/bcsstk10/spcg_spilu_l_bcsstk10_fill10_drop0.0001_sp0.mtx,1086,wavefront-oriented,0.1,0.05044450088900178,0.01,1,1,1,993,993,19685,18692,6,6,1078,1078,0,2,2,8,8,0,0.0,0.0,0.0,1086,931,-155,-0.1427255985267035,539,428,111,0,0,0,0,0.0,0,0,0,0,0.0,0,0,0,0,0.0,0,0,0,0,0,0,0,0,0,0.0,0.0,0.0,0.0,0.0,0.0,0.0,0.0,0.0,0.0,0.0,0.0,0.0,0.0,0.0,0.0,0.0,0.0,4.0,4.0,0.0,0.0,0.0,0.0,0.0,0.0,0,0,0,0.0,6,6,0,0,0,0,0,0,0.0
SPD,0,0,0,0.0,ok,,bcsstk10,factor-l,/home/scan_SpTRSV/data/factors/spcg/bcsstk10/spcg_spilu_l_bcsstk10_fill10_drop0.0001_sp0.mtx,1086,wavefront-oriented,0.1,0.0999745999491999,0.01,-1,1,1,1968,341,19685,17717,6,6,1078,1078,0,2,2,8,8,0,0.0,0.0,0.0,1086,995,-91,-0.08379373848987108,539,456,83,0,0,0,0,0.0,0,0,0,0,0.0,0,0,0,0,0.0,0,0,0,0,0,0,0,0,0,0.0,0.0,0.0,0.0,0.0,0.0,0.0,0.0,0.0,0.0,0.0,0.0,0.0,0.0,0.0,0.0,0.0,0.0,4.0,4.0,0.0,0.0,0.0,0.0,0.0,0.0,0,0,0,0.0,6,6,0,0,0,0,0,0,0.0
SPD,0,0,0,0.0,ok,,bcsstk10,factor-l,/home/scan_SpTRSV/data/factors/spcg/bcsstk10/spcg_spilu_l_bcsstk10_fill10_drop0.0001_sp0.mtx,1086,scan-chain-aware,0.01,0.0,0.0001,1,1,1,0,0,19685,19685,6,6,1078,1078,0,2,2,8,8,0,0.0,0.0,0.0,1086,1086,0,0.0,539,539,0,0,0,0,0,0.0,0,0,0,0,0.0,0,0,0,0,0.0,0,0,0,0,0,0,0,0,0,0.0,0.0,0.0,0.0,0.0,0.0,0.0,0.0,0.0,0.0,0.0,0.0,0.0,0.0,0.0,0.0,0.0,0.0,4.0,4.0,0.0,0.0,0.0,0.0,0.0,0.0,0,0,0,0.0,6,6,0,0,0,0,0,0,0.0
SPD,0,0,0,0.0,ok,,bcsstk10,factor-l,/home/scan_SpTRSV/data/factors/spcg/bcsstk10/spcg_spilu_l_bcsstk10_fill10_drop0.0001_sp0.mtx,1086,scan-chain-aware,0.01,0.009956819913639827,0.0001,-1,1,1,196,147,19685,19489,6,6,1078,1078,0,2,2,8,8,0,0.0,0.0,0.0,1086,1086,0,0.0,539,539,0,0,0,0,0,0.0,0,0,0,0,0.0,0,0,0,0,0.0,0,0,0,0,0,0,0,0,0,0.0,0.0,0.0,0.0,0.0,0.0,0.0,0.0,0.0,0.0,0.0,0.0,0.0,0.0,0.0,0.0,0.0,0.0,4.0,4.0,0.0,0.0,0.0,0.0,0.0,0.0,0,0,0,0.0,6,6,0,0,0,0,0,0,0.0
SPD,0,0,0,0.0,ok,,bcsstk10,factor-l,/home/scan_SpTRSV/data/factors/spcg/bcsstk10/spcg_spilu_l_bcsstk10_fill10_drop0.0001_sp0.mtx,1086,scan-chain-aware,0.01,0.0,0.001,1,1,1,0,0,19685,19685,6,6,1078,1078,0,2,2,8,8,0,0.0,0.0,0.0,1086,1086,0,0.0,539,539,0,0,0,0,0,0.0,0,0,0,0,0.0,0,0,0,0,0.0,0,0,0,0,0,0,0,0,0,0.0,0.0,0.0,0.0,0.0,0.0,0.0,0.0,0.0,0.0,0.0,0.0,0.0,0.0,0.0,0.0,0.0,0.0,4.0,4.0,0.0,0.0,0.0,0.0,0.0,0.0,0,0,0,0.0,6,6,0,0,0,0,0,0,0.0
SPD,0,0,0,0.0,ok,,bcsstk10,factor-l,/home/scan_SpTRSV/data/factors/spcg/bcsstk10/spcg_spilu_l_bcsstk10_fill10_drop0.0001_sp0.mtx,1086,scan-chain-aware,0.01,0.009956819913639827,0.001,-1,1,1,196,91,19685,19489,6,6,1078,1078,0,2,2,8,8,0,0.0,0.0,0.0,1086,1086,0,0.0,539,539,0,0,0,0,0,0.0,0,0,0,0,0.0,0,0,0,0,0.0,0,0,0,0,0,0,0,0,0,0.0,0.0,0.0,0.0,0.0,0.0,0.0,0.0,0.0,0.0,0.0,0.0,0.0,0.0,0.0,0.0,0.0,0.0,4.0,4.0,0.0,0.0,0.0,0.0,0.0,0.0,0,0,0,0.0,6,6,0,0,0,0,0,0,0.0
SPD,0,0,0,0.0,ok,,bcsstk10,factor-l,/home/scan_SpTRSV/data/factors/spcg/bcsstk10/spcg_spilu_l_bcsstk10_fill10_drop0.0001_sp0.mtx,1086,scan-chain-aware,0.01,0.0,0.01,1,1,1,0,0,19685,19685,6,6,1078,1078,0,2,2,8,8,0,0.0,0.0,0.0,1086,1086,0,0.0,539,539,0,0,0,0,0,0.0,0,0,0,0,0.0,0,0,0,0,0.0,0,0,0,0,0,0,0,0,0,0.0,0.0,0.0,0.0,0.0,0.0,0.0,0.0,0.0,0.0,0.0,0.0,0.0,0.0,0.0,0.0,0.0,0.0,4.0,4.0,0.0,0.0,0.0,0.0,0.0,0.0,0,0,0,0.0,6,6,0,0,0,0,0,0,0.0
SPD,0,0,0,0.0,ok,,bcsstk10,factor-l,/home/scan_SpTRSV/data/factors/spcg/bcsstk10/spcg_spilu_l_bcsstk10_fill10_drop0.0001_sp0.mtx,1086,scan-chain-aware,0.01,0.009956819913639827,0.01,-1,1,1,196,47,19685,19489,6,6,1078,1078,0,2,2,8,8,0,0.0,0.0,0.0,1086,1083,-3,-0.0027624309392265192,539,535,4,0,0,0,0,0.0,0,0,0,0,0.0,0,0,0,0,0.0,0,0,0,0,0,0,0,0,0,0.0,0.0,0.0,0.0,0.0,0.0,0.0,0.0,0.0,0.0,0.0,0.0,0.0,0.0,0.0,0.0,0.0,0.0,4.0,4.0,0.0,0.0,0.0,0.0,0.0,0.0,0,0,0,0.0,6,6,0,0,0,0,0,0,0.0
SPD,0,0,0,0.0,ok,,bcsstk10,factor-l,/home/scan_SpTRSV/data/factors/spcg/bcsstk10/spcg_spilu_l_bcsstk10_fill10_drop0.0001_sp0.mtx,1086,scan-chain-aware,0.02,0.0,0.0001,1,1,1,0,0,19685,19685,6,6,1078,1078,0,2,2,8,8,0,0.0,0.0,0.0,1086,1086,0,0.0,539,539,0,0,0,0,0,0.0,0,0,0,0,0.0,0,0,0,0,0.0,0,0,0,0,0,0,0,0,0,0.0,0.0,0.0,0.0,0.0,0.0,0.0,0.0,0.0,0.0,0.0,0.0,0.0,0.0,0.0,0.0,0.0,0.0,4.0,4.0,0.0,0.0,0.0,0.0,0.0,0.0,0,0,0,0.0,6,6,0,0,0,0,0,0,0.0
SPD,0,0,0,0.0,ok,,bcsstk10,factor-l,/home/scan_SpTRSV/data/factors/spcg/bcsstk10/spcg_spilu_l_bcsstk10_fill10_drop0.0001_sp0.mtx,1086,scan-chain-aware,0.02,0.01366522733045466,0.0001,-1,1,1,269,204,19685,19416,6,6,1078,1078,0,2,2,8,8,0,0.0,0.0,0.0,1086,1086,0,0.0,539,539,0,0,0,0,0,0.0,0,0,0,0,0.0,0,0,0,0,0.0,0,0,0,0,0,0,0,0,0,0.0,0.0,0.0,0.0,0.0,0.0,0.0,0.0,0.0,0.0,0.0,0.0,0.0,0.0,0.0,0.0,0.0,0.0,4.0,4.0,0.0,0.0,0.0,0.0,0.0,0.0,0,0,0,0.0,6,6,0,0,0,0,0,0,0.0
SPD,0,0,0,0.0,ok,,bcsstk10,factor-l,/home/scan_SpTRSV/data/factors/spcg/bcsstk10/spcg_spilu_l_bcsstk10_fill10_drop0.0001_sp0.mtx,1086,scan-chain-aware,0.02,0.0,0.001,1,1,1,0,0,19685,19685,6,6,1078,1078,0,2,2,8,8,0,0.0,0.0,0.0,1086,1086,0,0.0,539,539,0,0,0,0,0,0.0,0,0,0,0,0.0,0,0,0,0,0.0,0,0,0,0,0,0,0,0,0,0.0,0.0,0.0,0.0,0.0,0.0,0.0,0.0,0.0,0.0,0.0,0.0,0.0,0.0,0.0,0.0,0.0,0.0,4.0,4.0,0.0,0.0,0.0,0.0,0.0,0.0,0,0,0,0.0,6,6,0,0,0,0,0,0,0.0
SPD,0,0,0,0.0,ok,,bcsstk10,factor-l,/home/scan_SpTRSV/data/factors/spcg/bcsstk10/spcg_spilu_l_bcsstk10_fill10_drop0.0001_sp0.mtx,1086,scan-chain-aware,0.02,0.01996443992887986,0.001,-1,1,1,393,196,19685,19292,6,6,1078,1078,0,2,2,8,8,0,0.0,0.0,0.0,1086,1086,0,0.0,539,539,0,0,0,0,0,0.0,0,0,0,0,0.0,0,0,0,0,0.0,0,0,0,0,0,0,0,0,0,0.0,0.0,0.0,0.0,0.0,0.0,0.0,0.0,0.0,0.0,0.0,0.0,0.0,0.0,0.0,0.0,0.0,0.0,4.0,4.0,0.0,0.0,0.0,0.0,0.0,0.0,0,0,0,0.0,6,6,0,0,0,0,0,0,0.0
SPD,0,0,0,0.0,ok,,bcsstk10,factor-l,/home/scan_SpTRSV/data/factors/spcg/bcsstk10/spcg_spilu_l_bcsstk10_fill10_drop0.0001_sp0.mtx,1086,scan-chain-aware,0.02,0.0,0.01,1,1,1,0,0,19685,19685,6,6,1078,1078,0,2,2,8,8,0,0.0,0.0,0.0,1086,1086,0,0.0,539,539,0,0,0,0,0,0.0,0,0,0,0,0.0,0,0,0,0,0.0,0,0,0,0,0,0,0,0,0,0.0,0.0,0.0,0.0,0.0,0.0,0.0,0.0,0.0,0.0,0.0,0.0,0.0,0.0,0.0,0.0,0.0,0.0,4.0,4.0,0.0,0.0,0.0,0.0,0.0,0.0,0,0,0,0.0,6,6,0,0,0,0,0,0,0.0
SPD,0,0,0,0.0,ok,,bcsstk10,factor-l,/home/scan_SpTRSV/data/factors/spcg/bcsstk10/spcg_spilu_l_bcsstk10_fill10_drop0.0001_sp0.mtx,1086,scan-chain-aware,0.02,0.01996443992887986,0.01,-1,1,1,393,76,19685,19292,6,6,1078,1078,0,2,2,8,8,0,0.0,0.0,0.0,1086,1083,-3,-0.0027624309392265192,539,533,6,0,0,0,0,0.0,0,0,0,0,0.0,0,0,0,0,0.0,0,0,0,0,0,0,0,0,0,0.0,0.0,0.0,0.0,0.0,0.0,0.0,0.0,0.0,0.0,0.0,0.0,0.0,0.0,0.0,0.0,0.0,0.0,4.0,4.0,0.0,0.0,0.0,0.0,0.0,0.0,0,0,0,0.0,6,6,0,0,0,0,0,0,0.0
SPD,0,0,0,0.0,ok,,bcsstk10,factor-l,/home/scan_SpTRSV/data/factors/spcg/bcsstk10/spcg_spilu_l_bcsstk10_fill10_drop0.0001_sp0.mtx,1086,scan-chain-aware,0.05,0.0,0.0001,1,1,1,0,0,19685,19685,6,6,1078,1078,0,2,2,8,8,0,0.0,0.0,0.0,1086,1086,0,0.0,539,539,0,0,0,0,0,0.0,0,0,0,0,0.0,0,0,0,0,0.0,0,0,0,0,0,0,0,0,0,0.0,0.0,0.0,0.0,0.0,0.0,0.0,0.0,0.0,0.0,0.0,0.0,0.0,0.0,0.0,0.0,0.0,0.0,4.0,4.0,0.0,0.0,0.0,0.0,0.0,0.0,0,0,0,0.0,6,6,0,0,0,0,0,0,0.0
SPD,0,0,0,0.0,ok,,bcsstk10,factor-l,/home/scan_SpTRSV/data/factors/spcg/bcsstk10/spcg_spilu_l_bcsstk10_fill10_drop0.0001_sp0.mtx,1086,scan-chain-aware,0.05,0.01366522733045466,0.0001,-1,1,1,269,204,19685,19416,6,6,1078,1078,0,2,2,8,8,0,0.0,0.0,0.0,1086,1086,0,0.0,539,539,0,0,0,0,0,0.0,0,0,0,0,0.0,0,0,0,0,0.0,0,0,0,0,0,0,0,0,0,0.0,0.0,0.0,0.0,0.0,0.0,0.0,0.0,0.0,0.0,0.0,0.0,0.0,0.0,0.0,0.0,0.0,0.0,4.0,4.0,0.0,0.0,0.0,0.0,0.0,0.0,0,0,0,0.0,6,6,0,0,0,0,0,0,0.0
SPD,0,0,0,0.0,ok,,bcsstk10,factor-l,/home/scan_SpTRSV/data/factors/spcg/bcsstk10/spcg_spilu_l_bcsstk10_fill10_drop0.0001_sp0.mtx,1086,scan-chain-aware,0.05,0.0,0.001,1,1,1,0,0,19685,19685,6,6,1078,1078,0,2,2,8,8,0,0.0,0.0,0.0,1086,1086,0,0.0,539,539,0,0,0,0,0,0.0,0,0,0,0,0.0,0,0,0,0,0.0,0,0,0,0,0,0,0,0,0,0.0,0.0,0.0,0.0,0.0,0.0,0.0,0.0,0.0,0.0,0.0,0.0,0.0,0.0,0.0,0.0,0.0,0.0,4.0,4.0,0.0,0.0,0.0,0.0,0.0,0.0,0,0,0,0.0,6,6,0,0,0,0,0,0,0.0
SPD,0,0,0,0.0,ok,,bcsstk10,factor-l,/home/scan_SpTRSV/data/factors/spcg/bcsstk10/spcg_spilu_l_bcsstk10_fill10_drop0.0001_sp0.mtx,1086,scan-chain-aware,0.05,0.04998729997459995,0.001,-1,1,1,984,513,19685,18701,6,6,1078,1078,0,2,2,8,8,0,0.0,0.0,0.0,1086,1086,0,0.0,539,539,0,0,0,0,0,0.0,0,0,0,0,0.0,0,0,0,0,0.0,0,0,0,0,0,0,0,0,0,0.0,0.0,0.0,0.0,0.0,0.0,0.0,0.0,0.0,0.0,0.0,0.0,0.0,0.0,0.0,0.0,0.0,0.0,4.0,4.0,0.0,0.0,0.0,0.0,0.0,0.0,0,0,0,0.0,6,6,0,0,0,0,0,0,0.0
SPD,0,0,0,0.0,ok,,bcsstk10,factor-l,/home/scan_SpTRSV/data/factors/spcg/bcsstk10/spcg_spilu_l_bcsstk10_fill10_drop0.0001_sp0.mtx,1086,scan-chain-aware,0.05,0.0,0.01,1,1,1,0,0,19685,19685,6,6,1078,1078,0,2,2,8,8,0,0.0,0.0,0.0,1086,1086,0,0.0,539,539,0,0,0,0,0,0.0,0,0,0,0,0.0,0,0,0,0,0.0,0,0,0,0,0,0,0,0,0,0.0,0.0,0.0,0.0,0.0,0.0,0.0,0.0,0.0,0.0,0.0,0.0,0.0,0.0,0.0,0.0,0.0,0.0,4.0,4.0,0.0,0.0,0.0,0.0,0.0,0.0,0,0,0,0.0,6,6,0,0,0,0,0,0,0.0
SPD,0,0,0,0.0,ok,,bcsstk10,factor-l,/home/scan_SpTRSV/data/factors/spcg/bcsstk10/spcg_spilu_l_bcsstk10_fill10_drop0.0001_sp0.mtx,1086,scan-chain-aware,0.05,0.04998729997459995,0.01,-1,1,1,984,171,19685,18701,6,6,1078,1078,0,2,2,8,8,0,0.0,0.0,0.0,1086,1083,-3,-0.0027624309392265192,539,529,10,0,0,0,0,0.0,0,0,0,0,0.0,0,0,0,0,0.0,0,0,0,0,0,0,0,0,0,0.0,0.0,0.0,0.0,0.0,0.0,0.0,0.0,0.0,0.0,0.0,0.0,0.0,0.0,0.0,0.0,0.0,0.0,4.0,4.0,0.0,0.0,0.0,0.0,0.0,0.0,0,0,0,0.0,6,6,0,0,0,0,0,0,0.0
SPD,0,0,0,0.0,ok,,bcsstk10,factor-l,/home/scan_SpTRSV/data/factors/spcg/bcsstk10/spcg_spilu_l_bcsstk10_fill10_drop0.0001_sp0.mtx,1086,scan-chain-aware,0.1,0.0,0.0001,1,1,1,0,0,19685,19685,6,6,1078,1078,0,2,2,8,8,0,0.0,0.0,0.0,1086,1086,0,0.0,539,539,0,0,0,0,0,0.0,0,0,0,0,0.0,0,0,0,0,0.0,0,0,0,0,0,0,0,0,0,0.0,0.0,0.0,0.0,0.0,0.0,0.0,0.0,0.0,0.0,0.0,0.0,0.0,0.0,0.0,0.0,0.0,0.0,4.0,4.0,0.0,0.0,0.0,0.0,0.0,0.0,0,0,0,0.0,6,6,0,0,0,0,0,0,0.0
SPD,0,0,0,0.0,ok,,bcsstk10,factor-l,/home/scan_SpTRSV/data/factors/spcg/bcsstk10/spcg_spilu_l_bcsstk10_fill10_drop0.0001_sp0.mtx,1086,scan-chain-aware,0.1,0.01366522733045466,0.0001,-1,1,1,269,204,19685,19416,6,6,1078,1078,0,2,2,8,8,0,0.0,0.0,0.0,1086,1086,0,0.0,539,539,0,0,0,0,0,0.0,0,0,0,0,0.0,0,0,0,0,0.0,0,0,0,0,0,0,0,0,0,0.0,0.0,0.0,0.0,0.0,0.0,0.0,0.0,0.0,0.0,0.0,0.0,0.0,0.0,0.0,0.0,0.0,0.0,4.0,4.0,0.0,0.0,0.0,0.0,0.0,0.0,0,0,0,0.0,6,6,0,0,0,0,0,0,0.0
SPD,0,0,0,0.0,ok,,bcsstk10,factor-l,/home/scan_SpTRSV/data/factors/spcg/bcsstk10/spcg_spilu_l_bcsstk10_fill10_drop0.0001_sp0.mtx,1086,scan-chain-aware,0.1,0.0,0.001,1,1,1,0,0,19685,19685,6,6,1078,1078,0,2,2,8,8,0,0.0,0.0,0.0,1086,1086,0,0.0,539,539,0,0,0,0,0,0.0,0,0,0,0,0.0,0,0,0,0,0.0,0,0,0,0,0,0,0,0,0,0.0,0.0,0.0,0.0,0.0,0.0,0.0,0.0,0.0,0.0,0.0,0.0,0.0,0.0,0.0,0.0,0.0,0.0,4.0,4.0,0.0,0.0,0.0,0.0,0.0,0.0,0,0,0,0.0,6,6,0,0,0,0,0,0,0.0
SPD,0,0,0,0.0,ok,,bcsstk10,factor-l,/home/scan_SpTRSV/data/factors/spcg/bcsstk10/spcg_spilu_l_bcsstk10_fill10_drop0.0001_sp0.mtx,1086,scan-chain-aware,0.1,0.06324612649225299,0.001,-1,1,1,1245,642,19685,18440,6,6,1078,1078,0,2,2,8,8,0,0.0,0.0,0.0,1086,1085,-1,-0.0009208103130755065,539,539,0,0,0,0,0,0.0,0,0,0,0,0.0,0,0,0,0,0.0,0,0,0,0,0,0,0,0,0,0.0,0.0,0.0,0.0,0.0,0.0,0.0,0.0,0.0,0.0,0.0,0.0,0.0,0.0,0.0,0.0,0.0,0.0,4.0,4.0,0.0,0.0,0.0,0.0,0.0,0.0,0,0,0,0.0,6,6,0,0,0,0,0,0,0.0
SPD,0,0,0,0.0,ok,,bcsstk10,factor-l,/home/scan_SpTRSV/data/factors/spcg/bcsstk10/spcg_spilu_l_bcsstk10_fill10_drop0.0001_sp0.mtx,1086,scan-chain-aware,0.1,0.0,0.01,1,1,1,0,0,19685,19685,6,6,1078,1078,0,2,2,8,8,0,0.0,0.0,0.0,1086,1086,0,0.0,539,539,0,0,0,0,0,0.0,0,0,0,0,0.0,0,0,0,0,0.0,0,0,0,0,0,0,0,0,0,0.0,0.0,0.0,0.0,0.0,0.0,0.0,0.0,0.0,0.0,0.0,0.0,0.0,0.0,0.0,0.0,0.0,0.0,4.0,4.0,0.0,0.0,0.0,0.0,0.0,0.0,0,0,0,0.0,6,6,0,0,0,0,0,0,0.0
SPD,0,0,0,0.0,ok,,bcsstk10,factor-l,/home/scan_SpTRSV/data/factors/spcg/bcsstk10/spcg_spilu_l_bcsstk10_fill10_drop0.0001_sp0.mtx,1086,scan-chain-aware,0.1,0.0999745999491999,0.01,-1,1,1,1968,350,19685,17717,6,6,1078,1078,0,2,2,8,8,0,0.0,0.0,0.0,1086,1083,-3,-0.0027624309392265192,539,523,16,0,0,0,0,0.0,0,0,0,0,0.0,0,0,0,0,0.0,0,0,0,0,0,0,0,0,0,0.0,0.0,0.0,0.0,0.0,0.0,0.0,0.0,0.0,0.0,0.0,0.0,0.0,0.0,0.0,0.0,0.0,0.0,4.0,4.0,0.0,0.0,0.0,0.0,0.0,0.0,0,0,0,0.0,6,6,0,0,0,0,0,0,0.0
SPD,0,0,0,0.0,ok,,bcsstk10,factor-l,/home/scan_SpTRSV/data/factors/spcg/bcsstk10/spcg_spilu_l_bcsstk10_fill10_drop0.0001_sp0.mtx,1086,long-chain-aware-drop,0.01,0.0,0.0001,1,1,1,0,0,19685,19685,6,6,1078,1078,0,2,2,8,8,0,0.0,0.0,0.0,1086,1086,0,0.0,539,539,0,0,0,0,0,0.0,0,0,0,0,0.0,0,0,0,0,0.0,0,0,0,0,0,0,0,0,0,0.0,0.0,0.0,0.0,0.0,0.0,0.0,0.0,0.0,0.0,0.0,0.0,0.0,0.0,0.0,0.0,0.0,0.0,4.0,4.0,0.0,0.0,0.0,0.0,0.0,0.0,0,0,0,0.0,6,6,0,0,0,0,0,0,0.0
SPD,0,0,0,0.0,ok,,bcsstk10,factor-l,/home/scan_SpTRSV/data/factors/spcg/bcsstk10/spcg_spilu_l_bcsstk10_fill10_drop0.0001_sp0.mtx,1086,long-chain-aware-drop,0.01,0.0,0.0001,-1,1,1,0,0,19685,19685,6,6,1078,1078,0,2,2,8,8,0,0.0,0.0,0.0,1086,1086,0,0.0,539,539,0,0,0,0,0,0.0,0,0,0,0,0.0,0,0,0,0,0.0,0,0,0,0,0,0,0,0,0,0.0,0.0,0.0,0.0,0.0,0.0,0.0,0.0,0.0,0.0,0.0,0.0,0.0,0.0,0.0,0.0,0.0,0.0,4.0,4.0,0.0,0.0,0.0,0.0,0.0,0.0,0,0,0,0.0,6,6,0,0,0,0,0,0,0.0
SPD,0,0,0,0.0,ok,,bcsstk10,factor-l,/home/scan_SpTRSV/data/factors/spcg/bcsstk10/spcg_spilu_l_bcsstk10_fill10_drop0.0001_sp0.mtx,1086,long-chain-aware-drop,0.01,0.0,0.001,1,1,1,0,0,19685,19685,6,6,1078,1078,0,2,2,8,8,0,0.0,0.0,0.0,1086,1086,0,0.0,539,539,0,0,0,0,0,0.0,0,0,0,0,0.0,0,0,0,0,0.0,0,0,0,0,0,0,0,0,0,0.0,0.0,0.0,0.0,0.0,0.0,0.0,0.0,0.0,0.0,0.0,0.0,0.0,0.0,0.0,0.0,0.0,0.0,4.0,4.0,0.0,0.0,0.0,0.0,0.0,0.0,0,0,0,0.0,6,6,0,0,0,0,0,0,0.0
SPD,0,0,0,0.0,ok,,bcsstk10,factor-l,/home/scan_SpTRSV/data/factors/spcg/bcsstk10/spcg_spilu_l_bcsstk10_fill10_drop0.0001_sp0.mtx,1086,long-chain-aware-drop,0.01,0.0,0.001,-1,1,1,0,0,19685,19685,6,6,1078,1078,0,2,2,8,8,0,0.0,0.0,0.0,1086,1086,0,0.0,539,539,0,0,0,0,0,0.0,0,0,0,0,0.0,0,0,0,0,0.0,0,0,0,0,0,0,0,0,0,0.0,0.0,0.0,0.0,0.0,0.0,0.0,0.0,0.0,0.0,0.0,0.0,0.0,0.0,0.0,0.0,0.0,0.0,4.0,4.0,0.0,0.0,0.0,0.0,0.0,0.0,0,0,0,0.0,6,6,0,0,0,0,0,0,0.0
SPD,0,0,0,0.0,ok,,bcsstk10,factor-l,/home/scan_SpTRSV/data/factors/spcg/bcsstk10/spcg_spilu_l_bcsstk10_fill10_drop0.0001_sp0.mtx,1086,long-chain-aware-drop,0.01,0.0,0.01,1,1,1,0,0,19685,19685,6,6,1078,1078,0,2,2,8,8,0,0.0,0.0,0.0,1086,1086,0,0.0,539,539,0,0,0,0,0,0.0,0,0,0,0,0.0,0,0,0,0,0.0,0,0,0,0,0,0,0,0,0,0.0,0.0,0.0,0.0,0.0,0.0,0.0,0.0,0.0,0.0,0.0,0.0,0.0,0.0,0.0,0.0,0.0,0.0,4.0,4.0,0.0,0.0,0.0,0.0,0.0,0.0,0,0,0,0.0,6,6,0,0,0,0,0,0,0.0
SPD,0,0,0,0.0,ok,,bcsstk10,factor-l,/home/scan_SpTRSV/data/factors/spcg/bcsstk10/spcg_spilu_l_bcsstk10_fill10_drop0.0001_sp0.mtx,1086,long-chain-aware-drop,0.01,0.0,0.01,-1,1,1,0,0,19685,19685,6,6,1078,1078,0,2,2,8,8,0,0.0,0.0,0.0,1086,1086,0,0.0,539,539,0,0,0,0,0,0.0,0,0,0,0,0.0,0,0,0,0,0.0,0,0,0,0,0,0,0,0,0,0.0,0.0,0.0,0.0,0.0,0.0,0.0,0.0,0.0,0.0,0.0,0.0,0.0,0.0,0.0,0.0,0.0,0.0,4.0,4.0,0.0,0.0,0.0,0.0,0.0,0.0,0,0,0,0.0,6,6,0,0,0,0,0,0,0.0
SPD,0,0,0,0.0,ok,,bcsstk10,factor-l,/home/scan_SpTRSV/data/factors/spcg/bcsstk10/spcg_spilu_l_bcsstk10_fill10_drop0.0001_sp0.mtx,1086,long-chain-aware-drop,0.02,0.0,0.0001,1,1,1,0,0,19685,19685,6,6,1078,1078,0,2,2,8,8,0,0.0,0.0,0.0,1086,1086,0,0.0,539,539,0,0,0,0,0,0.0,0,0,0,0,0.0,0,0,0,0,0.0,0,0,0,0,0,0,0,0,0,0.0,0.0,0.0,0.0,0.0,0.0,0.0,0.0,0.0,0.0,0.0,0.0,0.0,0.0,0.0,0.0,0.0,0.0,4.0,4.0,0.0,0.0,0.0,0.0,0.0,0.0,0,0,0,0.0,6,6,0,0,0,0,0,0,0.0
SPD,0,0,0,0.0,ok,,bcsstk10,factor-l,/home/scan_SpTRSV/data/factors/spcg/bcsstk10/spcg_spilu_l_bcsstk10_fill10_drop0.0001_sp0.mtx,1086,long-chain-aware-drop,0.02,0.0,0.0001,-1,1,1,0,0,19685,19685,6,6,1078,1078,0,2,2,8,8,0,0.0,0.0,0.0,1086,1086,0,0.0,539,539,0,0,0,0,0,0.0,0,0,0,0,0.0,0,0,0,0,0.0,0,0,0,0,0,0,0,0,0,0.0,0.0,0.0,0.0,0.0,0.0,0.0,0.0,0.0,0.0,0.0,0.0,0.0,0.0,0.0,0.0,0.0,0.0,4.0,4.0,0.0,0.0,0.0,0.0,0.0,0.0,0,0,0,0.0,6,6,0,0,0,0,0,0,0.0
SPD,0,0,0,0.0,ok,,bcsstk10,factor-l,/home/scan_SpTRSV/data/factors/spcg/bcsstk10/spcg_spilu_l_bcsstk10_fill10_drop0.0001_sp0.mtx,1086,long-chain-aware-drop,0.02,0.0,0.001,1,1,1,0,0,19685,19685,6,6,1078,1078,0,2,2,8,8,0,0.0,0.0,0.0,1086,1086,0,0.0,539,539,0,0,0,0,0,0.0,0,0,0,0,0.0,0,0,0,0,0.0,0,0,0,0,0,0,0,0,0,0.0,0.0,0.0,0.0,0.0,0.0,0.0,0.0,0.0,0.0,0.0,0.0,0.0,0.0,0.0,0.0,0.0,0.0,4.0,4.0,0.0,0.0,0.0,0.0,0.0,0.0,0,0,0,0.0,6,6,0,0,0,0,0,0,0.0
SPD,0,0,0,0.0,ok,,bcsstk10,factor-l,/home/scan_SpTRSV/data/factors/spcg/bcsstk10/spcg_spilu_l_bcsstk10_fill10_drop0.0001_sp0.mtx,1086,long-chain-aware-drop,0.02,0.0,0.001,-1,1,1,0,0,19685,19685,6,6,1078,1078,0,2,2,8,8,0,0.0,0.0,0.0,1086,1086,0,0.0,539,539,0,0,0,0,0,0.0,0,0,0,0,0.0,0,0,0,0,0.0,0,0,0,0,0,0,0,0,0,0.0,0.0,0.0,0.0,0.0,0.0,0.0,0.0,0.0,0.0,0.0,0.0,0.0,0.0,0.0,0.0,0.0,0.0,4.0,4.0,0.0,0.0,0.0,0.0,0.0,0.0,0,0,0,0.0,6,6,0,0,0,0,0,0,0.0
SPD,0,0,0,0.0,ok,,bcsstk10,factor-l,/home/scan_SpTRSV/data/factors/spcg/bcsstk10/spcg_spilu_l_bcsstk10_fill10_drop0.0001_sp0.mtx,1086,long-chain-aware-drop,0.02,0.0,0.01,1,1,1,0,0,19685,19685,6,6,1078,1078,0,2,2,8,8,0,0.0,0.0,0.0,1086,1086,0,0.0,539,539,0,0,0,0,0,0.0,0,0,0,0,0.0,0,0,0,0,0.0,0,0,0,0,0,0,0,0,0,0.0,0.0,0.0,0.0,0.0,0.0,0.0,0.0,0.0,0.0,0.0,0.0,0.0,0.0,0.0,0.0,0.0,0.0,4.0,4.0,0.0,0.0,0.0,0.0,0.0,0.0,0,0,0,0.0,6,6,0,0,0,0,0,0,0.0
SPD,0,0,0,0.0,ok,,bcsstk10,factor-l,/home/scan_SpTRSV/data/factors/spcg/bcsstk10/spcg_spilu_l_bcsstk10_fill10_drop0.0001_sp0.mtx,1086,long-chain-aware-drop,0.02,0.0,0.01,-1,1,1,0,0,19685,19685,6,6,1078,1078,0,2,2,8,8,0,0.0,0.0,0.0,1086,1086,0,0.0,539,539,0,0,0,0,0,0.0,0,0,0,0,0.0,0,0,0,0,0.0,0,0,0,0,0,0,0,0,0,0.0,0.0,0.0,0.0,0.0,0.0,0.0,0.0,0.0,0.0,0.0,0.0,0.0,0.0,0.0,0.0,0.0,0.0,4.0,4.0,0.0,0.0,0.0,0.0,0.0,0.0,0,0,0,0.0,6,6,0,0,0,0,0,0,0.0
SPD,0,0,0,0.0,ok,,bcsstk10,factor-l,/home/scan_SpTRSV/data/factors/spcg/bcsstk10/spcg_spilu_l_bcsstk10_fill10_drop0.0001_sp0.mtx,1086,long-chain-aware-drop,0.05,0.0,0.0001,1,1,1,0,0,19685,19685,6,6,1078,1078,0,2,2,8,8,0,0.0,0.0,0.0,1086,1086,0,0.0,539,539,0,0,0,0,0,0.0,0,0,0,0,0.0,0,0,0,0,0.0,0,0,0,0,0,0,0,0,0,0.0,0.0,0.0,0.0,0.0,0.0,0.0,0.0,0.0,0.0,0.0,0.0,0.0,0.0,0.0,0.0,0.0,0.0,4.0,4.0,0.0,0.0,0.0,0.0,0.0,0.0,0,0,0,0.0,6,6,0,0,0,0,0,0,0.0
SPD,0,0,0,0.0,ok,,bcsstk10,factor-l,/home/scan_SpTRSV/data/factors/spcg/bcsstk10/spcg_spilu_l_bcsstk10_fill10_drop0.0001_sp0.mtx,1086,long-chain-aware-drop,0.05,0.0,0.0001,-1,1,1,0,0,19685,19685,6,6,1078,1078,0,2,2,8,8,0,0.0,0.0,0.0,1086,1086,0,0.0,539,539,0,0,0,0,0,0.0,0,0,0,0,0.0,0,0,0,0,0.0,0,0,0,0,0,0,0,0,0,0.0,0.0,0.0,0.0,0.0,0.0,0.0,0.0,0.0,0.0,0.0,0.0,0.0,0.0,0.0,0.0,0.0,0.0,4.0,4.0,0.0,0.0,0.0,0.0,0.0,0.0,0,0,0,0.0,6,6,0,0,0,0,0,0,0.0
SPD,0,0,0,0.0,ok,,bcsstk10,factor-l,/home/scan_SpTRSV/data/factors/spcg/bcsstk10/spcg_spilu_l_bcsstk10_fill10_drop0.0001_sp0.mtx,1086,long-chain-aware-drop,0.05,0.0,0.001,1,1,1,0,0,19685,19685,6,6,1078,1078,0,2,2,8,8,0,0.0,0.0,0.0,1086,1086,0,0.0,539,539,0,0,0,0,0,0.0,0,0,0,0,0.0,0,0,0,0,0.0,0,0,0,0,0,0,0,0,0,0.0,0.0,0.0,0.0,0.0,0.0,0.0,0.0,0.0,0.0,0.0,0.0,0.0,0.0,0.0,0.0,0.0,0.0,4.0,4.0,0.0,0.0,0.0,0.0,0.0,0.0,0,0,0,0.0,6,6,0,0,0,0,0,0,0.0
SPD,0,0,0,0.0,ok,,bcsstk10,factor-l,/home/scan_SpTRSV/data/factors/spcg/bcsstk10/spcg_spilu_l_bcsstk10_fill10_drop0.0001_sp0.mtx,1086,long-chain-aware-drop,0.05,0.0,0.001,-1,1,1,0,0,19685,19685,6,6,1078,1078,0,2,2,8,8,0,0.0,0.0,0.0,1086,1086,0,0.0,539,539,0,0,0,0,0,0.0,0,0,0,0,0.0,0,0,0,0,0.0,0,0,0,0,0,0,0,0,0,0.0,0.0,0.0,0.0,0.0,0.0,0.0,0.0,0.0,0.0,0.0,0.0,0.0,0.0,0.0,0.0,0.0,0.0,4.0,4.0,0.0,0.0,0.0,0.0,0.0,0.0,0,0,0,0.0,6,6,0,0,0,0,0,0,0.0
SPD,0,0,0,0.0,ok,,bcsstk10,factor-l,/home/scan_SpTRSV/data/factors/spcg/bcsstk10/spcg_spilu_l_bcsstk10_fill10_drop0.0001_sp0.mtx,1086,long-chain-aware-drop,0.05,0.0,0.01,1,1,1,0,0,19685,19685,6,6,1078,1078,0,2,2,8,8,0,0.0,0.0,0.0,1086,1086,0,0.0,539,539,0,0,0,0,0,0.0,0,0,0,0,0.0,0,0,0,0,0.0,0,0,0,0,0,0,0,0,0,0.0,0.0,0.0,0.0,0.0,0.0,0.0,0.0,0.0,0.0,0.0,0.0,0.0,0.0,0.0,0.0,0.0,0.0,4.0,4.0,0.0,0.0,0.0,0.0,0.0,0.0,0,0,0,0.0,6,6,0,0,0,0,0,0,0.0
SPD,0,0,0,0.0,ok,,bcsstk10,factor-l,/home/scan_SpTRSV/data/factors/spcg/bcsstk10/spcg_spilu_l_bcsstk10_fill10_drop0.0001_sp0.mtx,1086,long-chain-aware-drop,0.05,0.0,0.01,-1,1,1,0,0,19685,19685,6,6,1078,1078,0,2,2,8,8,0,0.0,0.0,0.0,1086,1086,0,0.0,539,539,0,0,0,0,0,0.0,0,0,0,0,0.0,0,0,0,0,0.0,0,0,0,0,0,0,0,0,0,0.0,0.0,0.0,0.0,0.0,0.0,0.0,0.0,0.0,0.0,0.0,0.0,0.0,0.0,0.0,0.0,0.0,0.0,4.0,4.0,0.0,0.0,0.0,0.0,0.0,0.0,0,0,0,0.0,6,6,0,0,0,0,0,0,0.0
SPD,0,0,0,0.0,ok,,bcsstk10,factor-l,/home/scan_SpTRSV/data/factors/spcg/bcsstk10/spcg_spilu_l_bcsstk10_fill10_drop0.0001_sp0.mtx,1086,long-chain-aware-drop,0.1,0.0,0.0001,1,1,1,0,0,19685,19685,6,6,1078,1078,0,2,2,8,8,0,0.0,0.0,0.0,1086,1086,0,0.0,539,539,0,0,0,0,0,0.0,0,0,0,0,0.0,0,0,0,0,0.0,0,0,0,0,0,0,0,0,0,0.0,0.0,0.0,0.0,0.0,0.0,0.0,0.0,0.0,0.0,0.0,0.0,0.0,0.0,0.0,0.0,0.0,0.0,4.0,4.0,0.0,0.0,0.0,0.0,0.0,0.0,0,0,0,0.0,6,6,0,0,0,0,0,0,0.0
SPD,0,0,0,0.0,ok,,bcsstk10,factor-l,/home/scan_SpTRSV/data/factors/spcg/bcsstk10/spcg_spilu_l_bcsstk10_fill10_drop0.0001_sp0.mtx,1086,long-chain-aware-drop,0.1,0.0,0.0001,-1,1,1,0,0,19685,19685,6,6,1078,1078,0,2,2,8,8,0,0.0,0.0,0.0,1086,1086,0,0.0,539,539,0,0,0,0,0,0.0,0,0,0,0,0.0,0,0,0,0,0.0,0,0,0,0,0,0,0,0,0,0.0,0.0,0.0,0.0,0.0,0.0,0.0,0.0,0.0,0.0,0.0,0.0,0.0,0.0,0.0,0.0,0.0,0.0,4.0,4.0,0.0,0.0,0.0,0.0,0.0,0.0,0,0,0,0.0,6,6,0,0,0,0,0,0,0.0
SPD,0,0,0,0.0,ok,,bcsstk10,factor-l,/home/scan_SpTRSV/data/factors/spcg/bcsstk10/spcg_spilu_l_bcsstk10_fill10_drop0.0001_sp0.mtx,1086,long-chain-aware-drop,0.1,0.0,0.001,1,1,1,0,0,19685,19685,6,6,1078,1078,0,2,2,8,8,0,0.0,0.0,0.0,1086,1086,0,0.0,539,539,0,0,0,0,0,0.0,0,0,0,0,0.0,0,0,0,0,0.0,0,0,0,0,0,0,0,0,0,0.0,0.0,0.0,0.0,0.0,0.0,0.0,0.0,0.0,0.0,0.0,0.0,0.0,0.0,0.0,0.0,0.0,0.0,4.0,4.0,0.0,0.0,0.0,0.0,0.0,0.0,0,0,0,0.0,6,6,0,0,0,0,0,0,0.0
SPD,0,0,0,0.0,ok,,bcsstk10,factor-l,/home/scan_SpTRSV/data/factors/spcg/bcsstk10/spcg_spilu_l_bcsstk10_fill10_drop0.0001_sp0.mtx,1086,long-chain-aware-drop,0.1,0.0,0.001,-1,1,1,0,0,19685,19685,6,6,1078,1078,0,2,2,8,8,0,0.0,0.0,0.0,1086,1086,0,0.0,539,539,0,0,0,0,0,0.0,0,0,0,0,0.0,0,0,0,0,0.0,0,0,0,0,0,0,0,0,0,0.0,0.0,0.0,0.0,0.0,0.0,0.0,0.0,0.0,0.0,0.0,0.0,0.0,0.0,0.0,0.0,0.0,0.0,4.0,4.0,0.0,0.0,0.0,0.0,0.0,0.0,0,0,0,0.0,6,6,0,0,0,0,0,0,0.0
SPD,0,0,0,0.0,ok,,bcsstk10,factor-l,/home/scan_SpTRSV/data/factors/spcg/bcsstk10/spcg_spilu_l_bcsstk10_fill10_drop0.0001_sp0.mtx,1086,long-chain-aware-drop,0.1,0.0,0.01,1,1,1,0,0,19685,19685,6,6,1078,1078,0,2,2,8,8,0,0.0,0.0,0.0,1086,1086,0,0.0,539,539,0,0,0,0,0,0.0,0,0,0,0,0.0,0,0,0,0,0.0,0,0,0,0,0,0,0,0,0,0.0,0.0,0.0,0.0,0.0,0.0,0.0,0.0,0.0,0.0,0.0,0.0,0.0,0.0,0.0,0.0,0.0,0.0,4.0,4.0,0.0,0.0,0.0,0.0,0.0,0.0,0,0,0,0.0,6,6,0,0,0,0,0,0,0.0
SPD,0,0,0,0.0,ok,,bcsstk10,factor-l,/home/scan_SpTRSV/data/factors/spcg/bcsstk10/spcg_spilu_l_bcsstk10_fill10_drop0.0001_sp0.mtx,1086,long-chain-aware-drop,0.1,0.0,0.01,-1,1,1,0,0,19685,19685,6,6,1078,1078,0,2,2,8,8,0,0.0,0.0,0.0,1086,1086,0,0.0,539,539,0,0,0,0,0,0.0,0,0,0,0,0.0,0,0,0,0,0.0,0,0,0,0,0,0,0,0,0,0.0,0.0,0.0,0.0,0.0,0.0,0.0,0.0,0.0,0.0,0.0,0.0,0.0,0.0,0.0,0.0,0.0,0.0,4.0,4.0,0.0,0.0,0.0,0.0,0.0,0.0,0,0,0,0.0,6,6,0,0,0,0,0,0,0.0
SPD,0,0,0,0.0,ok,,bcsstk13,factor-l,/home/scan_SpTRSV/data/factors/spcg/bcsstk13/spcg_spilu_l_bcsstk13_fill10_drop0.0001_sp0.mtx,2003,no-drop,0.0,0.0,,0,1,1,0,0,291365,291365,12,12,1978,1978,0,12,12,24,24,0,0.0,0.0,0.0,1947,1947,0,0.0,938,938,0,0,0,0,0,0.0,0,0,0,0,0.0,0,0,0,0,0.0,0,0,0,0,0,0,0,0,0,0.0,0.0,0.0,0.0,0.0,0.0,0.0,0.0,0.0,0.0,0.0,0.0,0.0,0.0,0.0,0.0,0.0,0.0,2.0,2.0,0.0,0.0,0.0,0.0,0.0,0.0,0,0,0,0.0,2,2,0,0,0,0,0,0,0.0
SPD,0,0,0,0.0,ok,,bcsstk13,factor-l,/home/scan_SpTRSV/data/factors/spcg/bcsstk13/spcg_spilu_l_bcsstk13_fill10_drop0.0001_sp0.mtx,2003,magnitude-drop,0.01,0.006311670928217185,0.0001,1,1,1,1839,1839,291365,289526,12,12,1978,1978,0,12,12,24,24,0,0.0,0.0,0.0,1947,1914,-33,-0.016475287069395907,938,911,27,0,0,0,0,0.0,0,0,0,0,0.0,0,0,0,0,0.0,0,0,0,0,0,0,0,0,0,0.0,0.0,0.0,0.0,0.0,0.0,0.0,0.0,0.0,0.0,0.0,0.0,0.0,0.0,0.0,0.0,0.0,0.0,2.0,2.0,0.0,0.0,0.0,0.0,0.0,0.0,0,0,0,0.0,2,2,0,0,0,0,0,0,0.0
SPD,0,0,0,0.0,ok,,bcsstk13,factor-l,/home/scan_SpTRSV/data/factors/spcg/bcsstk13/spcg_spilu_l_bcsstk13_fill10_drop0.0001_sp0.mtx,2003,magnitude-drop,0.01,0.009997769121205362,0.0001,-1,1,1,2913,836,291365,288452,12,12,1978,1978,0,12,12,24,24,0,0.0,0.0,0.0,1947,1943,-4,-0.00199700449326011,938,933,5,0,0,0,0,0.0,0,0,0,0,0.0,0,0,0,0,0.0,0,0,0,0,0,0,0,0,0,0.0,0.0,0.0,0.0,0.0,0.0,0.0,0.0,0.0,0.0,0.0,0.0,0.0,0.0,0.0,0.0,0.0,0.0,2.0,2.0,0.0,0.0,0.0,0.0,0.0,0.0,0,0,0,0.0,2,2,0,0,0,0,0,0,0.0
SPD,0,0,0,0.0,ok,,bcsstk13,factor-l,/home/scan_SpTRSV/data/factors/spcg/bcsstk13/spcg_spilu_l_bcsstk13_fill10_drop0.0001_sp0.mtx,2003,magnitude-drop,0.01,0.006606833353354041,0.001,1,1,1,1925,1925,291365,289440,12,12,1978,1978,0,12,12,24,24,0,0.0,0.0,0.0,1947,1896,-51,-0.0254618072890664,938,899,39,0,0,0,0,0.0,0,0,0,0,0.0,0,0,0,0,0.0,0,0,0,0,0,0,0,0,0,0.0,0.0,0.0,0.0,0.0,0.0,0.0,0.0,0.0,0.0,0.0,0.0,0.0,0.0,0.0,0.0,0.0,0.0,2.0,2.0,0.0,0.0,0.0,0.0,0.0,0.0,0,0,0,0.0,2,2,0,0,0,0,0,0,0.0
SPD,0,0,0,0.0,ok,,bcsstk13,factor-l,/home/scan_SpTRSV/data/factors/spcg/bcsstk13/spcg_spilu_l_bcsstk13_fill10_drop0.0001_sp0.mtx,2003,magnitude-drop,0.01,0.009997769121205362,0.001,-1,1,1,2913,836,291365,288452,12,12,1978,1978,0,12,12,24,24,0,0.0,0.0,0.0,1947,1943,-4,-0.00199700449326011,938,933,5,0,0,0,0,0.0,0,0,0,0,0.0,0,0,0,0,0.0,0,0,0,0,0,0,0,0,0,0.0,0.0,0.0,0.0,0.0,0.0,0.0,0.0,0.0,0.0,0.0,0.0,0.0,0.0,0.0,0.0,0.0,0.0,2.0,2.0,0.0,0.0,0.0,0.0,0.0,0.0,0,0,0,0.0,2,2,0,0,0,0,0,0,0.0
SPD,0,0,0,0.0,ok,,bcsstk13,factor-l,/home/scan_SpTRSV/data/factors/spcg/bcsstk13/spcg_spilu_l_bcsstk13_fill10_drop0.0001_sp0.mtx,2003,magnitude-drop,0.01,0.006750982444699947,0.01,1,1,1,1967,1967,291365,289398,12,12,1978,1978,0,12,12,24,24,0,0.0,0.0,0.0,1947,1891,-56,-0.027958062905641536,938,895,43,0,0,0,0,0.0,0,0,0,0,0.0,0,0,0,0,0.0,0,0,0,0,0,0,0,0,0,0.0,0.0,0.0,0.0,0.0,0.0,0.0,0.0,0.0,0.0,0.0,0.0,0.0,0.0,0.0,0.0,0.0,0.0,2.0,2.0,0.0,0.0,0.0,0.0,0.0,0.0,0,0,0,0.0,2,2,0,0,0,0,0,0,0.0
SPD,0,0,0,0.0,ok,,bcsstk13,factor-l,/home/scan_SpTRSV/data/factors/spcg/bcsstk13/spcg_spilu_l_bcsstk13_fill10_drop0.0001_sp0.mtx,2003,magnitude-drop,0.01,0.009997769121205362,0.01,-1,1,1,2913,836,291365,288452,12,12,1978,1978,0,12,12,24,24,0,0.0,0.0,0.0,1947,1943,-4,-0.00199700449326011,938,933,5,0,0,0,0,0.0,0,0,0,0,0.0,0,0,0,0,0.0,0,0,0,0,0,0,0,0,0,0.0,0.0,0.0,0.0,0.0,0.0,0.0,0.0,0.0,0.0,0.0,0.0,0.0,0.0,0.0,0.0,0.0,0.0,2.0,2.0,0.0,0.0,0.0,0.0,0.0,0.0,0,0,0,0.0,2,2,0,0,0,0,0,0,0.0
SPD,0,0,0,0.0,ok,,bcsstk13,factor-l,/home/scan_SpTRSV/data/factors/spcg/bcsstk13/spcg_spilu_l_bcsstk13_fill10_drop0.0001_sp0.mtx,2003,magnitude-drop,0.02,0.006311670928217185,0.0001,1,1,1,1839,1839,291365,289526,12,12,1978,1978,0,12,12,24,24,0,0.0,0.0,0.0,1947,1914,-33,-0.016475287069395907,938,911,27,0,0,0,0,0.0,0,0,0,0,0.0,0,0,0,0,0.0,0,0,0,0,0,0,0,0,0,0.0,0.0,0.0,0.0,0.0,0.0,0.0,0.0,0.0,0.0,0.0,0.0,0.0,0.0,0.0,0.0,0.0,0.0,2.0,2.0,0.0,0.0,0.0,0.0,0.0,0.0,0,0,0,0.0,2,2,0,0,0,0,0,0,0.0
SPD,0,0,0,0.0,ok,,bcsstk13,factor-l,/home/scan_SpTRSV/data/factors/spcg/bcsstk13/spcg_spilu_l_bcsstk13_fill10_drop0.0001_sp0.mtx,2003,magnitude-drop,0.02,0.019998970363633243,0.0001,-1,1,1,5827,1089,291365,285538,12,12,1978,1978,0,12,12,24,24,0,0.0,0.0,0.0,1947,1932,-15,-0.0074887668497254116,938,927,11,0,0,0,0,0.0,0,0,0,0,0.0,0,0,0,0,0.0,0,0,0,0,0,0,0,0,0,0.0,0.0,0.0,0.0,0.0,0.0,0.0,0.0,0.0,0.0,0.0,0.0,0.0,0.0,0.0,0.0,0.0,0.0,2.0,2.0,0.0,0.0,0.0,0.0,0.0,0.0,0,0,0,0.0,2,2,0,0,0,0,0,0,0.0
SPD,0,0,0,0.0,ok,,bcsstk13,factor-l,/home/scan_SpTRSV/data/factors/spcg/bcsstk13/spcg_spilu_l_bcsstk13_fill10_drop0.0001_sp0.mtx,2003,magnitude-drop,0.02,0.006606833353354041,0.001,1,1,1,1925,1925,291365,289440,12,12,1978,1978,0,12,12,24,24,0,0.0,0.0,0.0,1947,1896,-51,-0.0254618072890664,938,899,39,0,0,0,0,0.0,0,0,0,0,0.0,0,0,0,0,0.0,0,0,0,0,0,0,0,0,0,0.0,0.0,0.0,0.0,0.0,0.0,0.0,0.0,0.0,0.0,0.0,0.0,0.0,0.0,0.0,0.0,0.0,0.0,2.0,2.0,0.0,0.0,0.0,0.0,0.0,0.0,0,0,0,0.0,2,2,0,0,0,0,0,0,0.0
SPD,0,0,0,0.0,ok,,bcsstk13,factor-l,/home/scan_SpTRSV/data/factors/spcg/bcsstk13/spcg_spilu_l_bcsstk13_fill10_drop0.0001_sp0.mtx,2003,magnitude-drop,0.02,0.019998970363633243,0.001,-1,1,1,5827,1089,291365,285538,12,12,1978,1978,0,12,12,24,24,0,0.0,0.0,0.0,1947,1932,-15,-0.0074887668497254116,938,927,11,0,0,0,0,0.0,0,0,0,0,0.0,0,0,0,0,0.0,0,0,0,0,0,0,0,0,0,0.0,0.0,0.0,0.0,0.0,0.0,0.0,0.0,0.0,0.0,0.0,0.0,0.0,0.0,0.0,0.0,0.0,0.0,2.0,2.0,0.0,0.0,0.0,0.0,0.0,0.0,0,0,0,0.0,2,2,0,0,0,0,0,0,0.0
SPD,0,0,0,0.0,ok,,bcsstk13,factor-l,/home/scan_SpTRSV/data/factors/spcg/bcsstk13/spcg_spilu_l_bcsstk13_fill10_drop0.0001_sp0.mtx,2003,magnitude-drop,0.02,0.006750982444699947,0.01,1,1,1,1967,1967,291365,289398,12,12,1978,1978,0,12,12,24,24,0,0.0,0.0,0.0,1947,1891,-56,-0.027958062905641536,938,895,43,0,0,0,0,0.0,0,0,0,0,0.0,0,0,0,0,0.0,0,0,0,0,0,0,0,0,0,0.0,0.0,0.0,0.0,0.0,0.0,0.0,0.0,0.0,0.0,0.0,0.0,0.0,0.0,0.0,0.0,0.0,0.0,2.0,2.0,0.0,0.0,0.0,0.0,0.0,0.0,0,0,0,0.0,2,2,0,0,0,0,0,0,0.0
SPD,0,0,0,0.0,ok,,bcsstk13,factor-l,/home/scan_SpTRSV/data/factors/spcg/bcsstk13/spcg_spilu_l_bcsstk13_fill10_drop0.0001_sp0.mtx,2003,magnitude-drop,0.02,0.019998970363633243,0.01,-1,1,1,5827,1089,291365,285538,12,12,1978,1978,0,12,12,24,24,0,0.0,0.0,0.0,1947,1932,-15,-0.0074887668497254116,938,927,11,0,0,0,0,0.0,0,0,0,0,0.0,0,0,0,0,0.0,0,0,0,0,0,0,0,0,0,0.0,0.0,0.0,0.0,0.0,0.0,0.0,0.0,0.0,0.0,0.0,0.0,0.0,0.0,0.0,0.0,0.0,0.0,2.0,2.0,0.0,0.0,0.0,0.0,0.0,0.0,0,0,0,0.0,2,2,0,0,0,0,0,0,0.0
SPD,0,0,0,0.0,ok,,bcsstk13,factor-l,/home/scan_SpTRSV/data/factors/spcg/bcsstk13/spcg_spilu_l_bcsstk13_fill10_drop0.0001_sp0.mtx,2003,magnitude-drop,0.05,0.006311670928217185,0.0001,1,1,1,1839,1839,291365,289526,12,12,1978,1978,0,12,12,24,24,0,0.0,0.0,0.0,1947,1914,-33,-0.016475287069395907,938,911,27,0,0,0,0,0.0,0,0,0,0,0.0,0,0,0,0,0.0,0,0,0,0,0,0,0,0,0,0.0,0.0,0.0,0.0,0.0,0.0,0.0,0.0,0.0,0.0,0.0,0.0,0.0,0.0,0.0,0.0,0.0,0.0,2.0,2.0,0.0,0.0,0.0,0.0,0.0,0.0,0,0,0,0.0,2,2,0,0,0,0,0,0,0.0
SPD,0,0,0,0.0,ok,,bcsstk13,factor-l,/home/scan_SpTRSV/data/factors/spcg/bcsstk13/spcg_spilu_l_bcsstk13_fill10_drop0.0001_sp0.mtx,2003,magnitude-drop,0.05,0.04999914196969437,0.0001,-1,1,1,14568,1390,291365,276797,12,12,1978,1978,0,12,12,24,24,0,0.0,0.0,0.0,1947,1912,-35,-0.017473789316025962,938,903,35,0,0,0,0,0.0,0,0,0,0,0.0,0,0,0,0,0.0,0,0,0,0,0,0,0,0,0,0.0,0.0,0.0,0.0,0.0,0.0,0.0,0.0,0.0,0.0,0.0,0.0,0.0,0.0,0.0,0.0,0.0,0.0,2.0,2.0,0.0,0.0,0.0,0.0,0.0,0.0,0,0,0,0.0,2,2,0,0,0,0,0,0,0.0
SPD,0,0,0,0.0,ok,,bcsstk13,factor-l,/home/scan_SpTRSV/data/factors/spcg/bcsstk13/spcg_spilu_l_bcsstk13_fill10_drop0.0001_sp0.mtx,2003,magnitude-drop,0.05,0.006606833353354041,0.001,1,1,1,1925,1925,291365,289440,12,12,1978,1978,0,12,12,24,24,0,0.0,0.0,0.0,1947,1896,-51,-0.0254618072890664,938,899,39,0,0,0,0,0.0,0,0,0,0,0.0,0,0,0,0,0.0,0,0,0,0,0,0,0,0,0,0.0,0.0,0.0,0.0,0.0,0.0,0.0,0.0,0.0,0.0,0.0,0.0,0.0,0.0,0.0,0.0,0.0,0.0,2.0,2.0,0.0,0.0,0.0,0.0,0.0,0.0,0,0,0,0.0,2,2,0,0,0,0,0,0,0.0
SPD,0,0,0,0.0,ok,,bcsstk13,factor-l,/home/scan_SpTRSV/data/factors/spcg/bcsstk13/spcg_spilu_l_bcsstk13_fill10_drop0.0001_sp0.mtx,2003,magnitude-drop,0.05,0.04999914196969437,0.001,-1,1,1,14568,1390,291365,276797,12,12,1978,1978,0,12,12,24,24,0,0.0,0.0,0.0,1947,1912,-35,-0.017473789316025962,938,903,35,0,0,0,0,0.0,0,0,0,0,0.0,0,0,0,0,0.0,0,0,0,0,0,0,0,0,0,0.0,0.0,0.0,0.0,0.0,0.0,0.0,0.0,0.0,0.0,0.0,0.0,0.0,0.0,0.0,0.0,0.0,0.0,2.0,2.0,0.0,0.0,0.0,0.0,0.0,0.0,0,0,0,0.0,2,2,0,0,0,0,0,0,0.0
SPD,0,0,0,0.0,ok,,bcsstk13,factor-l,/home/scan_SpTRSV/data/factors/spcg/bcsstk13/spcg_spilu_l_bcsstk13_fill10_drop0.0001_sp0.mtx,2003,magnitude-drop,0.05,0.006750982444699947,0.01,1,1,1,1967,1967,291365,289398,12,12,1978,1978,0,12,12,24,24,0,0.0,0.0,0.0,1947,1891,-56,-0.027958062905641536,938,895,43,0,0,0,0,0.0,0,0,0,0,0.0,0,0,0,0,0.0,0,0,0,0,0,0,0,0,0,0.0,0.0,0.0,0.0,0.0,0.0,0.0,0.0,0.0,0.0,0.0,0.0,0.0,0.0,0.0,0.0,0.0,0.0,2.0,2.0,0.0,0.0,0.0,0.0,0.0,0.0,0,0,0,0.0,2,2,0,0,0,0,0,0,0.0
SPD,0,0,0,0.0,ok,,bcsstk13,factor-l,/home/scan_SpTRSV/data/factors/spcg/bcsstk13/spcg_spilu_l_bcsstk13_fill10_drop0.0001_sp0.mtx,2003,magnitude-drop,0.05,0.04999914196969437,0.01,-1,1,1,14568,1390,291365,276797,12,12,1978,1978,0,12,12,24,24,0,0.0,0.0,0.0,1947,1912,-35,-0.017473789316025962,938,903,35,0,0,0,0,0.0,0,0,0,0,0.0,0,0,0,0,0.0,0,0,0,0,0,0,0,0,0,0.0,0.0,0.0,0.0,0.0,0.0,0.0,0.0,0.0,0.0,0.0,0.0,0.0,0.0,0.0,0.0,0.0,0.0,2.0,2.0,0.0,0.0,0.0,0.0,0.0,0.0,0,0,0,0.0,2,2,0,0,0,0,0,0,0.0
SPD,0,0,0,0.0,ok,,bcsstk13,factor-l,/home/scan_SpTRSV/data/factors/spcg/bcsstk13/spcg_spilu_l_bcsstk13_fill10_drop0.0001_sp0.mtx,2003,magnitude-drop,0.1,0.006311670928217185,0.0001,1,1,1,1839,1839,291365,289526,12,12,1978,1978,0,12,12,24,24,0,0.0,0.0,0.0,1947,1914,-33,-0.016475287069395907,938,911,27,0,0,0,0,0.0,0,0,0,0,0.0,0,0,0,0,0.0,0,0,0,0,0,0,0,0,0,0.0,0.0,0.0,0.0,0.0,0.0,0.0,0.0,0.0,0.0,0.0,0.0,0.0,0.0,0.0,0.0,0.0,0.0,2.0,2.0,0.0,0.0,0.0,0.0,0.0,0.0,0,0,0,0.0,2,2,0,0,0,0,0,0,0.0
SPD,0,0,0,0.0,ok,,bcsstk13,factor-l,/home/scan_SpTRSV/data/factors/spcg/bcsstk13/spcg_spilu_l_bcsstk13_fill10_drop0.0001_sp0.mtx,2003,magnitude-drop,0.1,0.09999828393938874,0.0001,-1,1,1,29136,1595,291365,262229,12,12,1978,1978,0,12,12,24,24,0,0.0,0.0,0.0,1947,1866,-81,-0.040439340988517224,938,846,92,0,0,0,0,0.0,0,0,0,0,0.0,0,0,0,0,0.0,0,0,0,0,0,0,0,0,0,0.0,0.0,0.0,0.0,0.0,0.0,0.0,0.0,0.0,0.0,0.0,0.0,0.0,0.0,0.0,0.0,0.0,0.0,2.0,2.0,0.0,0.0,0.0,0.0,0.0,0.0,0,0,0,0.0,2,2,0,0,0,0,0,0,0.0
SPD,0,0,0,0.0,ok,,bcsstk13,factor-l,/home/scan_SpTRSV/data/factors/spcg/bcsstk13/spcg_spilu_l_bcsstk13_fill10_drop0.0001_sp0.mtx,2003,magnitude-drop,0.1,0.006606833353354041,0.001,1,1,1,1925,1925,291365,289440,12,12,1978,1978,0,12,12,24,24,0,0.0,0.0,0.0,1947,1896,-51,-0.0254618072890664,938,899,39,0,0,0,0,0.0,0,0,0,0,0.0,0,0,0,0,0.0,0,0,0,0,0,0,0,0,0,0.0,0.0,0.0,0.0,0.0,0.0,0.0,0.0,0.0,0.0,0.0,0.0,0.0,0.0,0.0,0.0,0.0,0.0,2.0,2.0,0.0,0.0,0.0,0.0,0.0,0.0,0,0,0,0.0,2,2,0,0,0,0,0,0,0.0
SPD,0,0,0,0.0,ok,,bcsstk13,factor-l,/home/scan_SpTRSV/data/factors/spcg/bcsstk13/spcg_spilu_l_bcsstk13_fill10_drop0.0001_sp0.mtx,2003,magnitude-drop,0.1,0.09999828393938874,0.001,-1,1,1,29136,1595,291365,262229,12,12,1978,1978,0,12,12,24,24,0,0.0,0.0,0.0,1947,1866,-81,-0.040439340988517224,938,846,92,0,0,0,0,0.0,0,0,0,0,0.0,0,0,0,0,0.0,0,0,0,0,0,0,0,0,0,0.0,0.0,0.0,0.0,0.0,0.0,0.0,0.0,0.0,0.0,0.0,0.0,0.0,0.0,0.0,0.0,0.0,0.0,2.0,2.0,0.0,0.0,0.0,0.0,0.0,0.0,0,0,0,0.0,2,2,0,0,0,0,0,0,0.0
SPD,0,0,0,0.0,ok,,bcsstk13,factor-l,/home/scan_SpTRSV/data/factors/spcg/bcsstk13/spcg_spilu_l_bcsstk13_fill10_drop0.0001_sp0.mtx,2003,magnitude-drop,0.1,0.006750982444699947,0.01,1,1,1,1967,1967,291365,289398,12,12,1978,1978,0,12,12,24,24,0,0.0,0.0,0.0,1947,1891,-56,-0.027958062905641536,938,895,43,0,0,0,0,0.0,0,0,0,0,0.0,0,0,0,0,0.0,0,0,0,0,0,0,0,0,0,0.0,0.0,0.0,0.0,0.0,0.0,0.0,0.0,0.0,0.0,0.0,0.0,0.0,0.0,0.0,0.0,0.0,0.0,2.0,2.0,0.0,0.0,0.0,0.0,0.0,0.0,0,0,0,0.0,2,2,0,0,0,0,0,0,0.0
SPD,0,0,0,0.0,ok,,bcsstk13,factor-l,/home/scan_SpTRSV/data/factors/spcg/bcsstk13/spcg_spilu_l_bcsstk13_fill10_drop0.0001_sp0.mtx,2003,magnitude-drop,0.1,0.09999828393938874,0.01,-1,1,1,29136,1595,291365,262229,12,12,1978,1978,0,12,12,24,24,0,0.0,0.0,0.0,1947,1866,-81,-0.040439340988517224,938,846,92,0,0,0,0,0.0,0,0,0,0,0.0,0,0,0,0,0.0,0,0,0,0,0,0,0,0,0,0.0,0.0,0.0,0.0,0.0,0.0,0.0,0.0,0.0,0.0,0.0,0.0,0.0,0.0,0.0,0.0,0.0,0.0,2.0,2.0,0.0,0.0,0.0,0.0,0.0,0.0,0,0,0,0.0,2,2,0,0,0,0,0,0,0.0
SPD,0,0,0,0.0,ok,,bcsstk13,factor-l,/home/scan_SpTRSV/data/factors/spcg/bcsstk13/spcg_spilu_l_bcsstk13_fill10_drop0.0001_sp0.mtx,2003,wavefront-oriented,0.01,0.006311670928217185,0.0001,1,1,1,1839,1839,291365,289526,12,12,1978,1978,0,12,12,24,24,0,0.0,0.0,0.0,1947,1602,-345,-0.17224163754368446,938,650,288,0,0,0,0,0.0,0,0,0,0,0.0,0,0,0,0,0.0,0,0,0,0,0,0,0,0,0,0.0,0.0,0.0,0.0,0.0,0.0,0.0,0.0,0.0,0.0,0.0,0.0,0.0,0.0,0.0,0.0,0.0,0.0,2.0,2.0,0.0,0.0,0.0,0.0,0.0,0.0,0,0,0,0.0,2,2,0,0,0,0,0,0,0.0
SPD,0,0,0,0.0,ok,,bcsstk13,factor-l,/home/scan_SpTRSV/data/factors/spcg/bcsstk13/spcg_spilu_l_bcsstk13_fill10_drop0.0001_sp0.mtx,2003,wavefront-oriented,0.01,0.009997769121205362,0.0001,-1,1,1,2913,246,291365,288452,12,12,1978,1978,0,12,12,24,24,0,0.0,0.0,0.0,1947,1727,-220,-0.10983524712930604,938,781,157,0,0,0,0,0.0,0,0,0,0,0.0,0,0,0,0,0.0,0,0,0,0,0,0,0,0,0,0.0,0.0,0.0,0.0,0.0,0.0,0.0,0.0,0.0,0.0,0.0,0.0,0.0,0.0,0.0,0.0,0.0,0.0,2.0,2.0,0.0,0.0,0.0,0.0,0.0,0.0,0,0,0,0.0,2,2,0,0,0,0,0,0,0.0
SPD,0,0,0,0.0,ok,,bcsstk13,factor-l,/home/scan_SpTRSV/data/factors/spcg/bcsstk13/spcg_spilu_l_bcsstk13_fill10_drop0.0001_sp0.mtx,2003,wavefront-oriented,0.01,0.006606833353354041,0.001,1,1,1,1925,1925,291365,289440,12,12,1978,1978,0,12,12,24,24,0,0.0,0.0,0.0,1947,1326,-621,-0.31003494757863204,938,454,484,0,0,0,0,0.0,0,0,0,0,0.0,0,0,0,0,0.0,0,0,0,0,0,0,0,0,0,0.0,0.0,0.0,0.0,0.0,0.0,0.0,0.0,0.0,0.0,0.0,0.0,0.0,0.0,0.0,0.0,0.0,0.0,2.0,2.0,0.0,0.0,0.0,0.0,0.0,0.0,0,0,0,0.0,2,2,0,0,0,0,0,0,0.0
SPD,0,0,0,0.0,ok,,bcsstk13,factor-l,/home/scan_SpTRSV/data/factors/spcg/bcsstk13/spcg_spilu_l_bcsstk13_fill10_drop0.0001_sp0.mtx,2003,wavefront-oriented,0.01,0.009997769121205362,0.001,-1,1,1,2913,298,291365,288452,12,12,1978,1978,0,12,12,24,24,0,0.0,0.0,0.0,1947,1595,-352,-0.17573639540688968,938,706,232,0,0,0,0,0.0,0,0,0,0,0.0,0,0,0,0,0.0,0,0,0,0,0,0,0,0,0,0.0,0.0,0.0,0.0,0.0,0.0,0.0,0.0,0.0,0.0,0.0,0.0,0.0,0.0,0.0,0.0,0.0,0.0,2.0,2.0,0.0,0.0,0.0,0.0,0.0,0.0,0,0,0,0.0,2,2,0,0,0,0,0,0,0.0
SPD,0,0,0,0.0,ok,,bcsstk13,factor-l,/home/scan_SpTRSV/data/factors/spcg/bcsstk13/spcg_spilu_l_bcsstk13_fill10_drop0.0001_sp0.mtx,2003,wavefront-oriented,0.01,0.006750982444699947,0.01,1,1,1,1967,1967,291365,289398,12,12,1978,1978,0,12,12,24,24,0,0.0,0.0,0.0,1947,1133,-814,-0.4063904143784324,938,327,611,0,0,0,0,0.0,0,0,0,0,0.0,0,0,0,0,0.0,0,0,0,0,0,0,0,0,0,0.0,0.0,0.0,0.0,0.0,0.0,0.0,0.0,0.0,0.0,0.0,0.0,0.0,0.0,0.0,0.0,0.0,0.0,2.0,2.0,0.0,0.0,0.0,0.0,0.0,0.0,0,0,0,0.0,2,2,0,0,0,0,0,0,0.0
SPD,0,0,0,0.0,ok,,bcsstk13,factor-l,/home/scan_SpTRSV/data/factors/spcg/bcsstk13/spcg_spilu_l_bcsstk13_fill10_drop0.0001_sp0.mtx,2003,wavefront-oriented,0.01,0.009997769121205362,0.01,-1,1,1,2913,368,291365,288452,12,12,1978,1978,0,12,12,24,24,0,0.0,0.0,0.0,1947,1551,-396,-0.19770344483275087,938,687,251,0,0,0,0,0.0,0,0,0,0,0.0,0,0,0,0,0.0,0,0,0,0,0,0,0,0,0,0.0,0.0,0.0,0.0,0.0,0.0,0.0,0.0,0.0,0.0,0.0,0.0,0.0,0.0,0.0,0.0,0.0,0.0,2.0,2.0,0.0,0.0,0.0,0.0,0.0,0.0,0,0,0,0.0,2,2,0,0,0,0,0,0,0.0
SPD,0,0,0,0.0,ok,,bcsstk13,factor-l,/home/scan_SpTRSV/data/factors/spcg/bcsstk13/spcg_spilu_l_bcsstk13_fill10_drop0.0001_sp0.mtx,2003,wavefront-oriented,0.02,0.006311670928217185,0.0001,1,1,1,1839,1839,291365,289526,12,12,1978,1978,0,12,12,24,24,0,0.0,0.0,0.0,1947,1602,-345,-0.17224163754368446,938,650,288,0,0,0,0,0.0,0,0,0,0,0.0,0,0,0,0,0.0,0,0,0,0,0,0,0,0,0,0.0,0.0,0.0,0.0,0.0,0.0,0.0,0.0,0.0,0.0,0.0,0.0,0.0,0.0,0.0,0.0,0.0,0.0,2.0,2.0,0.0,0.0,0.0,0.0,0.0,0.0,0,0,0,0.0,2,2,0,0,0,0,0,0,0.0
SPD,0,0,0,0.0,ok,,bcsstk13,factor-l,/home/scan_SpTRSV/data/factors/spcg/bcsstk13/spcg_spilu_l_bcsstk13_fill10_drop0.0001_sp0.mtx,2003,wavefront-oriented,0.02,0.019998970363633243,0.0001,-1,1,1,5827,325,291365,285538,12,12,1978,1978,0,12,12,24,24,0,0.0,0.0,0.0,1947,1707,-240,-0.11982026959560658,938,759,179,0,0,0,0,0.0,0,0,0,0,0.0,0,0,0,0,0.0,0,0,0,0,0,0,0,0,0,0.0,0.0,0.0,0.0,0.0,0.0,0.0,0.0,0.0,0.0,0.0,0.0,0.0,0.0,0.0,0.0,0.0,0.0,2.0,2.0,0.0,0.0,0.0,0.0,0.0,0.0,0,0,0,0.0,2,2,0,0,0,0,0,0,0.0
SPD,0,0,0,0.0,ok,,bcsstk13,factor-l,/home/scan_SpTRSV/data/factors/spcg/bcsstk13/spcg_spilu_l_bcsstk13_fill10_drop0.0001_sp0.mtx,2003,wavefront-oriented,0.02,0.006606833353354041,0.001,1,1,1,1925,1925,291365,289440,12,12,1978,1978,0,12,12,24,24,0,0.0,0.0,0.0,1947,1326,-621,-0.31003494757863204,938,454,484,0,0,0,0,0.0,0,0,0,0,0.0,0,0,0,0,0.0,0,0,0,0,0,0,0,0,0,0.0,0.0,0.0,0.0,0.0,0.0,0.0,0.0,0.0,0.0,0.0,0.0,0.0,0.0,0.0,0.0,0.0,0.0,2.0,2.0,0.0,0.0,0.0,0.0,0.0,0.0,0,0,0,0.0,2,2,0,0,0,0,0,0,0.0
SPD,0,0,0,0.0,ok,,bcsstk13,factor-l,/home/scan_SpTRSV/data/factors/spcg/bcsstk13/spcg_spilu_l_bcsstk13_fill10_drop0.0001_sp0.mtx,2003,wavefront-oriented,0.02,0.019998970363633243,0.001,-1,1,1,5827,358,291365,285538,12,12,1978,1978,0,12,12,24,24,0,0.0,0.0,0.0,1947,1568,-379,-0.1892161757363954,938,690,248,0,0,0,0,0.0,0,0,0,0,0.0,0,0,0,0,0.0,0,0,0,0,0,0,0,0,0,0.0,0.0,0.0,0.0,0.0,0.0,0.0,0.0,0.0,0.0,0.0,0.0,0.0,0.0,0.0,0.0,0.0,0.0,2.0,2.0,0.0,0.0,0.0,0.0,0.0,0.0,0,0,0,0.0,2,2,0,0,0,0,0,0,0.0
SPD,0,0,0,0.0,ok,,bcsstk13,factor-l,/home/scan_SpTRSV/data/factors/spcg/bcsstk13/spcg_spilu_l_bcsstk13_fill10_drop0.0001_sp0.mtx,2003,wavefront-oriented,0.02,0.006750982444699947,0.01,1,1,1,1967,1967,291365,289398,12,12,1978,1978,0,12,12,24,24,0,0.0,0.0,0.0,1947,1133,-814,-0.4063904143784324,938,327,611,0,0,0,0,0.0,0,0,0,0,0.0,0,0,0,0,0.0,0,0,0,0,0,0,0,0,0,0.0,0.0,0.0,0.0,0.0,0.0,0.0,0.0,0.0,0.0,0.0,0.0,0.0,0.0,0.0,0.0,0.0,0.0,2.0,2.0,0.0,0.0,0.0,0.0,0.0,0.0,0,0,0,0.0,2,2,0,0,0,0,0,0,0.0
SPD,0,0,0,0.0,ok,,bcsstk13,factor-l,/home/scan_SpTRSV/data/factors/spcg/bcsstk13/spcg_spilu_l_bcsstk13_fill10_drop0.0001_sp0.mtx,2003,wavefront-oriented,0.02,0.019998970363633243,0.01,-1,1,1,5827,413,291365,285538,12,12,1978,1978,0,12,12,24,24,0,0.0,0.0,0.0,1947,1536,-411,-0.20519221168247628,938,681,257,0,0,0,0,0.0,0,0,0,0,0.0,0,0,0,0,0.0,0,0,0,0,0,0,0,0,0,0.0,0.0,0.0,0.0,0.0,0.0,0.0,0.0,0.0,0.0,0.0,0.0,0.0,0.0,0.0,0.0,0.0,0.0,2.0,2.0,0.0,0.0,0.0,0.0,0.0,0.0,0,0,0,0.0,2,2,0,0,0,0,0,0,0.0
SPD,0,0,0,0.0,ok,,bcsstk13,factor-l,/home/scan_SpTRSV/data/factors/spcg/bcsstk13/spcg_spilu_l_bcsstk13_fill10_drop0.0001_sp0.mtx,2003,wavefront-oriented,0.05,0.006311670928217185,0.0001,1,1,1,1839,1839,291365,289526,12,12,1978,1978,0,12,12,24,24,0,0.0,0.0,0.0,1947,1602,-345,-0.17224163754368446,938,650,288,0,0,0,0,0.0,0,0,0,0,0.0,0,0,0,0,0.0,0,0,0,0,0,0,0,0,0,0.0,0.0,0.0,0.0,0.0,0.0,0.0,0.0,0.0,0.0,0.0,0.0,0.0,0.0,0.0,0.0,0.0,0.0,2.0,2.0,0.0,0.0,0.0,0.0,0.0,0.0,0,0,0,0.0,2,2,0,0,0,0,0,0,0.0
SPD,0,0,0,0.0,ok,,bcsstk13,factor-l,/home/scan_SpTRSV/data/factors/spcg/bcsstk13/spcg_spilu_l_bcsstk13_fill10_drop0.0001_sp0.mtx,2003,wavefront-oriented,0.05,0.04999914196969437,0.0001,-1,1,1,14568,462,291365,276797,12,12,1978,1978,0,12,12,24,24,0,0.0,0.0,0.0,1947,1690,-257,-0.12830753869196207,938,736,202,0,0,0,0,0.0,0,0,0,0,0.0,0,0,0,0,0.0,0,0,0,0,0,0,0,0,0,0.0,0.0,0.0,0.0,0.0,0.0,0.0,0.0,0.0,0.0,0.0,0.0,0.0,0.0,0.0,0.0,0.0,0.0,2.0,2.0,0.0,0.0,0.0,0.0,0.0,0.0,0,0,0,0.0,2,2,0,0,0,0,0,0,0.0
SPD,0,0,0,0.0,ok,,bcsstk13,factor-l,/home/scan_SpTRSV/data/factors/spcg/bcsstk13/spcg_spilu_l_bcsstk13_fill10_drop0.0001_sp0.mtx,2003,wavefront-oriented,0.05,0.006606833353354041,0.001,1,1,1,1925,1925,291365,289440,12,12,1978,1978,0,12,12,24,24,0,0.0,0.0,0.0,1947,1326,-621,-0.31003494757863204,938,454,484,0,0,0,0,0.0,0,0,0,0,0.0,0,0,0,0,0.0,0,0,0,0,0,0,0,0,0,0.0,0.0,0.0,0.0,0.0,0.0,0.0,0.0,0.0,0.0,0.0,0.0,0.0,0.0,0.0,0.0,0.0,0.0,2.0,2.0,0.0,0.0,0.0,0.0,0.0,0.0,0,0,0,0.0,2,2,0,0,0,0,0,0,0.0
SPD,0,0,0,0.0,ok,,bcsstk13,factor-l,/home/scan_SpTRSV/data/factors/spcg/bcsstk13/spcg_spilu_l_bcsstk13_fill10_drop0.0001_sp0.mtx,2003,wavefront-oriented,0.05,0.04999914196969437,0.001,-1,1,1,14568,479,291365,276797,12,12,1978,1978,0,12,12,24,24,0,0.0,0.0,0.0,1947,1532,-415,-0.2071892161757364,938,661,277,0,0,0,0,0.0,0,0,0,0,0.0,0,0,0,0,0.0,0,0,0,0,0,0,0,0,0,0.0,0.0,0.0,0.0,0.0,0.0,0.0,0.0,0.0,0.0,0.0,0.0,0.0,0.0,0.0,0.0,0.0,0.0,2.0,2.0,0.0,0.0,0.0,0.0,0.0,0.0,0,0,0,0.0,2,2,0,0,0,0,0,0,0.0
SPD,0,0,0,0.0,ok,,bcsstk13,factor-l,/home/scan_SpTRSV/data/factors/spcg/bcsstk13/spcg_spilu_l_bcsstk13_fill10_drop0.0001_sp0.mtx,2003,wavefront-oriented,0.05,0.006750982444699947,0.01,1,1,1,1967,1967,291365,289398,12,12,1978,1978,0,12,12,24,24,0,0.0,0.0,0.0,1947,1133,-814,-0.4063904143784324,938,327,611,0,0,0,0,0.0,0,0,0,0,0.0,0,0,0,0,0.0,0,0,0,0,0,0,0,0,0,0.0,0.0,0.0,0.0,0.0,0.0,0.0,0.0,0.0,0.0,0.0,0.0,0.0,0.0,0.0,0.0,0.0,0.0,2.0,2.0,0.0,0.0,0.0,0.0,0.0,0.0,0,0,0,0.0,2,2,0,0,0,0,0,0,0.0
SPD,0,0,0,0.0,ok,,bcsstk13,factor-l,/home/scan_SpTRSV/data/factors/spcg/bcsstk13/spcg_spilu_l_bcsstk13_fill10_drop0.0001_sp0.mtx,2003,wavefront-oriented,0.05,0.04999914196969437,0.01,-1,1,1,14568,521,291365,276797,12,12,1978,1978,0,12,12,24,24,0,0.0,0.0,0.0,1947,1498,-449,-0.22416375436844732,938,650,288,0,0,0,0,0.0,0,0,0,0,0.0,0,0,0,0,0.0,0,0,0,0,0,0,0,0,0,0.0,0.0,0.0,0.0,0.0,0.0,0.0,0.0,0.0,0.0,0.0,0.0,0.0,0.0,0.0,0.0,0.0,0.0,2.0,2.0,0.0,0.0,0.0,0.0,0.0,0.0,0,0,0,0.0,2,2,0,0,0,0,0,0,0.0
SPD,0,0,0,0.0,ok,,bcsstk13,factor-l,/home/scan_SpTRSV/data/factors/spcg/bcsstk13/spcg_spilu_l_bcsstk13_fill10_drop0.0001_sp0.mtx,2003,wavefront-oriented,0.1,0.006311670928217185,0.0001,1,1,1,1839,1839,291365,289526,12,12,1978,1978,0,12,12,24,24,0,0.0,0.0,0.0,1947,1602,-345,-0.17224163754368446,938,650,288,0,0,0,0,0.0,0,0,0,0,0.0,0,0,0,0,0.0,0,0,0,0,0,0,0,0,0,0.0,0.0,0.0,0.0,0.0,0.0,0.0,0.0,0.0,0.0,0.0,0.0,0.0,0.0,0.0,0.0,0.0,0.0,2.0,2.0,0.0,0.0,0.0,0.0,0.0,0.0,0,0,0,0.0,2,2,0,0,0,0,0,0,0.0
SPD,0,0,0,0.0,ok,,bcsstk13,factor-l,/home/scan_SpTRSV/data/factors/spcg/bcsstk13/spcg_spilu_l_bcsstk13_fill10_drop0.0001_sp0.mtx,2003,wavefront-oriented,0.1,0.09999828393938874,0.0001,-1,1,1,29136,689,291365,262229,12,12,1978,1978,0,12,12,24,24,0,0.0,0.0,0.0,1947,1677,-270,-0.13479780329505742,938,723,215,0,0,0,0,0.0,0,0,0,0,0.0,0,0,0,0,0.0,0,0,0,0,0,0,0,0,0,0.0,0.0,0.0,0.0,0.0,0.0,0.0,0.0,0.0,0.0,0.0,0.0,0.0,0.0,0.0,0.0,0.0,0.0,2.0,2.0,0.0,0.0,0.0,0.0,0.0,0.0,0,0,0,0.0,2,2,0,0,0,0,0,0,0.0
SPD,0,0,0,0.0,ok,,bcsstk13,factor-l,/home/scan_SpTRSV/data/factors/spcg/bcsstk13/spcg_spilu_l_bcsstk13_fill10_drop0.0001_sp0.mtx,2003,wavefront-oriented,0.1,0.006606833353354041,0.001,1,1,1,1925,1925,291365,289440,12,12,1978,1978,0,12,12,24,24,0,0.0,0.0,0.0,1947,1326,-621,-0.31003494757863204,938,454,484,0,0,0,0,0.0,0,0,0,0,0.0,0,0,0,0,0.0,0,0,0,0,0,0,0,0,0,0.0,0.0,0.0,0.0,0.0,0.0,0.0,0.0,0.0,0.0,0.0,0.0,0.0,0.0,0.0,0.0,0.0,0.0,2.0,2.0,0.0,0.0,0.0,0.0,0.0,0.0,0,0,0,0.0,2,2,0,0,0,0,0,0,0.0
SPD,0,0,0,0.0,ok,,bcsstk13,factor-l,/home/scan_SpTRSV/data/factors/spcg/bcsstk13/spcg_spilu_l_bcsstk13_fill10_drop0.0001_sp0.mtx,2003,wavefront-oriented,0.1,0.09999828393938874,0.001,-1,1,1,29136,621,291365,262229,12,13,1978,1977,1,12,13,24,26,2,0.000998502246630055,0.009985193818278624,9.985193818278624e-05,1947,1514,-433,-0.21617573639540688,938,640,298,0,0,0,0,0.0,0,0,0,0,0.0,0,0,0,0,0.0,0,0,0,0,0,0,0,0,0,0.0,0.0,0.0,0.0,0.0,0.0,0.0,0.0,0.0,0.0,0.0,0.0,0.0,0.0,0.0,0.0,0.0,0.0,2.0,2.0,0.0,0.0,0.0,0.0,0.0,0.0,0,0,0,0.0,2,2,0,0,0,0,0,0,6.86436024162548e-05
SPD,0,0,0,0.0,ok,,bcsstk13,factor-l,/home/scan_SpTRSV/data/factors/spcg/bcsstk13/spcg_spilu_l_bcsstk13_fill10_drop0.0001_sp0.mtx,2003,wavefront-oriented,0.1,0.006750982444699947,0.01,1,1,1,1967,1967,291365,289398,12,12,1978,1978,0,12,12,24,24,0,0.0,0.0,0.0,1947,1133,-814,-0.4063904143784324,938,327,611,0,0,0,0,0.0,0,0,0,0,0.0,0,0,0,0,0.0,0,0,0,0,0,0,0,0,0,0.0,0.0,0.0,0.0,0.0,0.0,0.0,0.0,0.0,0.0,0.0,0.0,0.0,0.0,0.0,0.0,0.0,0.0,2.0,2.0,0.0,0.0,0.0,0.0,0.0,0.0,0,0,0,0.0,2,2,0,0,0,0,0,0,0.0
SPD,0,0,0,0.0,ok,,bcsstk13,factor-l,/home/scan_SpTRSV/data/factors/spcg/bcsstk13/spcg_spilu_l_bcsstk13_fill10_drop0.0001_sp0.mtx,2003,wavefront-oriented,0.1,0.09999828393938874,0.01,-1,1,1,29136,625,291365,262229,12,13,1978,1977,1,12,13,24,26,2,0.000998502246630055,0.009985193818278624,9.985193818278624e-05,1947,1445,-502,-0.25062406390414377,938,618,320,0,0,0,0,0.0,0,0,0,0,0.0,0,0,0,0,0.0,0,0,0,0,0,0,0,0,0,0.0,0.0,0.0,0.0,0.0,0.0,0.0,0.0,0.0,0.0,0.0,0.0,0.0,0.0,0.0,0.0,0.0,0.0,2.0,2.0,0.0,0.0,0.0,0.0,0.0,0.0,0,0,0,0.0,2,2,0,0,0,0,0,0,6.86436024162548e-05
SPD,0,0,0,0.0,ok,,bcsstk13,factor-l,/home/scan_SpTRSV/data/factors/spcg/bcsstk13/spcg_spilu_l_bcsstk13_fill10_drop0.0001_sp0.mtx,2003,scan-chain-aware,0.01,0.0,0.0001,1,1,1,0,0,291365,291365,12,12,1978,1978,0,12,12,24,24,0,0.0,0.0,0.0,1947,1947,0,0.0,938,938,0,0,0,0,0,0.0,0,0,0,0,0.0,0,0,0,0,0.0,0,0,0,0,0,0,0,0,0,0.0,0.0,0.0,0.0,0.0,0.0,0.0,0.0,0.0,0.0,0.0,0.0,0.0,0.0,0.0,0.0,0.0,0.0,2.0,2.0,0.0,0.0,0.0,0.0,0.0,0.0,0,0,0,0.0,2,2,0,0,0,0,0,0,0.0
SPD,0,0,0,0.0,ok,,bcsstk13,factor-l,/home/scan_SpTRSV/data/factors/spcg/bcsstk13/spcg_spilu_l_bcsstk13_fill10_drop0.0001_sp0.mtx,2003,scan-chain-aware,0.01,0.009997769121205362,0.0001,-1,1,1,2913,56,291365,288452,12,12,1978,1978,0,12,12,24,24,0,0.0,0.0,0.0,1947,1947,0,0.0,938,933,5,0,0,0,0,0.0,0,0,0,0,0.0,0,0,0,0,0.0,0,0,0,0,0,0,0,0,0,0.0,0.0,0.0,0.0,0.0,0.0,0.0,0.0,0.0,0.0,0.0,0.0,0.0,0.0,0.0,0.0,0.0,0.0,2.0,2.0,0.0,0.0,0.0,0.0,0.0,0.0,0,0,0,0.0,2,2,0,0,0,0,0,0,0.0
SPD,0,0,0,0.0,ok,,bcsstk13,factor-l,/home/scan_SpTRSV/data/factors/spcg/bcsstk13/spcg_spilu_l_bcsstk13_fill10_drop0.0001_sp0.mtx,2003,scan-chain-aware,0.01,0.0,0.001,1,1,1,0,0,291365,291365,12,12,1978,1978,0,12,12,24,24,0,0.0,0.0,0.0,1947,1947,0,0.0,938,938,0,0,0,0,0,0.0,0,0,0,0,0.0,0,0,0,0,0.0,0,0,0,0,0,0,0,0,0,0.0,0.0,0.0,0.0,0.0,0.0,0.0,0.0,0.0,0.0,0.0,0.0,0.0,0.0,0.0,0.0,0.0,0.0,2.0,2.0,0.0,0.0,0.0,0.0,0.0,0.0,0,0,0,0.0,2,2,0,0,0,0,0,0,0.0
SPD,0,0,0,0.0,ok,,bcsstk13,factor-l,/home/scan_SpTRSV/data/factors/spcg/bcsstk13/spcg_spilu_l_bcsstk13_fill10_drop0.0001_sp0.mtx,2003,scan-chain-aware,0.01,0.009997769121205362,0.001,-1,1,1,2913,51,291365,288452,12,12,1978,1978,0,12,12,24,24,0,0.0,0.0,0.0,1947,1946,-1,-0.0004992511233150275,938,933,5,0,0,0,0,0.0,0,0,0,0,0.0,0,0,0,0,0.0,0,0,0,0,0,0,0,0,0,0.0,0.0,0.0,0.0,0.0,0.0,0.0,0.0,0.0,0.0,0.0,0.0,0.0,0.0,0.0,0.0,0.0,0.0,2.0,2.0,0.0,0.0,0.0,0.0,0.0,0.0,0,0,0,0.0,2,2,0,0,0,0,0,0,0.0
SPD,0,0,0,0.0,ok,,bcsstk13,factor-l,/home/scan_SpTRSV/data/factors/spcg/bcsstk13/spcg_spilu_l_bcsstk13_fill10_drop0.0001_sp0.mtx,2003,scan-chain-aware,0.01,0.0,0.01,1,1,1,0,0,291365,291365,12,12,1978,1978,0,12,12,24,24,0,0.0,0.0,0.0,1947,1947,0,0.0,938,938,0,0,0,0,0,0.0,0,0,0,0,0.0,0,0,0,0,0.0,0,0,0,0,0,0,0,0,0,0.0,0.0,0.0,0.0,0.0,0.0,0.0,0.0,0.0,0.0,0.0,0.0,0.0,0.0,0.0,0.0,0.0,0.0,2.0,2.0,0.0,0.0,0.0,0.0,0.0,0.0,0,0,0,0.0,2,2,0,0,0,0,0,0,0.0
SPD,0,0,0,0.0,ok,,bcsstk13,factor-l,/home/scan_SpTRSV/data/factors/spcg/bcsstk13/spcg_spilu_l_bcsstk13_fill10_drop0.0001_sp0.mtx,2003,scan-chain-aware,0.01,0.009997769121205362,0.01,-1,1,1,2913,54,291365,288452,12,12,1978,1978,0,12,12,24,24,0,0.0,0.0,0.0,1947,1946,-1,-0.0004992511233150275,938,931,7,0,0,0,0,0.0,0,0,0,0,0.0,0,0,0,0,0.0,0,0,0,0,0,0,0,0,0,0.0,0.0,0.0,0.0,0.0,0.0,0.0,0.0,0.0,0.0,0.0,0.0,0.0,0.0,0.0,0.0,0.0,0.0,2.0,2.0,0.0,0.0,0.0,0.0,0.0,0.0,0,0,0,0.0,2,2,0,0,0,0,0,0,0.0
SPD,0,0,0,0.0,ok,,bcsstk13,factor-l,/home/scan_SpTRSV/data/factors/spcg/bcsstk13/spcg_spilu_l_bcsstk13_fill10_drop0.0001_sp0.mtx,2003,scan-chain-aware,0.02,0.0,0.0001,1,1,1,0,0,291365,291365,12,12,1978,1978,0,12,12,24,24,0,0.0,0.0,0.0,1947,1947,0,0.0,938,938,0,0,0,0,0,0.0,0,0,0,0,0.0,0,0,0,0,0.0,0,0,0,0,0,0,0,0,0,0.0,0.0,0.0,0.0,0.0,0.0,0.0,0.0,0.0,0.0,0.0,0.0,0.0,0.0,0.0,0.0,0.0,0.0,2.0,2.0,0.0,0.0,0.0,0.0,0.0,0.0,0,0,0,0.0,2,2,0,0,0,0,0,0,0.0
SPD,0,0,0,0.0,ok,,bcsstk13,factor-l,/home/scan_SpTRSV/data/factors/spcg/bcsstk13/spcg_spilu_l_bcsstk13_fill10_drop0.0001_sp0.mtx,2003,scan-chain-aware,0.02,0.019998970363633243,0.0001,-1,1,1,5827,82,291365,285538,12,12,1978,1978,0,12,12,24,24,0,0.0,0.0,0.0,1947,1947,0,0.0,938,931,7,0,0,0,0,0.0,0,0,0,0,0.0,0,0,0,0,0.0,0,0,0,0,0,0,0,0,0,0.0,0.0,0.0,0.0,0.0,0.0,0.0,0.0,0.0,0.0,0.0,0.0,0.0,0.0,0.0,0.0,0.0,0.0,2.0,2.0,0.0,0.0,0.0,0.0,0.0,0.0,0,0,0,0.0,2,2,0,0,0,0,0,0,0.0
SPD,0,0,0,0.0,ok,,bcsstk13,factor-l,/home/scan_SpTRSV/data/factors/spcg/bcsstk13/spcg_spilu_l_bcsstk13_fill10_drop0.0001_sp0.mtx,2003,scan-chain-aware,0.02,0.0,0.001,1,1,1,0,0,291365,291365,12,12,1978,1978,0,12,12,24,24,0,0.0,0.0,0.0,1947,1947,0,0.0,938,938,0,0,0,0,0,0.0,0,0,0,0,0.0,0,0,0,0,0.0,0,0,0,0,0,0,0,0,0,0.0,0.0,0.0,0.0,0.0,0.0,0.0,0.0,0.0,0.0,0.0,0.0,0.0,0.0,0.0,0.0,0.0,0.0,2.0,2.0,0.0,0.0,0.0,0.0,0.0,0.0,0,0,0,0.0,2,2,0,0,0,0,0,0,0.0
SPD,0,0,0,0.0,ok,,bcsstk13,factor-l,/home/scan_SpTRSV/data/factors/spcg/bcsstk13/spcg_spilu_l_bcsstk13_fill10_drop0.0001_sp0.mtx,2003,scan-chain-aware,0.02,0.019998970363633243,0.001,-1,1,1,5827,74,291365,285538,12,12,1978,1978,0,12,12,24,24,0,0.0,0.0,0.0,1947,1946,-1,-0.0004992511233150275,938,929,9,0,0,0,0,0.0,0,0,0,0,0.0,0,0,0,0,0.0,0,0,0,0,0,0,0,0,0,0.0,0.0,0.0,0.0,0.0,0.0,0.0,0.0,0.0,0.0,0.0,0.0,0.0,0.0,0.0,0.0,0.0,0.0,2.0,2.0,0.0,0.0,0.0,0.0,0.0,0.0,0,0,0,0.0,2,2,0,0,0,0,0,0,0.0
SPD,0,0,0,0.0,ok,,bcsstk13,factor-l,/home/scan_SpTRSV/data/factors/spcg/bcsstk13/spcg_spilu_l_bcsstk13_fill10_drop0.0001_sp0.mtx,2003,scan-chain-aware,0.02,0.0,0.01,1,1,1,0,0,291365,291365,12,12,1978,1978,0,12,12,24,24,0,0.0,0.0,0.0,1947,1947,0,0.0,938,938,0,0,0,0,0,0.0,0,0,0,0,0.0,0,0,0,0,0.0,0,0,0,0,0,0,0,0,0,0.0,0.0,0.0,0.0,0.0,0.0,0.0,0.0,0.0,0.0,0.0,0.0,0.0,0.0,0.0,0.0,0.0,0.0,2.0,2.0,0.0,0.0,0.0,0.0,0.0,0.0,0,0,0,0.0,2,2,0,0,0,0,0,0,0.0
SPD,0,0,0,0.0,ok,,bcsstk13,factor-l,/home/scan_SpTRSV/data/factors/spcg/bcsstk13/spcg_spilu_l_bcsstk13_fill10_drop0.0001_sp0.mtx,2003,scan-chain-aware,0.02,0.019998970363633243,0.01,-1,1,1,5827,76,291365,285538,12,12,1978,1978,0,12,12,24,24,0,0.0,0.0,0.0,1947,1945,-2,-0.000998502246630055,938,927,11,0,0,0,0,0.0,0,0,0,0,0.0,0,0,0,0,0.0,0,0,0,0,0,0,0,0,0,0.0,0.0,0.0,0.0,0.0,0.0,0.0,0.0,0.0,0.0,0.0,0.0,0.0,0.0,0.0,0.0,0.0,0.0,2.0,2.0,0.0,0.0,0.0,0.0,0.0,0.0,0,0,0,0.0,2,2,0,0,0,0,0,0,0.0
SPD,0,0,0,0.0,ok,,bcsstk13,factor-l,/home/scan_SpTRSV/data/factors/spcg/bcsstk13/spcg_spilu_l_bcsstk13_fill10_drop0.0001_sp0.mtx,2003,scan-chain-aware,0.05,0.0,0.0001,1,1,1,0,0,291365,291365,12,12,1978,1978,0,12,12,24,24,0,0.0,0.0,0.0,1947,1947,0,0.0,938,938,0,0,0,0,0,0.0,0,0,0,0,0.0,0,0,0,0,0.0,0,0,0,0,0,0,0,0,0,0.0,0.0,0.0,0.0,0.0,0.0,0.0,0.0,0.0,0.0,0.0,0.0,0.0,0.0,0.0,0.0,0.0,0.0,2.0,2.0,0.0,0.0,0.0,0.0,0.0,0.0,0,0,0,0.0,2,2,0,0,0,0,0,0,0.0
SPD,0,0,0,0.0,ok,,bcsstk13,factor-l,/home/scan_SpTRSV/data/factors/spcg/bcsstk13/spcg_spilu_l_bcsstk13_fill10_drop0.0001_sp0.mtx,2003,scan-chain-aware,0.05,0.04999914196969437,0.0001,-1,1,1,14568,125,291365,276797,12,12,1978,1978,0,12,12,24,24,0,0.0,0.0,0.0,1947,1947,0,0.0,938,927,11,0,0,0,0,0.0,0,0,0,0,0.0,0,0,0,0,0.0,0,0,0,0,0,0,0,0,0,0.0,0.0,0.0,0.0,0.0,0.0,0.0,0.0,0.0,0.0,0.0,0.0,0.0,0.0,0.0,0.0,0.0,0.0,2.0,2.0,0.0,0.0,0.0,0.0,0.0,0.0,0,0,0,0.0,2,2,0,0,0,0,0,0,0.0
SPD,0,0,0,0.0,ok,,bcsstk13,factor-l,/home/scan_SpTRSV/data/factors/spcg/bcsstk13/spcg_spilu_l_bcsstk13_fill10_drop0.0001_sp0.mtx,2003,scan-chain-aware,0.05,0.0,0.001,1,1,1,0,0,291365,291365,12,12,1978,1978,0,12,12,24,24,0,0.0,0.0,0.0,1947,1947,0,0.0,938,938,0,0,0,0,0,0.0,0,0,0,0,0.0,0,0,0,0,0.0,0,0,0,0,0,0,0,0,0,0.0,0.0,0.0,0.0,0.0,0.0,0.0,0.0,0.0,0.0,0.0,0.0,0.0,0.0,0.0,0.0,0.0,0.0,2.0,2.0,0.0,0.0,0.0,0.0,0.0,0.0,0,0,0,0.0,2,2,0,0,0,0,0,0,0.0
SPD,0,0,0,0.0,ok,,bcsstk13,factor-l,/home/scan_SpTRSV/data/factors/spcg/bcsstk13/spcg_spilu_l_bcsstk13_fill10_drop0.0001_sp0.mtx,2003,scan-chain-aware,0.05,0.04999914196969437,0.001,-1,1,1,14568,97,291365,276797,12,12,1978,1978,0,12,12,24,24,0,0.0,0.0,0.0,1947,1946,-1,-0.0004992511233150275,938,927,11,0,0,0,0,0.0,0,0,0,0,0.0,0,0,0,0,0.0,0,0,0,0,0,0,0,0,0,0.0,0.0,0.0,0.0,0.0,0.0,0.0,0.0,0.0,0.0,0.0,0.0,0.0,0.0,0.0,0.0,0.0,0.0,2.0,2.0,0.0,0.0,0.0,0.0,0.0,0.0,0,0,0,0.0,2,2,0,0,0,0,0,0,0.0
SPD,0,0,0,0.0,ok,,bcsstk13,factor-l,/home/scan_SpTRSV/data/factors/spcg/bcsstk13/spcg_spilu_l_bcsstk13_fill10_drop0.0001_sp0.mtx,2003,scan-chain-aware,0.05,0.0,0.01,1,1,1,0,0,291365,291365,12,12,1978,1978,0,12,12,24,24,0,0.0,0.0,0.0,1947,1947,0,0.0,938,938,0,0,0,0,0,0.0,0,0,0,0,0.0,0,0,0,0,0.0,0,0,0,0,0,0,0,0,0,0.0,0.0,0.0,0.0,0.0,0.0,0.0,0.0,0.0,0.0,0.0,0.0,0.0,0.0,0.0,0.0,0.0,0.0,2.0,2.0,0.0,0.0,0.0,0.0,0.0,0.0,0,0,0,0.0,2,2,0,0,0,0,0,0,0.0
SPD,0,0,0,0.0,ok,,bcsstk13,factor-l,/home/scan_SpTRSV/data/factors/spcg/bcsstk13/spcg_spilu_l_bcsstk13_fill10_drop0.0001_sp0.mtx,2003,scan-chain-aware,0.05,0.04999914196969437,0.01,-1,1,1,14568,100,291365,276797,12,12,1978,1978,0,12,12,24,24,0,0.0,0.0,0.0,1947,1946,-1,-0.0004992511233150275,938,923,15,0,0,0,0,0.0,0,0,0,0,0.0,0,0,0,0,0.0,0,0,0,0,0,0,0,0,0,0.0,0.0,0.0,0.0,0.0,0.0,0.0,0.0,0.0,0.0,0.0,0.0,0.0,0.0,0.0,0.0,0.0,0.0,2.0,2.0,0.0,0.0,0.0,0.0,0.0,0.0,0,0,0,0.0,2,2,0,0,0,0,0,0,0.0
SPD,0,0,0,0.0,ok,,bcsstk13,factor-l,/home/scan_SpTRSV/data/factors/spcg/bcsstk13/spcg_spilu_l_bcsstk13_fill10_drop0.0001_sp0.mtx,2003,scan-chain-aware,0.1,0.0,0.0001,1,1,1,0,0,291365,291365,12,12,1978,1978,0,12,12,24,24,0,0.0,0.0,0.0,1947,1947,0,0.0,938,938,0,0,0,0,0,0.0,0,0,0,0,0.0,0,0,0,0,0.0,0,0,0,0,0,0,0,0,0,0.0,0.0,0.0,0.0,0.0,0.0,0.0,0.0,0.0,0.0,0.0,0.0,0.0,0.0,0.0,0.0,0.0,0.0,2.0,2.0,0.0,0.0,0.0,0.0,0.0,0.0,0,0,0,0.0,2,2,0,0,0,0,0,0,0.0
SPD,0,0,0,0.0,ok,,bcsstk13,factor-l,/home/scan_SpTRSV/data/factors/spcg/bcsstk13/spcg_spilu_l_bcsstk13_fill10_drop0.0001_sp0.mtx,2003,scan-chain-aware,0.1,0.09999828393938874,0.0001,-1,1,1,29136,229,291365,262229,12,12,1978,1978,0,12,12,24,24,0,0.0,0.0,0.0,1947,1947,0,0.0,938,928,10,0,0,0,0,0.0,0,0,0,0,0.0,0,0,0,0,0.0,0,0,0,0,0,0,0,0,0,0.0,0.0,0.0,0.0,0.0,0.0,0.0,0.0,0.0,0.0,0.0,0.0,0.0,0.0,0.0,0.0,0.0,0.0,2.0,2.0,0.0,0.0,0.0,0.0,0.0,0.0,0,0,0,0.0,2,2,0,0,0,0,0,0,0.0
SPD,0,0,0,0.0,ok,,bcsstk13,factor-l,/home/scan_SpTRSV/data/factors/spcg/bcsstk13/spcg_spilu_l_bcsstk13_fill10_drop0.0001_sp0.mtx,2003,scan-chain-aware,0.1,0.0,0.001,1,1,1,0,0,291365,291365,12,12,1978,1978,0,12,12,24,24,0,0.0,0.0,0.0,1947,1947,0,0.0,938,938,0,0,0,0,0,0.0,0,0,0,0,0.0,0,0,0,0,0.0,0,0,0,0,0,0,0,0,0,0.0,0.0,0.0,0.0,0.0,0.0,0.0,0.0,0.0,0.0,0.0,0.0,0.0,0.0,0.0,0.0,0.0,0.0,2.0,2.0,0.0,0.0,0.0,0.0,0.0,0.0,0,0,0,0.0,2,2,0,0,0,0,0,0,0.0
SPD,0,0,0,0.0,ok,,bcsstk13,factor-l,/home/scan_SpTRSV/data/factors/spcg/bcsstk13/spcg_spilu_l_bcsstk13_fill10_drop0.0001_sp0.mtx,2003,scan-chain-aware,0.1,0.09999828393938874,0.001,-1,1,1,29136,139,291365,262229,12,12,1978,1978,0,12,12,24,24,0,0.0,0.0,0.0,1947,1947,0,0.0,938,921,17,0,0,0,0,0.0,0,0,0,0,0.0,0,0,0,0,0.0,0,0,0,0,0,0,0,0,0,0.0,0.0,0.0,0.0,0.0,0.0,0.0,0.0,0.0,0.0,0.0,0.0,0.0,0.0,0.0,0.0,0.0,0.0,2.0,2.0,0.0,0.0,0.0,0.0,0.0,0.0,0,0,0,0.0,2,2,0,0,0,0,0,0,0.0
SPD,0,0,0,0.0,ok,,bcsstk13,factor-l,/home/scan_SpTRSV/data/factors/spcg/bcsstk13/spcg_spilu_l_bcsstk13_fill10_drop0.0001_sp0.mtx,2003,scan-chain-aware,0.1,0.0,0.01,1,1,1,0,0,291365,291365,12,12,1978,1978,0,12,12,24,24,0,0.0,0.0,0.0,1947,1947,0,0.0,938,938,0,0,0,0,0,0.0,0,0,0,0,0.0,0,0,0,0,0.0,0,0,0,0,0,0,0,0,0,0.0,0.0,0.0,0.0,0.0,0.0,0.0,0.0,0.0,0.0,0.0,0.0,0.0,0.0,0.0,0.0,0.0,0.0,2.0,2.0,0.0,0.0,0.0,0.0,0.0,0.0,0,0,0,0.0,2,2,0,0,0,0,0,0,0.0
SPD,0,0,0,0.0,ok,,bcsstk13,factor-l,/home/scan_SpTRSV/data/factors/spcg/bcsstk13/spcg_spilu_l_bcsstk13_fill10_drop0.0001_sp0.mtx,2003,scan-chain-aware,0.1,0.09999828393938874,0.01,-1,1,1,29136,131,291365,262229,12,12,1978,1978,0,12,12,24,24,0,0.0,0.0,0.0,1947,1946,-1,-0.0004992511233150275,938,916,22,0,0,0,0,0.0,0,0,0,0,0.0,0,0,0,0,0.0,0,0,0,0,0,0,0,0,0,0.0,0.0,0.0,0.0,0.0,0.0,0.0,0.0,0.0,0.0,0.0,0.0,0.0,0.0,0.0,0.0,0.0,0.0,2.0,2.0,0.0,0.0,0.0,0.0,0.0,0.0,0,0,0,0.0,2,2,0,0,0,0,0,0,0.0
SPD,0,0,0,0.0,ok,,bcsstk13,factor-l,/home/scan_SpTRSV/data/factors/spcg/bcsstk13/spcg_spilu_l_bcsstk13_fill10_drop0.0001_sp0.mtx,2003,long-chain-aware-drop,0.01,0.0,0.0001,1,1,1,0,0,291365,291365,12,12,1978,1978,0,12,12,24,24,0,0.0,0.0,0.0,1947,1947,0,0.0,938,938,0,0,0,0,0,0.0,0,0,0,0,0.0,0,0,0,0,0.0,0,0,0,0,0,0,0,0,0,0.0,0.0,0.0,0.0,0.0,0.0,0.0,0.0,0.0,0.0,0.0,0.0,0.0,0.0,0.0,0.0,0.0,0.0,2.0,2.0,0.0,0.0,0.0,0.0,0.0,0.0,0,0,0,0.0,2,2,0,0,0,0,0,0,0.0
SPD,0,0,0,0.0,ok,,bcsstk13,factor-l,/home/scan_SpTRSV/data/factors/spcg/bcsstk13/spcg_spilu_l_bcsstk13_fill10_drop0.0001_sp0.mtx,2003,long-chain-aware-drop,0.01,0.0,0.0001,-1,1,1,0,0,291365,291365,12,12,1978,1978,0,12,12,24,24,0,0.0,0.0,0.0,1947,1947,0,0.0,938,938,0,0,0,0,0,0.0,0,0,0,0,0.0,0,0,0,0,0.0,0,0,0,0,0,0,0,0,0,0.0,0.0,0.0,0.0,0.0,0.0,0.0,0.0,0.0,0.0,0.0,0.0,0.0,0.0,0.0,0.0,0.0,0.0,2.0,2.0,0.0,0.0,0.0,0.0,0.0,0.0,0,0,0,0.0,2,2,0,0,0,0,0,0,0.0
SPD,0,0,0,0.0,ok,,bcsstk13,factor-l,/home/scan_SpTRSV/data/factors/spcg/bcsstk13/spcg_spilu_l_bcsstk13_fill10_drop0.0001_sp0.mtx,2003,long-chain-aware-drop,0.01,0.0,0.001,1,1,1,0,0,291365,291365,12,12,1978,1978,0,12,12,24,24,0,0.0,0.0,0.0,1947,1947,0,0.0,938,938,0,0,0,0,0,0.0,0,0,0,0,0.0,0,0,0,0,0.0,0,0,0,0,0,0,0,0,0,0.0,0.0,0.0,0.0,0.0,0.0,0.0,0.0,0.0,0.0,0.0,0.0,0.0,0.0,0.0,0.0,0.0,0.0,2.0,2.0,0.0,0.0,0.0,0.0,0.0,0.0,0,0,0,0.0,2,2,0,0,0,0,0,0,0.0
SPD,0,0,0,0.0,ok,,bcsstk13,factor-l,/home/scan_SpTRSV/data/factors/spcg/bcsstk13/spcg_spilu_l_bcsstk13_fill10_drop0.0001_sp0.mtx,2003,long-chain-aware-drop,0.01,0.0,0.001,-1,1,1,0,0,291365,291365,12,12,1978,1978,0,12,12,24,24,0,0.0,0.0,0.0,1947,1947,0,0.0,938,938,0,0,0,0,0,0.0,0,0,0,0,0.0,0,0,0,0,0.0,0,0,0,0,0,0,0,0,0,0.0,0.0,0.0,0.0,0.0,0.0,0.0,0.0,0.0,0.0,0.0,0.0,0.0,0.0,0.0,0.0,0.0,0.0,2.0,2.0,0.0,0.0,0.0,0.0,0.0,0.0,0,0,0,0.0,2,2,0,0,0,0,0,0,0.0
SPD,0,0,0,0.0,ok,,bcsstk13,factor-l,/home/scan_SpTRSV/data/factors/spcg/bcsstk13/spcg_spilu_l_bcsstk13_fill10_drop0.0001_sp0.mtx,2003,long-chain-aware-drop,0.01,0.0,0.01,1,1,1,0,0,291365,291365,12,12,1978,1978,0,12,12,24,24,0,0.0,0.0,0.0,1947,1947,0,0.0,938,938,0,0,0,0,0,0.0,0,0,0,0,0.0,0,0,0,0,0.0,0,0,0,0,0,0,0,0,0,0.0,0.0,0.0,0.0,0.0,0.0,0.0,0.0,0.0,0.0,0.0,0.0,0.0,0.0,0.0,0.0,0.0,0.0,2.0,2.0,0.0,0.0,0.0,0.0,0.0,0.0,0,0,0,0.0,2,2,0,0,0,0,0,0,0.0
SPD,0,0,0,0.0,ok,,bcsstk13,factor-l,/home/scan_SpTRSV/data/factors/spcg/bcsstk13/spcg_spilu_l_bcsstk13_fill10_drop0.0001_sp0.mtx,2003,long-chain-aware-drop,0.01,0.0,0.01,-1,1,1,0,0,291365,291365,12,12,1978,1978,0,12,12,24,24,0,0.0,0.0,0.0,1947,1947,0,0.0,938,938,0,0,0,0,0,0.0,0,0,0,0,0.0,0,0,0,0,0.0,0,0,0,0,0,0,0,0,0,0.0,0.0,0.0,0.0,0.0,0.0,0.0,0.0,0.0,0.0,0.0,0.0,0.0,0.0,0.0,0.0,0.0,0.0,2.0,2.0,0.0,0.0,0.0,0.0,0.0,0.0,0,0,0,0.0,2,2,0,0,0,0,0,0,0.0
SPD,0,0,0,0.0,ok,,bcsstk13,factor-l,/home/scan_SpTRSV/data/factors/spcg/bcsstk13/spcg_spilu_l_bcsstk13_fill10_drop0.0001_sp0.mtx,2003,long-chain-aware-drop,0.02,0.0,0.0001,1,1,1,0,0,291365,291365,12,12,1978,1978,0,12,12,24,24,0,0.0,0.0,0.0,1947,1947,0,0.0,938,938,0,0,0,0,0,0.0,0,0,0,0,0.0,0,0,0,0,0.0,0,0,0,0,0,0,0,0,0,0.0,0.0,0.0,0.0,0.0,0.0,0.0,0.0,0.0,0.0,0.0,0.0,0.0,0.0,0.0,0.0,0.0,0.0,2.0,2.0,0.0,0.0,0.0,0.0,0.0,0.0,0,0,0,0.0,2,2,0,0,0,0,0,0,0.0
SPD,0,0,0,0.0,ok,,bcsstk13,factor-l,/home/scan_SpTRSV/data/factors/spcg/bcsstk13/spcg_spilu_l_bcsstk13_fill10_drop0.0001_sp0.mtx,2003,long-chain-aware-drop,0.02,0.0,0.0001,-1,1,1,0,0,291365,291365,12,12,1978,1978,0,12,12,24,24,0,0.0,0.0,0.0,1947,1947,0,0.0,938,938,0,0,0,0,0,0.0,0,0,0,0,0.0,0,0,0,0,0.0,0,0,0,0,0,0,0,0,0,0.0,0.0,0.0,0.0,0.0,0.0,0.0,0.0,0.0,0.0,0.0,0.0,0.0,0.0,0.0,0.0,0.0,0.0,2.0,2.0,0.0,0.0,0.0,0.0,0.0,0.0,0,0,0,0.0,2,2,0,0,0,0,0,0,0.0
SPD,0,0,0,0.0,ok,,bcsstk13,factor-l,/home/scan_SpTRSV/data/factors/spcg/bcsstk13/spcg_spilu_l_bcsstk13_fill10_drop0.0001_sp0.mtx,2003,long-chain-aware-drop,0.02,0.0,0.001,1,1,1,0,0,291365,291365,12,12,1978,1978,0,12,12,24,24,0,0.0,0.0,0.0,1947,1947,0,0.0,938,938,0,0,0,0,0,0.0,0,0,0,0,0.0,0,0,0,0,0.0,0,0,0,0,0,0,0,0,0,0.0,0.0,0.0,0.0,0.0,0.0,0.0,0.0,0.0,0.0,0.0,0.0,0.0,0.0,0.0,0.0,0.0,0.0,2.0,2.0,0.0,0.0,0.0,0.0,0.0,0.0,0,0,0,0.0,2,2,0,0,0,0,0,0,0.0
SPD,0,0,0,0.0,ok,,bcsstk13,factor-l,/home/scan_SpTRSV/data/factors/spcg/bcsstk13/spcg_spilu_l_bcsstk13_fill10_drop0.0001_sp0.mtx,2003,long-chain-aware-drop,0.02,0.0,0.001,-1,1,1,0,0,291365,291365,12,12,1978,1978,0,12,12,24,24,0,0.0,0.0,0.0,1947,1947,0,0.0,938,938,0,0,0,0,0,0.0,0,0,0,0,0.0,0,0,0,0,0.0,0,0,0,0,0,0,0,0,0,0.0,0.0,0.0,0.0,0.0,0.0,0.0,0.0,0.0,0.0,0.0,0.0,0.0,0.0,0.0,0.0,0.0,0.0,2.0,2.0,0.0,0.0,0.0,0.0,0.0,0.0,0,0,0,0.0,2,2,0,0,0,0,0,0,0.0
SPD,0,0,0,0.0,ok,,bcsstk13,factor-l,/home/scan_SpTRSV/data/factors/spcg/bcsstk13/spcg_spilu_l_bcsstk13_fill10_drop0.0001_sp0.mtx,2003,long-chain-aware-drop,0.02,0.0,0.01,1,1,1,0,0,291365,291365,12,12,1978,1978,0,12,12,24,24,0,0.0,0.0,0.0,1947,1947,0,0.0,938,938,0,0,0,0,0,0.0,0,0,0,0,0.0,0,0,0,0,0.0,0,0,0,0,0,0,0,0,0,0.0,0.0,0.0,0.0,0.0,0.0,0.0,0.0,0.0,0.0,0.0,0.0,0.0,0.0,0.0,0.0,0.0,0.0,2.0,2.0,0.0,0.0,0.0,0.0,0.0,0.0,0,0,0,0.0,2,2,0,0,0,0,0,0,0.0
SPD,0,0,0,0.0,ok,,bcsstk13,factor-l,/home/scan_SpTRSV/data/factors/spcg/bcsstk13/spcg_spilu_l_bcsstk13_fill10_drop0.0001_sp0.mtx,2003,long-chain-aware-drop,0.02,0.0,0.01,-1,1,1,0,0,291365,291365,12,12,1978,1978,0,12,12,24,24,0,0.0,0.0,0.0,1947,1947,0,0.0,938,938,0,0,0,0,0,0.0,0,0,0,0,0.0,0,0,0,0,0.0,0,0,0,0,0,0,0,0,0,0.0,0.0,0.0,0.0,0.0,0.0,0.0,0.0,0.0,0.0,0.0,0.0,0.0,0.0,0.0,0.0,0.0,0.0,2.0,2.0,0.0,0.0,0.0,0.0,0.0,0.0,0,0,0,0.0,2,2,0,0,0,0,0,0,0.0
SPD,0,0,0,0.0,ok,,bcsstk13,factor-l,/home/scan_SpTRSV/data/factors/spcg/bcsstk13/spcg_spilu_l_bcsstk13_fill10_drop0.0001_sp0.mtx,2003,long-chain-aware-drop,0.05,0.0,0.0001,1,1,1,0,0,291365,291365,12,12,1978,1978,0,12,12,24,24,0,0.0,0.0,0.0,1947,1947,0,0.0,938,938,0,0,0,0,0,0.0,0,0,0,0,0.0,0,0,0,0,0.0,0,0,0,0,0,0,0,0,0,0.0,0.0,0.0,0.0,0.0,0.0,0.0,0.0,0.0,0.0,0.0,0.0,0.0,0.0,0.0,0.0,0.0,0.0,2.0,2.0,0.0,0.0,0.0,0.0,0.0,0.0,0,0,0,0.0,2,2,0,0,0,0,0,0,0.0
SPD,0,0,0,0.0,ok,,bcsstk13,factor-l,/home/scan_SpTRSV/data/factors/spcg/bcsstk13/spcg_spilu_l_bcsstk13_fill10_drop0.0001_sp0.mtx,2003,long-chain-aware-drop,0.05,0.0,0.0001,-1,1,1,0,0,291365,291365,12,12,1978,1978,0,12,12,24,24,0,0.0,0.0,0.0,1947,1947,0,0.0,938,938,0,0,0,0,0,0.0,0,0,0,0,0.0,0,0,0,0,0.0,0,0,0,0,0,0,0,0,0,0.0,0.0,0.0,0.0,0.0,0.0,0.0,0.0,0.0,0.0,0.0,0.0,0.0,0.0,0.0,0.0,0.0,0.0,2.0,2.0,0.0,0.0,0.0,0.0,0.0,0.0,0,0,0,0.0,2,2,0,0,0,0,0,0,0.0
SPD,0,0,0,0.0,ok,,bcsstk13,factor-l,/home/scan_SpTRSV/data/factors/spcg/bcsstk13/spcg_spilu_l_bcsstk13_fill10_drop0.0001_sp0.mtx,2003,long-chain-aware-drop,0.05,0.0,0.001,1,1,1,0,0,291365,291365,12,12,1978,1978,0,12,12,24,24,0,0.0,0.0,0.0,1947,1947,0,0.0,938,938,0,0,0,0,0,0.0,0,0,0,0,0.0,0,0,0,0,0.0,0,0,0,0,0,0,0,0,0,0.0,0.0,0.0,0.0,0.0,0.0,0.0,0.0,0.0,0.0,0.0,0.0,0.0,0.0,0.0,0.0,0.0,0.0,2.0,2.0,0.0,0.0,0.0,0.0,0.0,0.0,0,0,0,0.0,2,2,0,0,0,0,0,0,0.0
SPD,0,0,0,0.0,ok,,bcsstk13,factor-l,/home/scan_SpTRSV/data/factors/spcg/bcsstk13/spcg_spilu_l_bcsstk13_fill10_drop0.0001_sp0.mtx,2003,long-chain-aware-drop,0.05,0.0,0.001,-1,1,1,0,0,291365,291365,12,12,1978,1978,0,12,12,24,24,0,0.0,0.0,0.0,1947,1947,0,0.0,938,938,0,0,0,0,0,0.0,0,0,0,0,0.0,0,0,0,0,0.0,0,0,0,0,0,0,0,0,0,0.0,0.0,0.0,0.0,0.0,0.0,0.0,0.0,0.0,0.0,0.0,0.0,0.0,0.0,0.0,0.0,0.0,0.0,2.0,2.0,0.0,0.0,0.0,0.0,0.0,0.0,0,0,0,0.0,2,2,0,0,0,0,0,0,0.0
SPD,0,0,0,0.0,ok,,bcsstk13,factor-l,/home/scan_SpTRSV/data/factors/spcg/bcsstk13/spcg_spilu_l_bcsstk13_fill10_drop0.0001_sp0.mtx,2003,long-chain-aware-drop,0.05,0.0,0.01,1,1,1,0,0,291365,291365,12,12,1978,1978,0,12,12,24,24,0,0.0,0.0,0.0,1947,1947,0,0.0,938,938,0,0,0,0,0,0.0,0,0,0,0,0.0,0,0,0,0,0.0,0,0,0,0,0,0,0,0,0,0.0,0.0,0.0,0.0,0.0,0.0,0.0,0.0,0.0,0.0,0.0,0.0,0.0,0.0,0.0,0.0,0.0,0.0,2.0,2.0,0.0,0.0,0.0,0.0,0.0,0.0,0,0,0,0.0,2,2,0,0,0,0,0,0,0.0
SPD,0,0,0,0.0,ok,,bcsstk13,factor-l,/home/scan_SpTRSV/data/factors/spcg/bcsstk13/spcg_spilu_l_bcsstk13_fill10_drop0.0001_sp0.mtx,2003,long-chain-aware-drop,0.05,0.0,0.01,-1,1,1,0,0,291365,291365,12,12,1978,1978,0,12,12,24,24,0,0.0,0.0,0.0,1947,1947,0,0.0,938,938,0,0,0,0,0,0.0,0,0,0,0,0.0,0,0,0,0,0.0,0,0,0,0,0,0,0,0,0,0.0,0.0,0.0,0.0,0.0,0.0,0.0,0.0,0.0,0.0,0.0,0.0,0.0,0.0,0.0,0.0,0.0,0.0,2.0,2.0,0.0,0.0,0.0,0.0,0.0,0.0,0,0,0,0.0,2,2,0,0,0,0,0,0,0.0
SPD,0,0,0,0.0,ok,,bcsstk13,factor-l,/home/scan_SpTRSV/data/factors/spcg/bcsstk13/spcg_spilu_l_bcsstk13_fill10_drop0.0001_sp0.mtx,2003,long-chain-aware-drop,0.1,0.0,0.0001,1,1,1,0,0,291365,291365,12,12,1978,1978,0,12,12,24,24,0,0.0,0.0,0.0,1947,1947,0,0.0,938,938,0,0,0,0,0,0.0,0,0,0,0,0.0,0,0,0,0,0.0,0,0,0,0,0,0,0,0,0,0.0,0.0,0.0,0.0,0.0,0.0,0.0,0.0,0.0,0.0,0.0,0.0,0.0,0.0,0.0,0.0,0.0,0.0,2.0,2.0,0.0,0.0,0.0,0.0,0.0,0.0,0,0,0,0.0,2,2,0,0,0,0,0,0,0.0
SPD,0,0,0,0.0,ok,,bcsstk13,factor-l,/home/scan_SpTRSV/data/factors/spcg/bcsstk13/spcg_spilu_l_bcsstk13_fill10_drop0.0001_sp0.mtx,2003,long-chain-aware-drop,0.1,0.0,0.0001,-1,1,1,0,0,291365,291365,12,12,1978,1978,0,12,12,24,24,0,0.0,0.0,0.0,1947,1947,0,0.0,938,938,0,0,0,0,0,0.0,0,0,0,0,0.0,0,0,0,0,0.0,0,0,0,0,0,0,0,0,0,0.0,0.0,0.0,0.0,0.0,0.0,0.0,0.0,0.0,0.0,0.0,0.0,0.0,0.0,0.0,0.0,0.0,0.0,2.0,2.0,0.0,0.0,0.0,0.0,0.0,0.0,0,0,0,0.0,2,2,0,0,0,0,0,0,0.0
SPD,0,0,0,0.0,ok,,bcsstk13,factor-l,/home/scan_SpTRSV/data/factors/spcg/bcsstk13/spcg_spilu_l_bcsstk13_fill10_drop0.0001_sp0.mtx,2003,long-chain-aware-drop,0.1,0.0,0.001,1,1,1,0,0,291365,291365,12,12,1978,1978,0,12,12,24,24,0,0.0,0.0,0.0,1947,1947,0,0.0,938,938,0,0,0,0,0,0.0,0,0,0,0,0.0,0,0,0,0,0.0,0,0,0,0,0,0,0,0,0,0.0,0.0,0.0,0.0,0.0,0.0,0.0,0.0,0.0,0.0,0.0,0.0,0.0,0.0,0.0,0.0,0.0,0.0,2.0,2.0,0.0,0.0,0.0,0.0,0.0,0.0,0,0,0,0.0,2,2,0,0,0,0,0,0,0.0
SPD,0,0,0,0.0,ok,,bcsstk13,factor-l,/home/scan_SpTRSV/data/factors/spcg/bcsstk13/spcg_spilu_l_bcsstk13_fill10_drop0.0001_sp0.mtx,2003,long-chain-aware-drop,0.1,0.0,0.001,-1,1,1,0,0,291365,291365,12,12,1978,1978,0,12,12,24,24,0,0.0,0.0,0.0,1947,1947,0,0.0,938,938,0,0,0,0,0,0.0,0,0,0,0,0.0,0,0,0,0,0.0,0,0,0,0,0,0,0,0,0,0.0,0.0,0.0,0.0,0.0,0.0,0.0,0.0,0.0,0.0,0.0,0.0,0.0,0.0,0.0,0.0,0.0,0.0,2.0,2.0,0.0,0.0,0.0,0.0,0.0,0.0,0,0,0,0.0,2,2,0,0,0,0,0,0,0.0
SPD,0,0,0,0.0,ok,,bcsstk13,factor-l,/home/scan_SpTRSV/data/factors/spcg/bcsstk13/spcg_spilu_l_bcsstk13_fill10_drop0.0001_sp0.mtx,2003,long-chain-aware-drop,0.1,0.0,0.01,1,1,1,0,0,291365,291365,12,12,1978,1978,0,12,12,24,24,0,0.0,0.0,0.0,1947,1947,0,0.0,938,938,0,0,0,0,0,0.0,0,0,0,0,0.0,0,0,0,0,0.0,0,0,0,0,0,0,0,0,0,0.0,0.0,0.0,0.0,0.0,0.0,0.0,0.0,0.0,0.0,0.0,0.0,0.0,0.0,0.0,0.0,0.0,0.0,2.0,2.0,0.0,0.0,0.0,0.0,0.0,0.0,0,0,0,0.0,2,2,0,0,0,0,0,0,0.0
SPD,0,0,0,0.0,ok,,bcsstk13,factor-l,/home/scan_SpTRSV/data/factors/spcg/bcsstk13/spcg_spilu_l_bcsstk13_fill10_drop0.0001_sp0.mtx,2003,long-chain-aware-drop,0.1,0.0,0.01,-1,1,1,0,0,291365,291365,12,12,1978,1978,0,12,12,24,24,0,0.0,0.0,0.0,1947,1947,0,0.0,938,938,0,0,0,0,0,0.0,0,0,0,0,0.0,0,0,0,0,0.0,0,0,0,0,0,0,0,0,0,0.0,0.0,0.0,0.0,0.0,0.0,0.0,0.0,0.0,0.0,0.0,0.0,0.0,0.0,0.0,0.0,0.0,0.0,2.0,2.0,0.0,0.0,0.0,0.0,0.0,0.0,0,0,0,0.0,2,2,0,0,0,0,0,0,0.0
SPD,0,0,0,0.0,ok,,bcsstk15,factor-l,/home/scan_SpTRSV/data/factors/spcg/bcsstk15/spcg_spilu_l_bcsstk15_fill10_drop0.0001_sp0.mtx,3948,no-drop,0.0,0.0,,0,1,1,0,0,502935,502935,5,5,3908,3908,0,3,3,8,8,0,0.0,0.0,0.0,3702,3702,0,0.0,1796,1796,0,0,0,0,0,0.0,0,0,0,0,0.0,0,0,0,0,0.0,0,0,0,0,0,0,0,0,0,0.0,0.0,0.0,0.0,0.0,0.0,0.0,0.0,0.0,0.0,0.0,0.0,0.0,0.0,0.0,0.0,0.0,0.0,2.6666666666666665,2.6666666666666665,0.0,0.0,0.0,0.0,0.0,0.0,0,0,0,0.0,3,3,0,0,0,0,0,0,0.0
SPD,0,0,0,0.0,ok,,bcsstk15,factor-l,/home/scan_SpTRSV/data/factors/spcg/bcsstk15/spcg_spilu_l_bcsstk15_fill10_drop0.0001_sp0.mtx,3948,magnitude-drop,0.01,0.007501963474405241,0.0001,1,1,1,3773,3773,502935,499162,5,17,3908,3896,12,3,13,8,26,18,0.004559270516717325,0.6077436303538902,0.006077436303538903,3702,3702,0,0.0,1796,1764,32,0,0,0,0,0.0,0,0,0,0,0.0,0,0,0,0,0.0,0,0,0,0,0,0,0,0,0,0.0,0.0,0.0,0.0,0.0,0.0,0.0,0.0,0.0,0.0,0.0,0.0,0.0,0.0,0.0,0.0,0.0,0.0,2.6666666666666665,2.0,0.0,0.0,0.0,0.0,0.0,0.0,0,0,0,0.0,3,2,0,0,0,0,0,0,0.004770739464617015
SPD,0,0,0,0.0,ok,,bcsstk15,factor-l,/home/scan_SpTRSV/data/factors/spcg/bcsstk15/spcg_spilu_l_bcsstk15_fill10_drop0.0001_sp0.mtx,3948,magnitude-drop,0.01,0.009999304085020927,0.0001,-1,1,1,5029,1892,502935,497906,5,16,3908,3897,11,3,12,8,24,16,0.004052684903748734,0.4052966955790156,0.004052966955790156,3702,3703,1,0.00025329280648429586,1796,1782,14,0,0,0,0,0.0,0,0,0,0,0.0,0,0,0,0,0.0,0,0,0,0,0,0,0,0,0,0.0,0.0,0.0,0.0,0.0,0.0,0.0,0.0,0.0,0.0,0.0,0.0,0.0,0.0,0.0,0.0,0.0,0.0,2.6666666666666665,2.0,0.0,0.0,0.0,0.0,0.0,0.0,0,0,0,0.0,3,2,0,0,0,0,0,0,0.0031815470272419963
SPD,0,0,0,0.0,ok,,bcsstk15,factor-l,/home/scan_SpTRSV/data/factors/spcg/bcsstk15/spcg_spilu_l_bcsstk15_fill10_drop0.0001_sp0.mtx,3948,magnitude-drop,0.01,0.007617286528080169,0.001,1,1,1,3831,3831,502935,499104,5,17,3908,3896,12,3,13,8,26,18,0.004559270516717325,0.5985426043657603,0.005985426043657603,3702,3697,-5,-0.0012664640324214793,1796,1763,33,0,0,0,0,0.0,0,0,0,0,0.0,0,0,0,0,0.0,0,0,0,0,0,0,0,0,0,0.0,0.0,0.0,0.0,0.0,0.0,0.0,0.0,0.0,0.0,0.0,0.0,0.0,0.0,0.0,0.0,0.0,0.0,2.6666666666666665,2.0,0.0,0.0,0.0,0.0,0.0,0.0,0,0,0,0.0,3,2,0,0,0,0,0,0,0.004698512137823023
SPD,0,0,0,0.0,ok,,bcsstk15,factor-l,/home/scan_SpTRSV/data/factors/spcg/bcsstk15/spcg_spilu_l_bcsstk15_fill10_drop0.0001_sp0.mtx,3948,magnitude-drop,0.01,0.009999304085020927,0.001,-1,1,1,5029,1892,502935,497906,5,16,3908,3897,11,3,12,8,24,16,0.004052684903748734,0.4052966955790156,0.004052966955790156,3702,3703,1,0.00025329280648429586,1796,1782,14,0,0,0,0,0.0,0,0,0,0,0.0,0,0,0,0,0.0,0,0,0,0,0,0,0,0,0,0.0,0.0,0.0,0.0,0.0,0.0,0.0,0.0,0.0,0.0,0.0,0.0,0.0,0.0,0.0,0.0,0.0,0.0,2.6666666666666665,2.0,0.0,0.0,0.0,0.0,0.0,0.0,0,0,0,0.0,3,2,0,0,0,0,0,0,0.0031815470272419963
SPD,0,0,0,0.0,ok,,bcsstk15,factor-l,/home/scan_SpTRSV/data/factors/spcg/bcsstk15/spcg_spilu_l_bcsstk15_fill10_drop0.0001_sp0.mtx,3948,magnitude-drop,0.01,0.007706761311103821,0.01,1,1,1,3876,3876,502935,499059,5,17,3908,3896,12,3,13,8,26,18,0.004559270516717325,0.5915935803212662,0.005915935803212662,3702,3695,-7,-0.0017730496453900709,1796,1760,36,0,0,0,0,0.0,0,0,0,0,0.0,0,0,0,0,0.0,0,0,0,0,0,0,0,0,0,0.0,0.0,0.0,0.0,0.0,0.0,0.0,0.0,0.0,0.0,0.0,0.0,0.0,0.0,0.0,0.0,0.0,0.0,2.6666666666666665,2.0,0.0,0.0,0.0,0.0,0.0,0.0,0,0,0,0.0,3,2,0,0,0,0,0,0,0.0046439628482972135
SPD,0,0,0,0.0,ok,,bcsstk15,factor-l,/home/scan_SpTRSV/data/factors/spcg/bcsstk15/spcg_spilu_l_bcsstk15_fill10_drop0.0001_sp0.mtx,3948,magnitude-drop,0.01,0.009999304085020927,0.01,-1,1,1,5029,1892,502935,497906,5,16,3908,3897,11,3,12,8,24,16,0.004052684903748734,0.4052966955790156,0.004052966955790156,3702,3703,1,0.00025329280648429586,1796,1782,14,0,0,0,0,0.0,0,0,0,0,0.0,0,0,0,0,0.0,0,0,0,0,0,0,0,0,0,0.0,0.0,0.0,0.0,0.0,0.0,0.0,0.0,0.0,0.0,0.0,0.0,0.0,0.0,0.0,0.0,0.0,0.0,2.6666666666666665,2.0,0.0,0.0,0.0,0.0,0.0,0.0,0,0,0,0.0,3,2,0,0,0,0,0,0,0.0031815470272419963
SPD,0,0,0,0.0,ok,,bcsstk15,factor-l,/home/scan_SpTRSV/data/factors/spcg/bcsstk15/spcg_spilu_l_bcsstk15_fill10_drop0.0001_sp0.mtx,3948,magnitude-drop,0.02,0.007501963474405241,0.0001,1,1,1,3773,3773,502935,499162,5,17,3908,3896,12,3,13,8,26,18,0.004559270516717325,0.6077436303538902,0.006077436303538903,3702,3702,0,0.0,1796,1764,32,0,0,0,0,0.0,0,0,0,0,0.0,0,0,0,0,0.0,0,0,0,0,0,0,0,0,0,0.0,0.0,0.0,0.0,0.0,0.0,0.0,0.0,0.0,0.0,0.0,0.0,0.0,0.0,0.0,0.0,0.0,0.0,2.6666666666666665,2.0,0.0,0.0,0.0,0.0,0.0,0.0,0,0,0,0.0,3,2,0,0,0,0,0,0,0.004770739464617015
SPD,0,0,0,0.0,ok,,bcsstk15,factor-l,/home/scan_SpTRSV/data/factors/spcg/bcsstk15/spcg_spilu_l_bcsstk15_fill10_drop0.0001_sp0.mtx,3948,magnitude-drop,0.02,0.019998608170041853,0.0001,-1,1,1,10058,2586,502935,492877,5,16,3908,3897,11,3,12,8,24,16,0.004052684903748734,0.2026483477895078,0.002026483477895078,3702,3703,1,0.00025329280648429586,1796,1780,16,0,0,0,0,0.0,0,0,0,0,0.0,0,0,0,0,0.0,0,0,0,0,0,0,0,0,0,0.0,0.0,0.0,0.0,0.0,0.0,0.0,0.0,0.0,0.0,0.0,0.0,0.0,0.0,0.0,0.0,0.0,0.0,2.6666666666666665,2.0,0.0,0.0,0.0,0.0,0.0,0.0,0,0,0,0.0,3,2,0,0,0,0,0,0,0.0015907735136209981
SPD,0,0,0,0.0,ok,,bcsstk15,factor-l,/home/scan_SpTRSV/data/factors/spcg/bcsstk15/spcg_spilu_l_bcsstk15_fill10_drop0.0001_sp0.mtx,3948,magnitude-drop,0.02,0.007617286528080169,0.001,1,1,1,3831,3831,502935,499104,5,17,3908,3896,12,3,13,8,26,18,0.004559270516717325,0.5985426043657603,0.005985426043657603,3702,3697,-5,-0.0012664640324214793,1796,1763,33,0,0,0,0,0.0,0,0,0,0,0.0,0,0,0,0,0.0,0,0,0,0,0,0,0,0,0,0.0,0.0,0.0,0.0,0.0,0.0,0.0,0.0,0.0,0.0,0.0,0.0,0.0,0.0,0.0,0.0,0.0,0.0,2.6666666666666665,2.0,0.0,0.0,0.0,0.0,0.0,0.0,0,0,0,0.0,3,2,0,0,0,0,0,0,0.004698512137823023
SPD,0,0,0,0.0,ok,,bcsstk15,factor-l,/home/scan_SpTRSV/data/factors/spcg/bcsstk15/spcg_spilu_l_bcsstk15_fill10_drop0.0001_sp0.mtx,3948,magnitude-drop,0.02,0.019998608170041853,0.001,-1,1,1,10058,2586,502935,492877,5,16,3908,3897,11,3,12,8,24,16,0.004052684903748734,0.2026483477895078,0.002026483477895078,3702,3703,1,0.00025329280648429586,1796,1780,16,0,0,0,0,0.0,0,0,0,0,0.0,0,0,0,0,0.0,0,0,0,0,0,0,0,0,0,0.0,0.0,0.0,0.0,0.0,0.0,0.0,0.0,0.0,0.0,0.0,0.0,0.0,0.0,0.0,0.0,0.0,0.0,2.6666666666666665,2.0,0.0,0.0,0.0,0.0,0.0,0.0,0,0,0,0.0,3,2,0,0,0,0,0,0,0.0015907735136209981
SPD,0,0,0,0.0,ok,,bcsstk15,factor-l,/home/scan_SpTRSV/data/factors/spcg/bcsstk15/spcg_spilu_l_bcsstk15_fill10_drop0.0001_sp0.mtx,3948,magnitude-drop,0.02,0.007706761311103821,0.01,1,1,1,3876,3876,502935,499059,5,17,3908,3896,12,3,13,8,26,18,0.004559270516717325,0.5915935803212662,0.005915935803212662,3702,3695,-7,-0.0017730496453900709,1796,1760,36,0,0,0,0,0.0,0,0,0,0,0.0,0,0,0,0,0.0,0,0,0,0,0,0,0,0,0,0.0,0.0,0.0,0.0,0.0,0.0,0.0,0.0,0.0,0.0,0.0,0.0,0.0,0.0,0.0,0.0,0.0,0.0,2.6666666666666665,2.0,0.0,0.0,0.0,0.0,0.0,0.0,0,0,0,0.0,3,2,0,0,0,0,0,0,0.0046439628482972135
SPD,0,0,0,0.0,ok,,bcsstk15,factor-l,/home/scan_SpTRSV/data/factors/spcg/bcsstk15/spcg_spilu_l_bcsstk15_fill10_drop0.0001_sp0.mtx,3948,magnitude-drop,0.02,0.019998608170041853,0.01,-1,1,1,10058,2586,502935,492877,5,16,3908,3897,11,3,12,8,24,16,0.004052684903748734,0.2026483477895078,0.002026483477895078,3702,3703,1,0.00025329280648429586,1796,1780,16,0,0,0,0,0.0,0,0,0,0,0.0,0,0,0,0,0.0,0,0,0,0,0,0,0,0,0,0.0,0.0,0.0,0.0,0.0,0.0,0.0,0.0,0.0,0.0,0.0,0.0,0.0,0.0,0.0,0.0,0.0,0.0,2.6666666666666665,2.0,0.0,0.0,0.0,0.0,0.0,0.0,0,0,0,0.0,3,2,0,0,0,0,0,0,0.0015907735136209981
SPD,0,0,0,0.0,ok,,bcsstk15,factor-l,/home/scan_SpTRSV/data/factors/spcg/bcsstk15/spcg_spilu_l_bcsstk15_fill10_drop0.0001_sp0.mtx,3948,magnitude-drop,0.05,0.007501963474405241,0.0001,1,1,1,3773,3773,502935,499162,5,17,3908,3896,12,3,13,8,26,18,0.004559270516717325,0.6077436303538902,0.006077436303538903,3702,3702,0,0.0,1796,1764,32,0,0,0,0,0.0,0,0,0,0,0.0,0,0,0,0,0.0,0,0,0,0,0,0,0,0,0,0.0,0.0,0.0,0.0,0.0,0.0,0.0,0.0,0.0,0.0,0.0,0.0,0.0,0.0,0.0,0.0,0.0,0.0,2.6666666666666665,2.0,0.0,0.0,0.0,0.0,0.0,0.0,0,0,0,0.0,3,2,0,0,0,0,0,0,0.004770739464617015
SPD,0,0,0,0.0,ok,,bcsstk15,factor-l,/home/scan_SpTRSV/data/factors/spcg/bcsstk15/spcg_spilu_l_bcsstk15_fill10_drop0.0001_sp0.mtx,3948,magnitude-drop,0.05,0.04999850875361627,0.0001,-1,1,1,25146,3329,502935,477789,5,16,3908,3897,11,3,12,8,24,16,0.004052684903748734,0.08105611556775907,0.0008105611556775906,3702,3676,-26,-0.006585612968591692,1796,1762,34,0,0,0,0,0.0,0,0,0,0,0.0,0,0,0,0,0.0,0,0,0,0,0,0,0,0,0,0.0,0.0,0.0,0.0,0.0,0.0,0.0,0.0,0.0,0.0,0.0,0.0,0.0,0.0,0.0,0.0,0.0,0.0,2.6666666666666665,2.0,0.0,0.0,0.0,0.0,0.0,0.0,0,0,0,0.0,3,2,0,0,0,0,0,0,0.00063628410085103
SPD,0,0,0,0.0,ok,,bcsstk15,factor-l,/home/scan_SpTRSV/data/factors/spcg/bcsstk15/spcg_spilu_l_bcsstk15_fill10_drop0.0001_sp0.mtx,3948,magnitude-drop,0.05,0.007617286528080169,0.001,1,1,1,3831,3831,502935,499104,5,17,3908,3896,12,3,13,8,26,18,0.004559270516717325,0.5985426043657603,0.005985426043657603,3702,3697,-5,-0.0012664640324214793,1796,1763,33,0,0,0,0,0.0,0,0,0,0,0.0,0,0,0,0,0.0,0,0,0,0,0,0,0,0,0,0.0,0.0,0.0,0.0,0.0,0.0,0.0,0.0,0.0,0.0,0.0,0.0,0.0,0.0,0.0,0.0,0.0,0.0,2.6666666666666665,2.0,0.0,0.0,0.0,0.0,0.0,0.0,0,0,0,0.0,3,2,0,0,0,0,0,0,0.004698512137823023
SPD,0,0,0,0.0,ok,,bcsstk15,factor-l,/home/scan_SpTRSV/data/factors/spcg/bcsstk15/spcg_spilu_l_bcsstk15_fill10_drop0.0001_sp0.mtx,3948,magnitude-drop,0.05,0.04999850875361627,0.001,-1,1,1,25146,3329,502935,477789,5,16,3908,3897,11,3,12,8,24,16,0.004052684903748734,0.08105611556775907,0.0008105611556775906,3702,3676,-26,-0.006585612968591692,1796,1762,34,0,0,0,0,0.0,0,0,0,0,0.0,0,0,0,0,0.0,0,0,0,0,0,0,0,0,0,0.0,0.0,0.0,0.0,0.0,0.0,0.0,0.0,0.0,0.0,0.0,0.0,0.0,0.0,0.0,0.0,0.0,0.0,2.6666666666666665,2.0,0.0,0.0,0.0,0.0,0.0,0.0,0,0,0,0.0,3,2,0,0,0,0,0,0,0.00063628410085103
SPD,0,0,0,0.0,ok,,bcsstk15,factor-l,/home/scan_SpTRSV/data/factors/spcg/bcsstk15/spcg_spilu_l_bcsstk15_fill10_drop0.0001_sp0.mtx,3948,magnitude-drop,0.05,0.007706761311103821,0.01,1,1,1,3876,3876,502935,499059,5,17,3908,3896,12,3,13,8,26,18,0.004559270516717325,0.5915935803212662,0.005915935803212662,3702,3695,-7,-0.0017730496453900709,1796,1760,36,0,0,0,0,0.0,0,0,0,0,0.0,0,0,0,0,0.0,0,0,0,0,0,0,0,0,0,0.0,0.0,0.0,0.0,0.0,0.0,0.0,0.0,0.0,0.0,0.0,0.0,0.0,0.0,0.0,0.0,0.0,0.0,2.6666666666666665,2.0,0.0,0.0,0.0,0.0,0.0,0.0,0,0,0,0.0,3,2,0,0,0,0,0,0,0.0046439628482972135
SPD,0,0,0,0.0,ok,,bcsstk15,factor-l,/home/scan_SpTRSV/data/factors/spcg/bcsstk15/spcg_spilu_l_bcsstk15_fill10_drop0.0001_sp0.mtx,3948,magnitude-drop,0.05,0.04999850875361627,0.01,-1,1,1,25146,3329,502935,477789,5,16,3908,3897,11,3,12,8,24,16,0.004052684903748734,0.08105611556775907,0.0008105611556775906,3702,3676,-26,-0.006585612968591692,1796,1762,34,0,0,0,0,0.0,0,0,0,0,0.0,0,0,0,0,0.0,0,0,0,0,0,0,0,0,0,0.0,0.0,0.0,0.0,0.0,0.0,0.0,0.0,0.0,0.0,0.0,0.0,0.0,0.0,0.0,0.0,0.0,0.0,2.6666666666666665,2.0,0.0,0.0,0.0,0.0,0.0,0.0,0,0,0,0.0,3,2,0,0,0,0,0,0,0.00063628410085103
SPD,0,0,0,0.0,ok,,bcsstk15,factor-l,/home/scan_SpTRSV/data/factors/spcg/bcsstk15/spcg_spilu_l_bcsstk15_fill10_drop0.0001_sp0.mtx,3948,magnitude-drop,0.1,0.007501963474405241,0.0001,1,1,1,3773,3773,502935,499162,5,17,3908,3896,12,3,13,8,26,18,0.004559270516717325,0.6077436303538902,0.006077436303538903,3702,3702,0,0.0,1796,1764,32,0,0,0,0,0.0,0,0,0,0,0.0,0,0,0,0,0.0,0,0,0,0,0,0,0,0,0,0.0,0.0,0.0,0.0,0.0,0.0,0.0,0.0,0.0,0.0,0.0,0.0,0.0,0.0,0.0,0.0,0.0,0.0,2.6666666666666665,2.0,0.0,0.0,0.0,0.0,0.0,0.0,0,0,0,0.0,3,2,0,0,0,0,0,0,0.004770739464617015
SPD,0,0,0,0.0,ok,,bcsstk15,factor-l,/home/scan_SpTRSV/data/factors/spcg/bcsstk15/spcg_spilu_l_bcsstk15_fill10_drop0.0001_sp0.mtx,3948,magnitude-drop,0.1,0.09999900583574418,0.0001,-1,1,1,50293,3604,502935,452642,5,16,3908,3897,11,3,12,8,24,16,0.004052684903748734,0.040527251944940036,0.00040527251944940036,3702,3639,-63,-0.015957446808510637,1796,1727,69,0,0,0,0,0.0,0,0,0,0,0.0,0,0,0,0,0.0,0,0,0,0,0,0,0,0,0,0.0,0.0,0.0,0.0,0.0,0.0,0.0,0.0,0.0,0.0,0.0,0.0,0.0,0.0,0.0,0.0,0.0,0.0,2.6666666666666665,2.0,0.0,0.0,0.0,0.0,0.0,0.0,0,0,0,0.0,3,2,0,0,0,0,0,0,0.0003181357246535303
SPD,0,0,0,0.0,ok,,bcsstk15,factor-l,/home/scan_SpTRSV/data/factors/spcg/bcsstk15/spcg_spilu_l_bcsstk15_fill10_drop0.0001_sp0.mtx,3948,magnitude-drop,0.1,0.007617286528080169,0.001,1,1,1,3831,3831,502935,499104,5,17,3908,3896,12,3,13,8,26,18,0.004559270516717325,0.5985426043657603,0.005985426043657603,3702,3697,-5,-0.0012664640324214793,1796,1763,33,0,0,0,0,0.0,0,0,0,0,0.0,0,0,0,0,0.0,0,0,0,0,0,0,0,0,0,0.0,0.0,0.0,0.0,0.0,0.0,0.0,0.0,0.0,0.0,0.0,0.0,0.0,0.0,0.0,0.0,0.0,0.0,2.6666666666666665,2.0,0.0,0.0,0.0,0.0,0.0,0.0,0,0,0,0.0,3,2,0,0,0,0,0,0,0.004698512137823023
SPD,0,0,0,0.0,ok,,bcsstk15,factor-l,/home/scan_SpTRSV/data/factors/spcg/bcsstk15/spcg_spilu_l_bcsstk15_fill10_drop0.0001_sp0.mtx,3948,magnitude-drop,0.1,0.09999900583574418,0.001,-1,1,1,50293,3604,502935,452642,5,16,3908,3897,11,3,12,8,24,16,0.004052684903748734,0.040527251944940036,0.00040527251944940036,3702,3639,-63,-0.015957446808510637,1796,1727,69,0,0,0,0,0.0,0,0,0,0,0.0,0,0,0,0,0.0,0,0,0,0,0,0,0,0,0,0.0,0.0,0.0,0.0,0.0,0.0,0.0,0.0,0.0,0.0,0.0,0.0,0.0,0.0,0.0,0.0,0.0,0.0,2.6666666666666665,2.0,0.0,0.0,0.0,0.0,0.0,0.0,0,0,0,0.0,3,2,0,0,0,0,0,0,0.0003181357246535303
SPD,0,0,0,0.0,ok,,bcsstk15,factor-l,/home/scan_SpTRSV/data/factors/spcg/bcsstk15/spcg_spilu_l_bcsstk15_fill10_drop0.0001_sp0.mtx,3948,magnitude-drop,0.1,0.007706761311103821,0.01,1,1,1,3876,3876,502935,499059,5,17,3908,3896,12,3,13,8,26,18,0.004559270516717325,0.5915935803212662,0.005915935803212662,3702,3695,-7,-0.0017730496453900709,1796,1760,36,0,0,0,0,0.0,0,0,0,0,0.0,0,0,0,0,0.0,0,0,0,0,0,0,0,0,0,0.0,0.0,0.0,0.0,0.0,0.0,0.0,0.0,0.0,0.0,0.0,0.0,0.0,0.0,0.0,0.0,0.0,0.0,2.6666666666666665,2.0,0.0,0.0,0.0,0.0,0.0,0.0,0,0,0,0.0,3,2,0,0,0,0,0,0,0.0046439628482972135
SPD,0,0,0,0.0,ok,,bcsstk15,factor-l,/home/scan_SpTRSV/data/factors/spcg/bcsstk15/spcg_spilu_l_bcsstk15_fill10_drop0.0001_sp0.mtx,3948,magnitude-drop,0.1,0.09999900583574418,0.01,-1,1,1,50293,3604,502935,452642,5,16,3908,3897,11,3,12,8,24,16,0.004052684903748734,0.040527251944940036,0.00040527251944940036,3702,3639,-63,-0.015957446808510637,1796,1727,69,0,0,0,0,0.0,0,0,0,0,0.0,0,0,0,0,0.0,0,0,0,0,0,0,0,0,0,0.0,0.0,0.0,0.0,0.0,0.0,0.0,0.0,0.0,0.0,0.0,0.0,0.0,0.0,0.0,0.0,0.0,0.0,2.6666666666666665,2.0,0.0,0.0,0.0,0.0,0.0,0.0,0,0,0,0.0,3,2,0,0,0,0,0,0,0.0003181357246535303
SPD,0,0,0,0.0,ok,,bcsstk15,factor-l,/home/scan_SpTRSV/data/factors/spcg/bcsstk15/spcg_spilu_l_bcsstk15_fill10_drop0.0001_sp0.mtx,3948,wavefront-oriented,0.01,0.007501963474405241,0.0001,1,1,1,3773,3773,502935,499162,5,17,3908,3896,12,3,13,8,26,18,0.004559270516717325,0.6077436303538902,0.006077436303538903,3702,3307,-395,-0.10005065856129686,1796,1393,403,0,0,0,0,0.0,0,0,0,0,0.0,0,0,0,0,0.0,0,0,0,0,0,0,0,0,0,0.0,0.0,0.0,0.0,0.0,0.0,0.0,0.0,0.0,0.0,0.0,0.0,0.0,0.0,0.0,0.0,0.0,0.0,2.6666666666666665,2.0,0.0,0.0,0.0,0.0,0.0,0.0,0,0,0,0.0,3,2,0,0,0,0,0,0,0.004770739464617015
SPD,0,0,0,0.0,ok,,bcsstk15,factor-l,/home/scan_SpTRSV/data/factors/spcg/bcsstk15/spcg_spilu_l_bcsstk15_fill10_drop0.0001_sp0.mtx,3948,wavefront-oriented,0.01,0.009999304085020927,0.0001,-1,1,1,5029,304,502935,497906,5,5,3908,3908,0,3,3,8,8,0,0.0,0.0,0.0,3702,3541,-161,-0.040780141843971635,1796,1672,124,0,0,0,0,0.0,0,0,0,0,0.0,0,0,0,0,0.0,0,0,0,0,0,0,0,0,0,0.0,0.0,0.0,0.0,0.0,0.0,0.0,0.0,0.0,0.0,0.0,0.0,0.0,0.0,0.0,0.0,0.0,0.0,2.6666666666666665,2.6666666666666665,0.0,0.0,0.0,0.0,0.0,0.0,0,0,0,0.0,3,3,0,0,0,0,0,0,0.0
SPD,0,0,0,0.0,ok,,bcsstk15,factor-l,/home/scan_SpTRSV/data/factors/spcg/bcsstk15/spcg_spilu_l_bcsstk15_fill10_drop0.0001_sp0.mtx,3948,wavefront-oriented,0.01,0.007617286528080169,0.001,1,1,1,3831,3831,502935,499104,5,17,3908,3896,12,3,13,8,26,18,0.004559270516717325,0.5985426043657603,0.005985426043657603,3702,2595,-1107,-0.2803951367781155,1796,877,919,0,0,0,0,0.0,0,0,0,0,0.0,0,0,0,0,0.0,0,0,0,0,0,0,0,0,0,0.0,0.0,0.0,0.0,0.0,0.0,0.0,0.0,0.0,0.0,0.0,0.0,0.0,0.0,0.0,0.0,0.0,0.0,2.6666666666666665,2.0,0.0,0.0,0.0,0.0,0.0,0.0,0,0,0,0.0,3,2,0,0,0,0,0,0,0.004698512137823023
SPD,0,0,0,0.0,ok,,bcsstk15,factor-l,/home/scan_SpTRSV/data/factors/spcg/bcsstk15/spcg_spilu_l_bcsstk15_fill10_drop0.0001_sp0.mtx,3948,wavefront-oriented,0.01,0.009999304085020927,0.001,-1,1,1,5029,497,502935,497906,5,5,3908,3908,0,3,3,8,8,0,0.0,0.0,0.0,3702,3109,-593,-0.15020263424518743,1796,1351,445,0,0,0,0,0.0,0,0,0,0,0.0,0,0,0,0,0.0,0,0,0,0,0,0,0,0,0,0.0,0.0,0.0,0.0,0.0,0.0,0.0,0.0,0.0,0.0,0.0,0.0,0.0,0.0,0.0,0.0,0.0,0.0,2.6666666666666665,2.6666666666666665,0.0,0.0,0.0,0.0,0.0,0.0,0,0,0,0.0,3,3,0,0,0,0,0,0,0.0
SPD,0,0,0,0.0,ok,,bcsstk15,factor-l,/home/scan_SpTRSV/data/factors/spcg/bcsstk15/spcg_spilu_l_bcsstk15_fill10_drop0.0001_sp0.mtx,3948,wavefront-oriented,0.01,0.007706761311103821,0.01,1,1,1,3876,3876,502935,499059,5,17,3908,3896,12,3,13,8,26,18,0.004559270516717325,0.5915935803212662,0.005915935803212662,3702,1950,-1752,-0.44376899696048633,1796,460,1336,0,0,0,0,0.0,0,0,0,0,0.0,0,0,0,0,0.0,0,0,0,0,0,0,0,0,0,0.0,0.0,0.0,0.0,0.0,0.0,0.0,0.0,0.0,0.0,0.0,0.0,0.0,0.0,0.0,0.0,0.0,0.0,2.6666666666666665,2.0,0.0,0.0,0.0,0.0,0.0,0.0,0,0,0,0.0,3,2,0,0,0,0,0,0,0.0046439628482972135
SPD,0,0,0,0.0,ok,,bcsstk15,factor-l,/home/scan_SpTRSV/data/factors/spcg/bcsstk15/spcg_spilu_l_bcsstk15_fill10_drop0.0001_sp0.mtx,3948,wavefront-oriented,0.01,0.009999304085020927,0.01,-1,1,1,5029,758,502935,497906,5,5,3908,3908,0,3,3,8,8,0,0.0,0.0,0.0,3702,2841,-861,-0.21808510638297873,1796,1218,578,0,0,0,0,0.0,0,0,0,0,0.0,0,0,0,0,0.0,0,0,0,0,0,0,0,0,0,0.0,0.0,0.0,0.0,0.0,0.0,0.0,0.0,0.0,0.0,0.0,0.0,0.0,0.0,0.0,0.0,0.0,0.0,2.6666666666666665,2.6666666666666665,0.0,0.0,0.0,0.0,0.0,0.0,0,0,0,0.0,3,3,0,0,0,0,0,0,0.0
SPD,0,0,0,0.0,ok,,bcsstk15,factor-l,/home/scan_SpTRSV/data/factors/spcg/bcsstk15/spcg_spilu_l_bcsstk15_fill10_drop0.0001_sp0.mtx,3948,wavefront-oriented,0.02,0.007501963474405241,0.0001,1,1,1,3773,3773,502935,499162,5,17,3908,3896,12,3,13,8,26,18,0.004559270516717325,0.6077436303538902,0.006077436303538903,3702,3307,-395,-0.10005065856129686,1796,1393,403,0,0,0,0,0.0,0,0,0,0,0.0,0,0,0,0,0.0,0,0,0,0,0,0,0,0,0,0.0,0.0,0.0,0.0,0.0,0.0,0.0,0.0,0.0,0.0,0.0,0.0,0.0,0.0,0.0,0.0,0.0,0.0,2.6666666666666665,2.0,0.0,0.0,0.0,0.0,0.0,0.0,0,0,0,0.0,3,2,0,0,0,0,0,0,0.004770739464617015
SPD,0,0,0,0.0,ok,,bcsstk15,factor-l,/home/scan_SpTRSV/data/factors/spcg/bcsstk15/spcg_spilu_l_bcsstk15_fill10_drop0.0001_sp0.mtx,3948,wavefront-oriented,0.02,0.019998608170041853,0.0001,-1,1,1,10058,430,502935,492877,5,5,3908,3908,0,3,3,8,8,0,0.0,0.0,0.0,3702,3522,-180,-0.04559270516717325,1796,1661,135,0,0,0,0,0.0,0,0,0,0,0.0,0,0,0,0,0.0,0,0,0,0,0,0,0,0,0,0.0,0.0,0.0,0.0,0.0,0.0,0.0,0.0,0.0,0.0,0.0,0.0,0.0,0.0,0.0,0.0,0.0,0.0,2.6666666666666665,2.6666666666666665,0.0,0.0,0.0,0.0,0.0,0.0,0,0,0,0.0,3,3,0,0,0,0,0,0,0.0
SPD,0,0,0,0.0,ok,,bcsstk15,factor-l,/home/scan_SpTRSV/data/factors/spcg/bcsstk15/spcg_spilu_l_bcsstk15_fill10_drop0.0001_sp0.mtx,3948,wavefront-oriented,0.02,0.007617286528080169,0.001,1,1,1,3831,3831,502935,499104,5,17,3908,3896,12,3,13,8,26,18,0.004559270516717325,0.5985426043657603,0.005985426043657603,3702,2595,-1107,-0.2803951367781155,1796,877,919,0,0,0,0,0.0,0,0,0,0,0.0,0,0,0,0,0.0,0,0,0,0,0,0,0,0,0,0.0,0.0,0.0,0.0,0.0,0.0,0.0,0.0,0.0,0.0,0.0,0.0,0.0,0.0,0.0,0.0,0.0,0.0,2.6666666666666665,2.0,0.0,0.0,0.0,0.0,0.0,0.0,0,0,0,0.0,3,2,0,0,0,0,0,0,0.004698512137823023
SPD,0,0,0,0.0,ok,,bcsstk15,factor-l,/home/scan_SpTRSV/data/factors/spcg/bcsstk15/spcg_spilu_l_bcsstk15_fill10_drop0.0001_sp0.mtx,3948,wavefront-oriented,0.02,0.019998608170041853,0.001,-1,1,1,10058,573,502935,492877,5,5,3908,3908,0,3,3,8,8,0,0.0,0.0,0.0,3702,3073,-629,-0.15932117527862208,1796,1331,465,0,0,0,0,0.0,0,0,0,0,0.0,0,0,0,0,0.0,0,0,0,0,0,0,0,0,0,0.0,0.0,0.0,0.0,0.0,0.0,0.0,0.0,0.0,0.0,0.0,0.0,0.0,0.0,0.0,0.0,0.0,0.0,2.6666666666666665,2.6666666666666665,0.0,0.0,0.0,0.0,0.0,0.0,0,0,0,0.0,3,3,0,0,0,0,0,0,0.0
SPD,0,0,0,0.0,ok,,bcsstk15,factor-l,/home/scan_SpTRSV/data/factors/spcg/bcsstk15/spcg_spilu_l_bcsstk15_fill10_drop0.0001_sp0.mtx,3948,wavefront-oriented,0.02,0.007706761311103821,0.01,1,1,1,3876,3876,502935,499059,5,17,3908,3896,12,3,13,8,26,18,0.004559270516717325,0.5915935803212662,0.005915935803212662,3702,1950,-1752,-0.44376899696048633,1796,460,1336,0,0,0,0,0.0,0,0,0,0,0.0,0,0,0,0,0.0,0,0,0,0,0,0,0,0,0,0.0,0.0,0.0,0.0,0.0,0.0,0.0,0.0,0.0,0.0,0.0,0.0,0.0,0.0,0.0,0.0,0.0,0.0,2.6666666666666665,2.0,0.0,0.0,0.0,0.0,0.0,0.0,0,0,0,0.0,3,2,0,0,0,0,0,0,0.0046439628482972135
SPD,0,0,0,0.0,ok,,bcsstk15,factor-l,/home/scan_SpTRSV/data/factors/spcg/bcsstk15/spcg_spilu_l_bcsstk15_fill10_drop0.0001_sp0.mtx,3948,wavefront-oriented,0.02,0.019998608170041853,0.01,-1,1,1,10058,822,502935,492877,5,5,3908,3908,0,3,3,8,8,0,0.0,0.0,0.0,3702,2808,-894,-0.22644376899696048,1796,1188,608,0,0,0,0,0.0,0,0,0,0,0.0,0,0,0,0,0.0,0,0,0,0,0,0,0,0,0,0.0,0.0,0.0,0.0,0.0,0.0,0.0,0.0,0.0,0.0,0.0,0.0,0.0,0.0,0.0,0.0,0.0,0.0,2.6666666666666665,2.6666666666666665,0.0,0.0,0.0,0.0,0.0,0.0,0,0,0,0.0,3,3,0,0,0,0,0,0,0.0
SPD,0,0,0,0.0,ok,,bcsstk15,factor-l,/home/scan_SpTRSV/data/factors/spcg/bcsstk15/spcg_spilu_l_bcsstk15_fill10_drop0.0001_sp0.mtx,3948,wavefront-oriented,0.05,0.007501963474405241,0.0001,1,1,1,3773,3773,502935,499162,5,17,3908,3896,12,3,13,8,26,18,0.004559270516717325,0.6077436303538902,0.006077436303538903,3702,3307,-395,-0.10005065856129686,1796,1393,403,0,0,0,0,0.0,0,0,0,0,0.0,0,0,0,0,0.0,0,0,0,0,0,0,0,0,0,0.0,0.0,0.0,0.0,0.0,0.0,0.0,0.0,0.0,0.0,0.0,0.0,0.0,0.0,0.0,0.0,0.0,0.0,2.6666666666666665,2.0,0.0,0.0,0.0,0.0,0.0,0.0,0,0,0,0.0,3,2,0,0,0,0,0,0,0.004770739464617015
SPD,0,0,0,0.0,ok,,bcsstk15,factor-l,/home/scan_SpTRSV/data/factors/spcg/bcsstk15/spcg_spilu_l_bcsstk15_fill10_drop0.0001_sp0.mtx,3948,wavefront-oriented,0.05,0.04999850875361627,0.0001,-1,1,1,25146,722,502935,477789,5,5,3908,3908,0,3,3,8,8,0,0.0,0.0,0.0,3702,3490,-212,-0.05369807497467072,1796,1636,160,0,0,0,0,0.0,0,0,0,0,0.0,0,0,0,0,0.0,0,0,0,0,0,0,0,0,0,0.0,0.0,0.0,0.0,0.0,0.0,0.0,0.0,0.0,0.0,0.0,0.0,0.0,0.0,0.0,0.0,0.0,0.0,2.6666666666666665,2.6666666666666665,0.0,0.0,0.0,0.0,0.0,0.0,0,0,0,0.0,3,3,0,0,0,0,0,0,0.0
SPD,0,0,0,0.0,ok,,bcsstk15,factor-l,/home/scan_SpTRSV/data/factors/spcg/bcsstk15/spcg_spilu_l_bcsstk15_fill10_drop0.0001_sp0.mtx,3948,wavefront-oriented,0.05,0.007617286528080169,0.001,1,1,1,3831,3831,502935,499104,5,17,3908,3896,12,3,13,8,26,18,0.004559270516717325,0.5985426043657603,0.005985426043657603,3702,2595,-1107,-0.2803951367781155,1796,877,919,0,0,0,0,0.0,0,0,0,0,0.0,0,0,0,0,0.0,0,0,0,0,0,0,0,0,0,0.0,0.0,0.0,0.0,0.0,0.0,0.0,0.0,0.0,0.0,0.0,0.0,0.0,0.0,0.0,0.0,0.0,0.0,2.6666666666666665,2.0,0.0,0.0,0.0,0.0,0.0,0.0,0,0,0,0.0,3,2,0,0,0,0,0,0,0.004698512137823023
SPD,0,0,0,0.0,ok,,bcsstk15,factor-l,/home/scan_SpTRSV/data/factors/spcg/bcsstk15/spcg_spilu_l_bcsstk15_fill10_drop0.0001_sp0.mtx,3948,wavefront-oriented,0.05,0.04999850875361627,0.001,-1,1,1,25146,771,502935,477789,5,5,3908,3908,0,3,3,8,8,0,0.0,0.0,0.0,3702,3004,-698,-0.1767983789260385,1796,1276,520,0,0,0,0,0.0,0,0,0,0,0.0,0,0,0,0,0.0,0,0,0,0,0,0,0,0,0,0.0,0.0,0.0,0.0,0.0,0.0,0.0,0.0,0.0,0.0,0.0,0.0,0.0,0.0,0.0,0.0,0.0,0.0,2.6666666666666665,2.6666666666666665,0.0,0.0,0.0,0.0,0.0,0.0,0,0,0,0.0,3,3,0,0,0,0,0,0,0.0
SPD,0,0,0,0.0,ok,,bcsstk15,factor-l,/home/scan_SpTRSV/data/factors/spcg/bcsstk15/spcg_spilu_l_bcsstk15_fill10_drop0.0001_sp0.mtx,3948,wavefront-oriented,0.05,0.007706761311103821,0.01,1,1,1,3876,3876,502935,499059,5,17,3908,3896,12,3,13,8,26,18,0.004559270516717325,0.5915935803212662,0.005915935803212662,3702,1950,-1752,-0.44376899696048633,1796,460,1336,0,0,0,0,0.0,0,0,0,0,0.0,0,0,0,0,0.0,0,0,0,0,0,0,0,0,0,0.0,0.0,0.0,0.0,0.0,0.0,0.0,0.0,0.0,0.0,0.0,0.0,0.0,0.0,0.0,0.0,0.0,0.0,2.6666666666666665,2.0,0.0,0.0,0.0,0.0,0.0,0.0,0,0,0,0.0,3,2,0,0,0,0,0,0,0.0046439628482972135
SPD,0,0,0,0.0,ok,,bcsstk15,factor-l,/home/scan_SpTRSV/data/factors/spcg/bcsstk15/spcg_spilu_l_bcsstk15_fill10_drop0.0001_sp0.mtx,3948,wavefront-oriented,0.05,0.04999850875361627,0.01,-1,1,1,25146,995,502935,477789,5,5,3908,3908,0,3,3,8,8,0,0.0,0.0,0.0,3702,2725,-977,-0.24746707193515705,1796,1122,674,0,0,0,0,0.0,0,0,0,0,0.0,0,0,0,0,0.0,0,0,0,0,0,0,0,0,0,0.0,0.0,0.0,0.0,0.0,0.0,0.0,0.0,0.0,0.0,0.0,0.0,0.0,0.0,0.0,0.0,0.0,0.0,2.6666666666666665,2.6666666666666665,0.0,0.0,0.0,0.0,0.0,0.0,0,0,0,0.0,3,3,0,0,0,0,0,0,0.0
SPD,0,0,0,0.0,ok,,bcsstk15,factor-l,/home/scan_SpTRSV/data/factors/spcg/bcsstk15/spcg_spilu_l_bcsstk15_fill10_drop0.0001_sp0.mtx,3948,wavefront-oriented,0.1,0.007501963474405241,0.0001,1,1,1,3773,3773,502935,499162,5,17,3908,3896,12,3,13,8,26,18,0.004559270516717325,0.6077436303538902,0.006077436303538903,3702,3307,-395,-0.10005065856129686,1796,1393,403,0,0,0,0,0.0,0,0,0,0,0.0,0,0,0,0,0.0,0,0,0,0,0,0,0,0,0,0.0,0.0,0.0,0.0,0.0,0.0,0.0,0.0,0.0,0.0,0.0,0.0,0.0,0.0,0.0,0.0,0.0,0.0,2.6666666666666665,2.0,0.0,0.0,0.0,0.0,0.0,0.0,0,0,0,0.0,3,2,0,0,0,0,0,0,0.004770739464617015
SPD,0,0,0,0.0,ok,,bcsstk15,factor-l,/home/scan_SpTRSV/data/factors/spcg/bcsstk15/spcg_spilu_l_bcsstk15_fill10_drop0.0001_sp0.mtx,3948,wavefront-oriented,0.1,0.09999900583574418,0.0001,-1,1,1,50293,1159,502935,452642,5,5,3908,3908,0,3,3,8,8,0,0.0,0.0,0.0,3702,3454,-248,-0.06281661600810537,1796,1589,207,0,0,0,0,0.0,0,0,0,0,0.0,0,0,0,0,0.0,0,0,0,0,0,0,0,0,0,0.0,0.0,0.0,0.0,0.0,0.0,0.0,0.0,0.0,0.0,0.0,0.0,0.0,0.0,0.0,0.0,0.0,0.0,2.6666666666666665,2.6666666666666665,0.0,0.0,0.0,0.0,0.0,0.0,0,0,0,0.0,3,3,0,0,0,0,0,0,0.0
SPD,0,0,0,0.0,ok,,bcsstk15,factor-l,/home/scan_SpTRSV/data/factors/spcg/bcsstk15/spcg_spilu_l_bcsstk15_fill10_drop0.0001_sp0.mtx,3948,wavefront-oriented,0.1,0.007617286528080169,0.001,1,1,1,3831,3831,502935,499104,5,17,3908,3896,12,3,13,8,26,18,0.004559270516717325,0.5985426043657603,0.005985426043657603,3702,2595,-1107,-0.2803951367781155,1796,877,919,0,0,0,0,0.0,0,0,0,0,0.0,0,0,0,0,0.0,0,0,0,0,0,0,0,0,0,0.0,0.0,0.0,0.0,0.0,0.0,0.0,0.0,0.0,0.0,0.0,0.0,0.0,0.0,0.0,0.0,0.0,0.0,2.6666666666666665,2.0,0.0,0.0,0.0,0.0,0.0,0.0,0,0,0,0.0,3,2,0,0,0,0,0,0,0.004698512137823023
SPD,0,0,0,0.0,ok,,bcsstk15,factor-l,/home/scan_SpTRSV/data/factors/spcg/bcsstk15/spcg_spilu_l_bcsstk15_fill10_drop0.0001_sp0.mtx,3948,wavefront-oriented,0.1,0.09999900583574418,0.001,-1,1,1,50293,1018,502935,452642,5,5,3908,3908,0,3,3,8,8,0,0.0,0.0,0.0,3702,2936,-766,-0.1940222897669706,1796,1203,593,0,0,0,0,0.0,0,0,0,0,0.0,0,0,0,0,0.0,0,0,0,0,0,0,0,0,0,0.0,0.0,0.0,0.0,0.0,0.0,0.0,0.0,0.0,0.0,0.0,0.0,0.0,0.0,0.0,0.0,0.0,0.0,2.6666666666666665,2.6666666666666665,0.0,0.0,0.0,0.0,0.0,0.0,0,0,0,0.0,3,3,0,0,0,0,0,0,0.0
SPD,0,0,0,0.0,ok,,bcsstk15,factor-l,/home/scan_SpTRSV/data/factors/spcg/bcsstk15/spcg_spilu_l_bcsstk15_fill10_drop0.0001_sp0.mtx,3948,wavefront-oriented,0.1,0.007706761311103821,0.01,1,1,1,3876,3876,502935,499059,5,17,3908,3896,12,3,13,8,26,18,0.004559270516717325,0.5915935803212662,0.005915935803212662,3702,1950,-1752,-0.44376899696048633,1796,460,1336,0,0,0,0,0.0,0,0,0,0,0.0,0,0,0,0,0.0,0,0,0,0,0,0,0,0,0,0.0,0.0,0.0,0.0,0.0,0.0,0.0,0.0,0.0,0.0,0.0,0.0,0.0,0.0,0.0,0.0,0.0,0.0,2.6666666666666665,2.0,0.0,0.0,0.0,0.0,0.0,0.0,0,0,0,0.0,3,2,0,0,0,0,0,0,0.0046439628482972135
SPD,0,0,0,0.0,ok,,bcsstk15,factor-l,/home/scan_SpTRSV/data/factors/spcg/bcsstk15/spcg_spilu_l_bcsstk15_fill10_drop0.0001_sp0.mtx,3948,wavefront-oriented,0.1,0.09999900583574418,0.01,-1,1,1,50293,1176,502935,452642,5,5,3908,3908,0,3,3,8,8,0,0.0,0.0,0.0,3702,2630,-1072,-0.27152988855116517,1796,1029,767,0,0,0,0,0.0,0,0,0,0,0.0,0,0,0,0,0.0,0,0,0,0,0,0,0,0,0,0.0,0.0,0.0,0.0,0.0,0.0,0.0,0.0,0.0,0.0,0.0,0.0,0.0,0.0,0.0,0.0,0.0,0.0,2.6666666666666665,2.6666666666666665,0.0,0.0,0.0,0.0,0.0,0.0,0,0,0,0.0,3,3,0,0,0,0,0,0,0.0
SPD,0,0,0,0.0,ok,,bcsstk15,factor-l,/home/scan_SpTRSV/data/factors/spcg/bcsstk15/spcg_spilu_l_bcsstk15_fill10_drop0.0001_sp0.mtx,3948,scan-chain-aware,0.01,5.9649855349100775e-06,0.0001,1,1,1,3,3,502935,502932,5,8,3908,3905,3,3,6,8,14,6,0.001519756838905775,254.77963525835867,2.5477963525835867,3702,3708,6,0.001519756838905775,1796,1796,0,0,0,0,0,0.0,0,0,0,0,0.0,0,0,0,0,0.0,0,0,0,0,0,0,0,0,0,0.0,0.0,0.0,0.0,0.0,0.0,0.0,0.0,0.0,0.0,0.0,0.0,0.0,0.0,0.0,0.0,0.0,0.0,2.6666666666666665,2.3333333333333335,0.0,0.0,0.0,0.0,0.0,0.0,0,0,0,0.0,3,3,0,0,0,0,0,0,2.0
SPD,0,0,0,0.0,ok,,bcsstk15,factor-l,/home/scan_SpTRSV/data/factors/spcg/bcsstk15/spcg_spilu_l_bcsstk15_fill10_drop0.0001_sp0.mtx,3948,scan-chain-aware,0.01,0.009999304085020927,0.0001,-1,1,1,5029,419,502935,497906,5,9,3908,3904,4,3,7,8,16,8,0.002026342451874367,0.2026483477895078,0.002026483477895078,3702,3696,-6,-0.001519756838905775,1796,1756,40,0,0,0,0,0.0,0,0,0,0,0.0,0,0,0,0,0.0,0,0,0,0,0,0,0,0,0,0.0,0.0,0.0,0.0,0.0,0.0,0.0,0.0,0.0,0.0,0.0,0.0,0.0,0.0,0.0,0.0,0.0,0.0,2.6666666666666665,2.2857142857142856,0.0,0.0,0.0,0.0,0.0,0.0,0,0,0,0.0,3,3,0,0,0,0,0,0,0.0015907735136209981
SPD,0,0,0,0.0,ok,,bcsstk15,factor-l,/home/scan_SpTRSV/data/factors/spcg/bcsstk15/spcg_spilu_l_bcsstk15_fill10_drop0.0001_sp0.mtx,3948,scan-chain-aware,0.01,5.9649855349100775e-06,0.001,1,1,1,3,3,502935,502932,5,8,3908,3905,3,3,6,8,14,6,0.001519756838905775,254.77963525835867,2.5477963525835867,3702,3708,6,0.001519756838905775,1796,1796,0,0,0,0,0,0.0,0,0,0,0,0.0,0,0,0,0,0.0,0,0,0,0,0,0,0,0,0,0.0,0.0,0.0,0.0,0.0,0.0,0.0,0.0,0.0,0.0,0.0,0.0,0.0,0.0,0.0,0.0,0.0,0.0,2.6666666666666665,2.3333333333333335,0.0,0.0,0.0,0.0,0.0,0.0,0,0,0,0.0,3,3,0,0,0,0,0,0,2.0
SPD,0,0,0,0.0,ok,,bcsstk15,factor-l,/home/scan_SpTRSV/data/factors/spcg/bcsstk15/spcg_spilu_l_bcsstk15_fill10_drop0.0001_sp0.mtx,3948,scan-chain-aware,0.01,0.009999304085020927,0.001,-1,1,1,5029,364,502935,497906,5,10,3908,3903,5,3,8,8,18,10,0.0025329280648429585,0.25331043473688475,0.0025331043473688472,3702,3691,-11,-0.002786220871327254,1796,1751,45,0,0,0,0,0.0,0,0,0,0,0.0,0,0,0,0,0.0,0,0,0,0,0,0,0,0,0,0.0,0.0,0.0,0.0,0.0,0.0,0.0,0.0,0.0,0.0,0.0,0.0,0.0,0.0,0.0,0.0,0.0,0.0,2.6666666666666665,2.25,0.0,0.0,0.0,0.0,0.0,0.0,0,0,0,0.0,3,3,0,0,0,0,0,0,0.001988466892026248
SPD,0,0,0,0.0,ok,,bcsstk15,factor-l,/home/scan_SpTRSV/data/factors/spcg/bcsstk15/spcg_spilu_l_bcsstk15_fill10_drop0.0001_sp0.mtx,3948,scan-chain-aware,0.01,5.9649855349100775e-06,0.01,1,1,1,3,3,502935,502932,5,8,3908,3905,3,3,6,8,14,6,0.001519756838905775,254.77963525835867,2.5477963525835867,3702,3708,6,0.001519756838905775,1796,1796,0,0,0,0,0,0.0,0,0,0,0,0.0,0,0,0,0,0.0,0,0,0,0,0,0,0,0,0,0.0,0.0,0.0,0.0,0.0,0.0,0.0,0.0,0.0,0.0,0.0,0.0,0.0,0.0,0.0,0.0,0.0,0.0,2.6666666666666665,2.3333333333333335,0.0,0.0,0.0,0.0,0.0,0.0,0,0,0,0.0,3,3,0,0,0,0,0,0,2.0
SPD,0,0,0,0.0,ok,,bcsstk15,factor-l,/home/scan_SpTRSV/data/factors/spcg/bcsstk15/spcg_spilu_l_bcsstk15_fill10_drop0.0001_sp0.mtx,3948,scan-chain-aware,0.01,0.009999304085020927,0.01,-1,1,1,5029,347,502935,497906,5,10,3908,3903,5,3,8,8,18,10,0.0025329280648429585,0.25331043473688475,0.0025331043473688472,3702,3684,-18,-0.004559270516717325,1796,1740,56,0,0,0,0,0.0,0,0,0,0,0.0,0,0,0,0,0.0,0,0,0,0,0,0,0,0,0,0.0,0.0,0.0,0.0,0.0,0.0,0.0,0.0,0.0,0.0,0.0,0.0,0.0,0.0,0.0,0.0,0.0,0.0,2.6666666666666665,2.25,0.0,0.0,0.0,0.0,0.0,0.0,0,0,0,0.0,3,3,0,0,0,0,0,0,0.001988466892026248
SPD,0,0,0,0.0,ok,,bcsstk15,factor-l,/home/scan_SpTRSV/data/factors/spcg/bcsstk15/spcg_spilu_l_bcsstk15_fill10_drop0.0001_sp0.mtx,3948,scan-chain-aware,0.02,5.9649855349100775e-06,0.0001,1,1,1,3,3,502935,502932,5,8,3908,3905,3,3,6,8,14,6,0.001519756838905775,254.77963525835867,2.5477963525835867,3702,3708,6,0.001519756838905775,1796,1796,0,0,0,0,0,0.0,0,0,0,0,0.0,0,0,0,0,0.0,0,0,0,0,0,0,0,0,0,0.0,0.0,0.0,0.0,0.0,0.0,0.0,0.0,0.0,0.0,0.0,0.0,0.0,0.0,0.0,0.0,0.0,0.0,2.6666666666666665,2.3333333333333335,0.0,0.0,0.0,0.0,0.0,0.0,0,0,0,0.0,3,3,0,0,0,0,0,0,2.0
SPD,0,0,0,0.0,ok,,bcsstk15,factor-l,/home/scan_SpTRSV/data/factors/spcg/bcsstk15/spcg_spilu_l_bcsstk15_fill10_drop0.0001_sp0.mtx,3948,scan-chain-aware,0.02,0.019998608170041853,0.0001,-1,1,1,10058,564,502935,492877,5,9,3908,3904,4,3,7,8,16,8,0.002026342451874367,0.1013241738947539,0.001013241738947539,3702,3696,-6,-0.001519756838905775,1796,1754,42,0,0,0,0,0.0,0,0,0,0,0.0,0,0,0,0,0.0,0,0,0,0,0,0,0,0,0,0.0,0.0,0.0,0.0,0.0,0.0,0.0,0.0,0.0,0.0,0.0,0.0,0.0,0.0,0.0,0.0,0.0,0.0,2.6666666666666665,2.2857142857142856,0.0,0.0,0.0,0.0,0.0,0.0,0,0,0,0.0,3,3,0,0,0,0,0,0,0.0007953867568104991
SPD,0,0,0,0.0,ok,,bcsstk15,factor-l,/home/scan_SpTRSV/data/factors/spcg/bcsstk15/spcg_spilu_l_bcsstk15_fill10_drop0.0001_sp0.mtx,3948,scan-chain-aware,0.02,5.9649855349100775e-06,0.001,1,1,1,3,3,502935,502932,5,8,3908,3905,3,3,6,8,14,6,0.001519756838905775,254.77963525835867,2.5477963525835867,3702,3708,6,0.001519756838905775,1796,1796,0,0,0,0,0,0.0,0,0,0,0,0.0,0,0,0,0,0.0,0,0,0,0,0,0,0,0,0,0.0,0.0,0.0,0.0,0.0,0.0,0.0,0.0,0.0,0.0,0.0,0.0,0.0,0.0,0.0,0.0,0.0,0.0,2.6666666666666665,2.3333333333333335,0.0,0.0,0.0,0.0,0.0,0.0,0,0,0,0.0,3,3,0,0,0,0,0,0,2.0
SPD,0,0,0,0.0,ok,,bcsstk15,factor-l,/home/scan_SpTRSV/data/factors/spcg/bcsstk15/spcg_spilu_l_bcsstk15_fill10_drop0.0001_sp0.mtx,3948,scan-chain-aware,0.02,0.019998608170041853,0.001,-1,1,1,10058,484,502935,492877,5,11,3908,3902,6,3,9,8,20,12,0.00303951367781155,0.15198626084213085,0.0015198626084213084,3702,3694,-8,-0.002026342451874367,1796,1739,57,0,0,0,0,0.0,0,0,0,0,0.0,0,0,0,0,0.0,0,0,0,0,0,0,0,0,0,0.0,0.0,0.0,0.0,0.0,0.0,0.0,0.0,0.0,0.0,0.0,0.0,0.0,0.0,0.0,0.0,0.0,0.0,2.6666666666666665,2.2222222222222223,0.0,0.0,0.0,0.0,0.0,0.0,0,0,0,0.0,3,3,0,0,0,0,0,0,0.0011930801352157488
SPD,0,0,0,0.0,ok,,bcsstk15,factor-l,/home/scan_SpTRSV/data/factors/spcg/bcsstk15/spcg_spilu_l_bcsstk15_fill10_drop0.0001_sp0.mtx,3948,scan-chain-aware,0.02,5.9649855349100775e-06,0.01,1,1,1,3,3,502935,502932,5,8,3908,3905,3,3,6,8,14,6,0.001519756838905775,254.77963525835867,2.5477963525835867,3702,3708,6,0.001519756838905775,1796,1796,0,0,0,0,0,0.0,0,0,0,0,0.0,0,0,0,0,0.0,0,0,0,0,0,0,0,0,0,0.0,0.0,0.0,0.0,0.0,0.0,0.0,0.0,0.0,0.0,0.0,0.0,0.0,0.0,0.0,0.0,0.0,0.0,2.6666666666666665,2.3333333333333335,0.0,0.0,0.0,0.0,0.0,0.0,0,0,0,0.0,3,3,0,0,0,0,0,0,2.0
SPD,0,0,0,0.0,ok,,bcsstk15,factor-l,/home/scan_SpTRSV/data/factors/spcg/bcsstk15/spcg_spilu_l_bcsstk15_fill10_drop0.0001_sp0.mtx,3948,scan-chain-aware,0.02,0.019998608170041853,0.01,-1,1,1,10058,462,502935,492877,5,11,3908,3902,6,3,9,8,20,12,0.00303951367781155,0.15198626084213085,0.0015198626084213084,3702,3684,-18,-0.004559270516717325,1796,1722,74,0,0,0,0,0.0,0,0,0,0,0.0,0,0,0,0,0.0,0,0,0,0,0,0,0,0,0,0.0,0.0,0.0,0.0,0.0,0.0,0.0,0.0,0.0,0.0,0.0,0.0,0.0,0.0,0.0,0.0,0.0,0.0,2.6666666666666665,2.2222222222222223,0.0,0.0,0.0,0.0,0.0,0.0,0,0,0,0.0,3,3,0,0,0,0,0,0,0.0011930801352157488
SPD,0,0,0,0.0,ok,,bcsstk15,factor-l,/home/scan_SpTRSV/data/factors/spcg/bcsstk15/spcg_spilu_l_bcsstk15_fill10_drop0.0001_sp0.mtx,3948,scan-chain-aware,0.05,5.9649855349100775e-06,0.0001,1,1,1,3,3,502935,502932,5,8,3908,3905,3,3,6,8,14,6,0.001519756838905775,254.77963525835867,2.5477963525835867,3702,3708,6,0.001519756838905775,1796,1796,0,0,0,0,0,0.0,0,0,0,0,0.0,0,0,0,0,0.0,0,0,0,0,0,0,0,0,0,0.0,0.0,0.0,0.0,0.0,0.0,0.0,0.0,0.0,0.0,0.0,0.0,0.0,0.0,0.0,0.0,0.0,0.0,2.6666666666666665,2.3333333333333335,0.0,0.0,0.0,0.0,0.0,0.0,0,0,0,0.0,3,3,0,0,0,0,0,0,2.0
SPD,0,0,0,0.0,ok,,bcsstk15,factor-l,/home/scan_SpTRSV/data/factors/spcg/bcsstk15/spcg_spilu_l_bcsstk15_fill10_drop0.0001_sp0.mtx,3948,scan-chain-aware,0.05,0.04999850875361627,0.0001,-1,1,1,25146,886,502935,477789,5,9,3908,3904,4,3,7,8,16,8,0.002026342451874367,0.04052805778387954,0.0004052805778387953,3702,3703,1,0.00025329280648429586,1796,1745,51,0,0,0,0,0.0,0,0,0,0,0.0,0,0,0,0,0.0,0,0,0,0,0,0,0,0,0,0.0,0.0,0.0,0.0,0.0,0.0,0.0,0.0,0.0,0.0,0.0,0.0,0.0,0.0,0.0,0.0,0.0,0.0,2.6666666666666665,2.2857142857142856,0.0,0.0,0.0,0.0,0.0,0.0,0,0,0,0.0,3,3,0,0,0,0,0,0,0.000318142050425515
SPD,0,0,0,0.0,ok,,bcsstk15,factor-l,/home/scan_SpTRSV/data/factors/spcg/bcsstk15/spcg_spilu_l_bcsstk15_fill10_drop0.0001_sp0.mtx,3948,scan-chain-aware,0.05,5.9649855349100775e-06,0.001,1,1,1,3,3,502935,502932,5,8,3908,3905,3,3,6,8,14,6,0.001519756838905775,254.77963525835867,2.5477963525835867,3702,3708,6,0.001519756838905775,1796,1796,0,0,0,0,0,0.0,0,0,0,0,0.0,0,0,0,0,0.0,0,0,0,0,0,0,0,0,0,0.0,0.0,0.0,0.0,0.0,0.0,0.0,0.0,0.0,0.0,0.0,0.0,0.0,0.0,0.0,0.0,0.0,0.0,2.6666666666666665,2.3333333333333335,0.0,0.0,0.0,0.0,0.0,0.0,0,0,0,0.0,3,3,0,0,0,0,0,0,2.0
SPD,0,0,0,0.0,ok,,bcsstk15,factor-l,/home/scan_SpTRSV/data/factors/spcg/bcsstk15/spcg_spilu_l_bcsstk15_fill10_drop0.0001_sp0.mtx,3948,scan-chain-aware,0.05,0.04999850875361627,0.001,-1,1,1,25146,709,502935,477789,5,11,3908,3902,6,3,9,8,20,12,0.00303951367781155,0.0607920866758193,0.000607920866758193,3702,3696,-6,-0.001519756838905775,1796,1722,74,0,0,0,0,0.0,0,0,0,0,0.0,0,0,0,0,0.0,0,0,0,0,0,0,0,0,0,0.0,0.0,0.0,0.0,0.0,0.0,0.0,0.0,0.0,0.0,0.0,0.0,0.0,0.0,0.0,0.0,0.0,0.0,2.6666666666666665,2.2222222222222223,0.0,0.0,0.0,0.0,0.0,0.0,0,0,0,0.0,3,3,0,0,0,0,0,0,0.0004772130756382725
SPD,0,0,0,0.0,ok,,bcsstk15,factor-l,/home/scan_SpTRSV/data/factors/spcg/bcsstk15/spcg_spilu_l_bcsstk15_fill10_drop0.0001_sp0.mtx,3948,scan-chain-aware,0.05,5.9649855349100775e-06,0.01,1,1,1,3,3,502935,502932,5,8,3908,3905,3,3,6,8,14,6,0.001519756838905775,254.77963525835867,2.5477963525835867,3702,3708,6,0.001519756838905775,1796,1796,0,0,0,0,0,0.0,0,0,0,0,0.0,0,0,0,0,0.0,0,0,0,0,0,0,0,0,0,0.0,0.0,0.0,0.0,0.0,0.0,0.0,0.0,0.0,0.0,0.0,0.0,0.0,0.0,0.0,0.0,0.0,0.0,2.6666666666666665,2.3333333333333335,0.0,0.0,0.0,0.0,0.0,0.0,0,0,0,0.0,3,3,0,0,0,0,0,0,2.0
SPD,0,0,0,0.0,ok,,bcsstk15,factor-l,/home/scan_SpTRSV/data/factors/spcg/bcsstk15/spcg_spilu_l_bcsstk15_fill10_drop0.0001_sp0.mtx,3948,scan-chain-aware,0.05,0.04999850875361627,0.01,-1,1,1,25146,664,502935,477789,5,11,3908,3902,6,3,9,8,20,12,0.00303951367781155,0.0607920866758193,0.000607920866758193,3702,3690,-12,-0.00303951367781155,1796,1686,110,0,0,0,0,0.0,0,0,0,0,0.0,0,0,0,0,0.0,0,0,0,0,0,0,0,0,0,0.0,0.0,0.0,0.0,0.0,0.0,0.0,0.0,0.0,0.0,0.0,0.0,0.0,0.0,0.0,0.0,0.0,0.0,2.6666666666666665,2.2222222222222223,0.0,0.0,0.0,0.0,0.0,0.0,0,0,0,0.0,3,3,0,0,0,0,0,0,0.0004772130756382725
SPD,0,0,0,0.0,ok,,bcsstk15,factor-l,/home/scan_SpTRSV/data/factors/spcg/bcsstk15/spcg_spilu_l_bcsstk15_fill10_drop0.0001_sp0.mtx,3948,scan-chain-aware,0.1,5.9649855349100775e-06,0.0001,1,1,1,3,3,502935,502932,5,8,3908,3905,3,3,6,8,14,6,0.001519756838905775,254.77963525835867,2.5477963525835867,3702,3708,6,0.001519756838905775,1796,1796,0,0,0,0,0,0.0,0,0,0,0,0.0,0,0,0,0,0.0,0,0,0,0,0,0,0,0,0,0.0,0.0,0.0,0.0,0.0,0.0,0.0,0.0,0.0,0.0,0.0,0.0,0.0,0.0,0.0,0.0,0.0,0.0,2.6666666666666665,2.3333333333333335,0.0,0.0,0.0,0.0,0.0,0.0,0,0,0,0.0,3,3,0,0,0,0,0,0,2.0
SPD,0,0,0,0.0,ok,,bcsstk15,factor-l,/home/scan_SpTRSV/data/factors/spcg/bcsstk15/spcg_spilu_l_bcsstk15_fill10_drop0.0001_sp0.mtx,3948,scan-chain-aware,0.1,0.09999900583574418,0.0001,-1,1,1,50293,1300,502935,452642,5,9,3908,3904,4,3,7,8,16,8,0.002026342451874367,0.020263625972470018,0.00020263625972470018,3702,3708,6,0.001519756838905775,1796,1735,61,0,0,0,0,0.0,0,0,0,0,0.0,0,0,0,0,0.0,0,0,0,0,0,0,0,0,0,0.0,0.0,0.0,0.0,0.0,0.0,0.0,0.0,0.0,0.0,0.0,0.0,0.0,0.0,0.0,0.0,0.0,0.0,2.6666666666666665,2.2857142857142856,0.0,0.0,0.0,0.0,0.0,0.0,0,0,0,0.0,3,3,0,0,0,0,0,0,0.00015906786232676516
SPD,0,0,0,0.0,ok,,bcsstk15,factor-l,/home/scan_SpTRSV/data/factors/spcg/bcsstk15/spcg_spilu_l_bcsstk15_fill10_drop0.0001_sp0.mtx,3948,scan-chain-aware,0.1,5.9649855349100775e-06,0.001,1,1,1,3,3,502935,502932,5,8,3908,3905,3,3,6,8,14,6,0.001519756838905775,254.77963525835867,2.5477963525835867,3702,3708,6,0.001519756838905775,1796,1796,0,0,0,0,0,0.0,0,0,0,0,0.0,0,0,0,0,0.0,0,0,0,0,0,0,0,0,0,0.0,0.0,0.0,0.0,0.0,0.0,0.0,0.0,0.0,0.0,0.0,0.0,0.0,0.0,0.0,0.0,0.0,0.0,2.6666666666666665,2.3333333333333335,0.0,0.0,0.0,0.0,0.0,0.0,0,0,0,0.0,3,3,0,0,0,0,0,0,2.0
SPD,0,0,0,0.0,ok,,bcsstk15,factor-l,/home/scan_SpTRSV/data/factors/spcg/bcsstk15/spcg_spilu_l_bcsstk15_fill10_drop0.0001_sp0.mtx,3948,scan-chain-aware,0.1,0.09999900583574418,0.001,-1,1,1,50293,990,502935,452642,5,12,3908,3901,7,3,10,8,22,14,0.0035460992907801418,0.03546134545182253,0.0003546134545182253,3702,3705,3,0.0007598784194528875,1796,1702,94,0,0,0,0,0.0,0,0,0,0,0.0,0,0,0,0,0.0,0,0,0,0,0,0,0,0,0,0.0,0.0,0.0,0.0,0.0,0.0,0.0,0.0,0.0,0.0,0.0,0.0,0.0,0.0,0.0,0.0,0.0,0.0,2.6666666666666665,2.2,0.0,0.0,0.0,0.0,0.0,0.0,0,0,0,0.0,3,3,0,0,0,0,0,0,0.000278368759071839
SPD,0,0,0,0.0,ok,,bcsstk15,factor-l,/home/scan_SpTRSV/data/factors/spcg/bcsstk15/spcg_spilu_l_bcsstk15_fill10_drop0.0001_sp0.mtx,3948,scan-chain-aware,0.1,5.9649855349100775e-06,0.01,1,1,1,3,3,502935,502932,5,8,3908,3905,3,3,6,8,14,6,0.001519756838905775,254.77963525835867,2.5477963525835867,3702,3708,6,0.001519756838905775,1796,1796,0,0,0,0,0,0.0,0,0,0,0,0.0,0,0,0,0,0.0,0,0,0,0,0,0,0,0,0,0.0,0.0,0.0,0.0,0.0,0.0,0.0,0.0,0.0,0.0,0.0,0.0,0.0,0.0,0.0,0.0,0.0,0.0,2.6666666666666665,2.3333333333333335,0.0,0.0,0.0,0.0,0.0,0.0,0,0,0,0.0,3,3,0,0,0,0,0,0,2.0
SPD,0,0,0,0.0,ok,,bcsstk15,factor-l,/home/scan_SpTRSV/data/factors/spcg/bcsstk15/spcg_spilu_l_bcsstk15_fill10_drop0.0001_sp0.mtx,3948,scan-chain-aware,0.1,0.09999900583574418,0.01,-1,1,1,50293,905,502935,452642,5,11,3908,3902,6,3,9,8,20,12,0.00303951367781155,0.03039543895870503,0.0003039543895870502,3702,3699,-3,-0.0007598784194528875,1796,1645,151,0,0,0,0,0.0,0,0,0,0,0.0,0,0,0,0,0.0,0,0,0,0,0,0,0,0,0,0.0,0.0,0.0,0.0,0.0,0.0,0.0,0.0,0.0,0.0,0.0,0.0,0.0,0.0,0.0,0.0,0.0,0.0,2.6666666666666665,2.2222222222222223,0.0,0.0,0.0,0.0,0.0,0.0,0,0,0,0.0,3,3,0,0,0,0,0,0,0.00023860179349014773
SPD,0,0,0,0.0,ok,,bcsstk15,factor-l,/home/scan_SpTRSV/data/factors/spcg/bcsstk15/spcg_spilu_l_bcsstk15_fill10_drop0.0001_sp0.mtx,3948,long-chain-aware-drop,0.01,0.0,0.0001,1,1,1,0,0,502935,502935,5,5,3908,3908,0,3,3,8,8,0,0.0,0.0,0.0,3702,3702,0,0.0,1796,1796,0,0,0,0,0,0.0,0,0,0,0,0.0,0,0,0,0,0.0,0,0,0,0,0,0,0,0,0,0.0,0.0,0.0,0.0,0.0,0.0,0.0,0.0,0.0,0.0,0.0,0.0,0.0,0.0,0.0,0.0,0.0,0.0,2.6666666666666665,2.6666666666666665,0.0,0.0,0.0,0.0,0.0,0.0,0,0,0,0.0,3,3,0,0,0,0,0,0,0.0
SPD,0,0,0,0.0,ok,,bcsstk15,factor-l,/home/scan_SpTRSV/data/factors/spcg/bcsstk15/spcg_spilu_l_bcsstk15_fill10_drop0.0001_sp0.mtx,3948,long-chain-aware-drop,0.01,0.0,0.0001,-1,1,1,0,0,502935,502935,5,5,3908,3908,0,3,3,8,8,0,0.0,0.0,0.0,3702,3702,0,0.0,1796,1796,0,0,0,0,0,0.0,0,0,0,0,0.0,0,0,0,0,0.0,0,0,0,0,0,0,0,0,0,0.0,0.0,0.0,0.0,0.0,0.0,0.0,0.0,0.0,0.0,0.0,0.0,0.0,0.0,0.0,0.0,0.0,0.0,2.6666666666666665,2.6666666666666665,0.0,0.0,0.0,0.0,0.0,0.0,0,0,0,0.0,3,3,0,0,0,0,0,0,0.0
SPD,0,0,0,0.0,ok,,bcsstk15,factor-l,/home/scan_SpTRSV/data/factors/spcg/bcsstk15/spcg_spilu_l_bcsstk15_fill10_drop0.0001_sp0.mtx,3948,long-chain-aware-drop,0.01,0.0,0.001,1,1,1,0,0,502935,502935,5,5,3908,3908,0,3,3,8,8,0,0.0,0.0,0.0,3702,3702,0,0.0,1796,1796,0,0,0,0,0,0.0,0,0,0,0,0.0,0,0,0,0,0.0,0,0,0,0,0,0,0,0,0,0.0,0.0,0.0,0.0,0.0,0.0,0.0,0.0,0.0,0.0,0.0,0.0,0.0,0.0,0.0,0.0,0.0,0.0,2.6666666666666665,2.6666666666666665,0.0,0.0,0.0,0.0,0.0,0.0,0,0,0,0.0,3,3,0,0,0,0,0,0,0.0
SPD,0,0,0,0.0,ok,,bcsstk15,factor-l,/home/scan_SpTRSV/data/factors/spcg/bcsstk15/spcg_spilu_l_bcsstk15_fill10_drop0.0001_sp0.mtx,3948,long-chain-aware-drop,0.01,0.0,0.001,-1,1,1,0,0,502935,502935,5,5,3908,3908,0,3,3,8,8,0,0.0,0.0,0.0,3702,3702,0,0.0,1796,1796,0,0,0,0,0,0.0,0,0,0,0,0.0,0,0,0,0,0.0,0,0,0,0,0,0,0,0,0,0.0,0.0,0.0,0.0,0.0,0.0,0.0,0.0,0.0,0.0,0.0,0.0,0.0,0.0,0.0,0.0,0.0,0.0,2.6666666666666665,2.6666666666666665,0.0,0.0,0.0,0.0,0.0,0.0,0,0,0,0.0,3,3,0,0,0,0,0,0,0.0
SPD,0,0,0,0.0,ok,,bcsstk15,factor-l,/home/scan_SpTRSV/data/factors/spcg/bcsstk15/spcg_spilu_l_bcsstk15_fill10_drop0.0001_sp0.mtx,3948,long-chain-aware-drop,0.01,0.0,0.01,1,1,1,0,0,502935,502935,5,5,3908,3908,0,3,3,8,8,0,0.0,0.0,0.0,3702,3702,0,0.0,1796,1796,0,0,0,0,0,0.0,0,0,0,0,0.0,0,0,0,0,0.0,0,0,0,0,0,0,0,0,0,0.0,0.0,0.0,0.0,0.0,0.0,0.0,0.0,0.0,0.0,0.0,0.0,0.0,0.0,0.0,0.0,0.0,0.0,2.6666666666666665,2.6666666666666665,0.0,0.0,0.0,0.0,0.0,0.0,0,0,0,0.0,3,3,0,0,0,0,0,0,0.0
SPD,0,0,0,0.0,ok,,bcsstk15,factor-l,/home/scan_SpTRSV/data/factors/spcg/bcsstk15/spcg_spilu_l_bcsstk15_fill10_drop0.0001_sp0.mtx,3948,long-chain-aware-drop,0.01,0.0,0.01,-1,1,1,0,0,502935,502935,5,5,3908,3908,0,3,3,8,8,0,0.0,0.0,0.0,3702,3702,0,0.0,1796,1796,0,0,0,0,0,0.0,0,0,0,0,0.0,0,0,0,0,0.0,0,0,0,0,0,0,0,0,0,0.0,0.0,0.0,0.0,0.0,0.0,0.0,0.0,0.0,0.0,0.0,0.0,0.0,0.0,0.0,0.0,0.0,0.0,2.6666666666666665,2.6666666666666665,0.0,0.0,0.0,0.0,0.0,0.0,0,0,0,0.0,3,3,0,0,0,0,0,0,0.0
SPD,0,0,0,0.0,ok,,bcsstk15,factor-l,/home/scan_SpTRSV/data/factors/spcg/bcsstk15/spcg_spilu_l_bcsstk15_fill10_drop0.0001_sp0.mtx,3948,long-chain-aware-drop,0.02,0.0,0.0001,1,1,1,0,0,502935,502935,5,5,3908,3908,0,3,3,8,8,0,0.0,0.0,0.0,3702,3702,0,0.0,1796,1796,0,0,0,0,0,0.0,0,0,0,0,0.0,0,0,0,0,0.0,0,0,0,0,0,0,0,0,0,0.0,0.0,0.0,0.0,0.0,0.0,0.0,0.0,0.0,0.0,0.0,0.0,0.0,0.0,0.0,0.0,0.0,0.0,2.6666666666666665,2.6666666666666665,0.0,0.0,0.0,0.0,0.0,0.0,0,0,0,0.0,3,3,0,0,0,0,0,0,0.0
SPD,0,0,0,0.0,ok,,bcsstk15,factor-l,/home/scan_SpTRSV/data/factors/spcg/bcsstk15/spcg_spilu_l_bcsstk15_fill10_drop0.0001_sp0.mtx,3948,long-chain-aware-drop,0.02,0.0,0.0001,-1,1,1,0,0,502935,502935,5,5,3908,3908,0,3,3,8,8,0,0.0,0.0,0.0,3702,3702,0,0.0,1796,1796,0,0,0,0,0,0.0,0,0,0,0,0.0,0,0,0,0,0.0,0,0,0,0,0,0,0,0,0,0.0,0.0,0.0,0.0,0.0,0.0,0.0,0.0,0.0,0.0,0.0,0.0,0.0,0.0,0.0,0.0,0.0,0.0,2.6666666666666665,2.6666666666666665,0.0,0.0,0.0,0.0,0.0,0.0,0,0,0,0.0,3,3,0,0,0,0,0,0,0.0
SPD,0,0,0,0.0,ok,,bcsstk15,factor-l,/home/scan_SpTRSV/data/factors/spcg/bcsstk15/spcg_spilu_l_bcsstk15_fill10_drop0.0001_sp0.mtx,3948,long-chain-aware-drop,0.02,0.0,0.001,1,1,1,0,0,502935,502935,5,5,3908,3908,0,3,3,8,8,0,0.0,0.0,0.0,3702,3702,0,0.0,1796,1796,0,0,0,0,0,0.0,0,0,0,0,0.0,0,0,0,0,0.0,0,0,0,0,0,0,0,0,0,0.0,0.0,0.0,0.0,0.0,0.0,0.0,0.0,0.0,0.0,0.0,0.0,0.0,0.0,0.0,0.0,0.0,0.0,2.6666666666666665,2.6666666666666665,0.0,0.0,0.0,0.0,0.0,0.0,0,0,0,0.0,3,3,0,0,0,0,0,0,0.0
SPD,0,0,0,0.0,ok,,bcsstk15,factor-l,/home/scan_SpTRSV/data/factors/spcg/bcsstk15/spcg_spilu_l_bcsstk15_fill10_drop0.0001_sp0.mtx,3948,long-chain-aware-drop,0.02,0.0,0.001,-1,1,1,0,0,502935,502935,5,5,3908,3908,0,3,3,8,8,0,0.0,0.0,0.0,3702,3702,0,0.0,1796,1796,0,0,0,0,0,0.0,0,0,0,0,0.0,0,0,0,0,0.0,0,0,0,0,0,0,0,0,0,0.0,0.0,0.0,0.0,0.0,0.0,0.0,0.0,0.0,0.0,0.0,0.0,0.0,0.0,0.0,0.0,0.0,0.0,2.6666666666666665,2.6666666666666665,0.0,0.0,0.0,0.0,0.0,0.0,0,0,0,0.0,3,3,0,0,0,0,0,0,0.0
SPD,0,0,0,0.0,ok,,bcsstk15,factor-l,/home/scan_SpTRSV/data/factors/spcg/bcsstk15/spcg_spilu_l_bcsstk15_fill10_drop0.0001_sp0.mtx,3948,long-chain-aware-drop,0.02,0.0,0.01,1,1,1,0,0,502935,502935,5,5,3908,3908,0,3,3,8,8,0,0.0,0.0,0.0,3702,3702,0,0.0,1796,1796,0,0,0,0,0,0.0,0,0,0,0,0.0,0,0,0,0,0.0,0,0,0,0,0,0,0,0,0,0.0,0.0,0.0,0.0,0.0,0.0,0.0,0.0,0.0,0.0,0.0,0.0,0.0,0.0,0.0,0.0,0.0,0.0,2.6666666666666665,2.6666666666666665,0.0,0.0,0.0,0.0,0.0,0.0,0,0,0,0.0,3,3,0,0,0,0,0,0,0.0
SPD,0,0,0,0.0,ok,,bcsstk15,factor-l,/home/scan_SpTRSV/data/factors/spcg/bcsstk15/spcg_spilu_l_bcsstk15_fill10_drop0.0001_sp0.mtx,3948,long-chain-aware-drop,0.02,0.0,0.01,-1,1,1,0,0,502935,502935,5,5,3908,3908,0,3,3,8,8,0,0.0,0.0,0.0,3702,3702,0,0.0,1796,1796,0,0,0,0,0,0.0,0,0,0,0,0.0,0,0,0,0,0.0,0,0,0,0,0,0,0,0,0,0.0,0.0,0.0,0.0,0.0,0.0,0.0,0.0,0.0,0.0,0.0,0.0,0.0,0.0,0.0,0.0,0.0,0.0,2.6666666666666665,2.6666666666666665,0.0,0.0,0.0,0.0,0.0,0.0,0,0,0,0.0,3,3,0,0,0,0,0,0,0.0
SPD,0,0,0,0.0,ok,,bcsstk15,factor-l,/home/scan_SpTRSV/data/factors/spcg/bcsstk15/spcg_spilu_l_bcsstk15_fill10_drop0.0001_sp0.mtx,3948,long-chain-aware-drop,0.05,0.0,0.0001,1,1,1,0,0,502935,502935,5,5,3908,3908,0,3,3,8,8,0,0.0,0.0,0.0,3702,3702,0,0.0,1796,1796,0,0,0,0,0,0.0,0,0,0,0,0.0,0,0,0,0,0.0,0,0,0,0,0,0,0,0,0,0.0,0.0,0.0,0.0,0.0,0.0,0.0,0.0,0.0,0.0,0.0,0.0,0.0,0.0,0.0,0.0,0.0,0.0,2.6666666666666665,2.6666666666666665,0.0,0.0,0.0,0.0,0.0,0.0,0,0,0,0.0,3,3,0,0,0,0,0,0,0.0
SPD,0,0,0,0.0,ok,,bcsstk15,factor-l,/home/scan_SpTRSV/data/factors/spcg/bcsstk15/spcg_spilu_l_bcsstk15_fill10_drop0.0001_sp0.mtx,3948,long-chain-aware-drop,0.05,0.0,0.0001,-1,1,1,0,0,502935,502935,5,5,3908,3908,0,3,3,8,8,0,0.0,0.0,0.0,3702,3702,0,0.0,1796,1796,0,0,0,0,0,0.0,0,0,0,0,0.0,0,0,0,0,0.0,0,0,0,0,0,0,0,0,0,0.0,0.0,0.0,0.0,0.0,0.0,0.0,0.0,0.0,0.0,0.0,0.0,0.0,0.0,0.0,0.0,0.0,0.0,2.6666666666666665,2.6666666666666665,0.0,0.0,0.0,0.0,0.0,0.0,0,0,0,0.0,3,3,0,0,0,0,0,0,0.0
SPD,0,0,0,0.0,ok,,bcsstk15,factor-l,/home/scan_SpTRSV/data/factors/spcg/bcsstk15/spcg_spilu_l_bcsstk15_fill10_drop0.0001_sp0.mtx,3948,long-chain-aware-drop,0.05,0.0,0.001,1,1,1,0,0,502935,502935,5,5,3908,3908,0,3,3,8,8,0,0.0,0.0,0.0,3702,3702,0,0.0,1796,1796,0,0,0,0,0,0.0,0,0,0,0,0.0,0,0,0,0,0.0,0,0,0,0,0,0,0,0,0,0.0,0.0,0.0,0.0,0.0,0.0,0.0,0.0,0.0,0.0,0.0,0.0,0.0,0.0,0.0,0.0,0.0,0.0,2.6666666666666665,2.6666666666666665,0.0,0.0,0.0,0.0,0.0,0.0,0,0,0,0.0,3,3,0,0,0,0,0,0,0.0
SPD,0,0,0,0.0,ok,,bcsstk15,factor-l,/home/scan_SpTRSV/data/factors/spcg/bcsstk15/spcg_spilu_l_bcsstk15_fill10_drop0.0001_sp0.mtx,3948,long-chain-aware-drop,0.05,0.0,0.001,-1,1,1,0,0,502935,502935,5,5,3908,3908,0,3,3,8,8,0,0.0,0.0,0.0,3702,3702,0,0.0,1796,1796,0,0,0,0,0,0.0,0,0,0,0,0.0,0,0,0,0,0.0,0,0,0,0,0,0,0,0,0,0.0,0.0,0.0,0.0,0.0,0.0,0.0,0.0,0.0,0.0,0.0,0.0,0.0,0.0,0.0,0.0,0.0,0.0,2.6666666666666665,2.6666666666666665,0.0,0.0,0.0,0.0,0.0,0.0,0,0,0,0.0,3,3,0,0,0,0,0,0,0.0
SPD,0,0,0,0.0,ok,,bcsstk15,factor-l,/home/scan_SpTRSV/data/factors/spcg/bcsstk15/spcg_spilu_l_bcsstk15_fill10_drop0.0001_sp0.mtx,3948,long-chain-aware-drop,0.05,0.0,0.01,1,1,1,0,0,502935,502935,5,5,3908,3908,0,3,3,8,8,0,0.0,0.0,0.0,3702,3702,0,0.0,1796,1796,0,0,0,0,0,0.0,0,0,0,0,0.0,0,0,0,0,0.0,0,0,0,0,0,0,0,0,0,0.0,0.0,0.0,0.0,0.0,0.0,0.0,0.0,0.0,0.0,0.0,0.0,0.0,0.0,0.0,0.0,0.0,0.0,2.6666666666666665,2.6666666666666665,0.0,0.0,0.0,0.0,0.0,0.0,0,0,0,0.0,3,3,0,0,0,0,0,0,0.0
SPD,0,0,0,0.0,ok,,bcsstk15,factor-l,/home/scan_SpTRSV/data/factors/spcg/bcsstk15/spcg_spilu_l_bcsstk15_fill10_drop0.0001_sp0.mtx,3948,long-chain-aware-drop,0.05,0.0,0.01,-1,1,1,0,0,502935,502935,5,5,3908,3908,0,3,3,8,8,0,0.0,0.0,0.0,3702,3702,0,0.0,1796,1796,0,0,0,0,0,0.0,0,0,0,0,0.0,0,0,0,0,0.0,0,0,0,0,0,0,0,0,0,0.0,0.0,0.0,0.0,0.0,0.0,0.0,0.0,0.0,0.0,0.0,0.0,0.0,0.0,0.0,0.0,0.0,0.0,2.6666666666666665,2.6666666666666665,0.0,0.0,0.0,0.0,0.0,0.0,0,0,0,0.0,3,3,0,0,0,0,0,0,0.0
SPD,0,0,0,0.0,ok,,bcsstk15,factor-l,/home/scan_SpTRSV/data/factors/spcg/bcsstk15/spcg_spilu_l_bcsstk15_fill10_drop0.0001_sp0.mtx,3948,long-chain-aware-drop,0.1,0.0,0.0001,1,1,1,0,0,502935,502935,5,5,3908,3908,0,3,3,8,8,0,0.0,0.0,0.0,3702,3702,0,0.0,1796,1796,0,0,0,0,0,0.0,0,0,0,0,0.0,0,0,0,0,0.0,0,0,0,0,0,0,0,0,0,0.0,0.0,0.0,0.0,0.0,0.0,0.0,0.0,0.0,0.0,0.0,0.0,0.0,0.0,0.0,0.0,0.0,0.0,2.6666666666666665,2.6666666666666665,0.0,0.0,0.0,0.0,0.0,0.0,0,0,0,0.0,3,3,0,0,0,0,0,0,0.0
SPD,0,0,0,0.0,ok,,bcsstk15,factor-l,/home/scan_SpTRSV/data/factors/spcg/bcsstk15/spcg_spilu_l_bcsstk15_fill10_drop0.0001_sp0.mtx,3948,long-chain-aware-drop,0.1,0.0,0.0001,-1,1,1,0,0,502935,502935,5,5,3908,3908,0,3,3,8,8,0,0.0,0.0,0.0,3702,3702,0,0.0,1796,1796,0,0,0,0,0,0.0,0,0,0,0,0.0,0,0,0,0,0.0,0,0,0,0,0,0,0,0,0,0.0,0.0,0.0,0.0,0.0,0.0,0.0,0.0,0.0,0.0,0.0,0.0,0.0,0.0,0.0,0.0,0.0,0.0,2.6666666666666665,2.6666666666666665,0.0,0.0,0.0,0.0,0.0,0.0,0,0,0,0.0,3,3,0,0,0,0,0,0,0.0
SPD,0,0,0,0.0,ok,,bcsstk15,factor-l,/home/scan_SpTRSV/data/factors/spcg/bcsstk15/spcg_spilu_l_bcsstk15_fill10_drop0.0001_sp0.mtx,3948,long-chain-aware-drop,0.1,0.0,0.001,1,1,1,0,0,502935,502935,5,5,3908,3908,0,3,3,8,8,0,0.0,0.0,0.0,3702,3702,0,0.0,1796,1796,0,0,0,0,0,0.0,0,0,0,0,0.0,0,0,0,0,0.0,0,0,0,0,0,0,0,0,0,0.0,0.0,0.0,0.0,0.0,0.0,0.0,0.0,0.0,0.0,0.0,0.0,0.0,0.0,0.0,0.0,0.0,0.0,2.6666666666666665,2.6666666666666665,0.0,0.0,0.0,0.0,0.0,0.0,0,0,0,0.0,3,3,0,0,0,0,0,0,0.0
SPD,0,0,0,0.0,ok,,bcsstk15,factor-l,/home/scan_SpTRSV/data/factors/spcg/bcsstk15/spcg_spilu_l_bcsstk15_fill10_drop0.0001_sp0.mtx,3948,long-chain-aware-drop,0.1,0.0,0.001,-1,1,1,0,0,502935,502935,5,5,3908,3908,0,3,3,8,8,0,0.0,0.0,0.0,3702,3702,0,0.0,1796,1796,0,0,0,0,0,0.0,0,0,0,0,0.0,0,0,0,0,0.0,0,0,0,0,0,0,0,0,0,0.0,0.0,0.0,0.0,0.0,0.0,0.0,0.0,0.0,0.0,0.0,0.0,0.0,0.0,0.0,0.0,0.0,0.0,2.6666666666666665,2.6666666666666665,0.0,0.0,0.0,0.0,0.0,0.0,0,0,0,0.0,3,3,0,0,0,0,0,0,0.0
SPD,0,0,0,0.0,ok,,bcsstk15,factor-l,/home/scan_SpTRSV/data/factors/spcg/bcsstk15/spcg_spilu_l_bcsstk15_fill10_drop0.0001_sp0.mtx,3948,long-chain-aware-drop,0.1,0.0,0.01,1,1,1,0,0,502935,502935,5,5,3908,3908,0,3,3,8,8,0,0.0,0.0,0.0,3702,3702,0,0.0,1796,1796,0,0,0,0,0,0.0,0,0,0,0,0.0,0,0,0,0,0.0,0,0,0,0,0,0,0,0,0,0.0,0.0,0.0,0.0,0.0,0.0,0.0,0.0,0.0,0.0,0.0,0.0,0.0,0.0,0.0,0.0,0.0,0.0,2.6666666666666665,2.6666666666666665,0.0,0.0,0.0,0.0,0.0,0.0,0,0,0,0.0,3,3,0,0,0,0,0,0,0.0
SPD,0,0,0,0.0,ok,,bcsstk15,factor-l,/home/scan_SpTRSV/data/factors/spcg/bcsstk15/spcg_spilu_l_bcsstk15_fill10_drop0.0001_sp0.mtx,3948,long-chain-aware-drop,0.1,0.0,0.01,-1,1,1,0,0,502935,502935,5,5,3908,3908,0,3,3,8,8,0,0.0,0.0,0.0,3702,3702,0,0.0,1796,1796,0,0,0,0,0,0.0,0,0,0,0,0.0,0,0,0,0,0.0,0,0,0,0,0,0,0,0,0,0.0,0.0,0.0,0.0,0.0,0.0,0.0,0.0,0.0,0.0,0.0,0.0,0.0,0.0,0.0,0.0,0.0,0.0,2.6666666666666665,2.6666666666666665,0.0,0.0,0.0,0.0,0.0,0.0,0,0,0,0.0,3,3,0,0,0,0,0,0,0.0
SPD,0,0,0,0.0,ok,,bcsstk16,factor-l,/home/scan_SpTRSV/data/factors/spcg/bcsstk16/spcg_spilu_l_bcsstk16_fill10_drop0.0001_sp0.mtx,4884,no-drop,0.0,0.0,,0,1,1,0,0,594010,594010,1,1,4808,4808,0,1,1,2,2,0,0.0,0.0,0.0,4808,4808,0,0.0,2396,2396,0,0,0,0,0,0.0,0,0,0,0,0.0,0,0,0,0,0.0,0,0,0,0,0,0,0,0,0,0.0,0.0,0.0,0.0,0.0,0.0,0.0,0.0,0.0,0.0,0.0,0.0,0.0,0.0,0.0,0.0,0.0,0.0,2.0,2.0,0.0,0.0,0.0,0.0,0.0,0.0,0,0,0,0.0,2,2,0,0,0,0,0,0,0.0
SPD,0,0,0,0.0,ok,,bcsstk16,factor-l,/home/scan_SpTRSV/data/factors/spcg/bcsstk16/spcg_spilu_l_bcsstk16_fill10_drop0.0001_sp0.mtx,4884,magnitude-drop,0.01,0.0052861062945068265,0.0001,1,1,1,3140,3140,594010,590870,1,1,4808,4808,0,1,1,2,2,0,0.0,0.0,0.0,4808,4808,0,0.0,2396,2396,0,0,0,0,0,0.0,0,0,0,0,0.0,0,0,0,0,0.0,0,0,0,0,0,0,0,0,0,0.0,0.0,0.0,0.0,0.0,0.0,0.0,0.0,0.0,0.0,0.0,0.0,0.0,0.0,0.0,0.0,0.0,0.0,2.0,2.0,0.0,0.0,0.0,0.0,0.0,0.0,0,0,0,0.0,2,2,0,0,0,0,0,0,0.0
SPD,0,0,0,0.0,ok,,bcsstk16,factor-l,/home/scan_SpTRSV/data/factors/spcg/bcsstk16/spcg_spilu_l_bcsstk16_fill10_drop0.0001_sp0.mtx,4884,magnitude-drop,0.01,0.00999983165266578,0.0001,-1,1,1,5940,2927,594010,588070,1,1,4808,4808,0,1,1,2,2,0,0.0,0.0,0.0,4808,4806,-2,-0.0004095004095004095,2396,2395,1,0,0,0,0,0.0,0,0,0,0,0.0,0,0,0,0,0.0,0,0,0,0,0,0,0,0,0,0.0,0.0,0.0,0.0,0.0,0.0,0.0,0.0,0.0,0.0,0.0,0.0,0.0,0.0,0.0,0.0,0.0,0.0,2.0,2.0,0.0,0.0,0.0,0.0,0.0,0.0,0,0,0,0.0,2,2,0,0,0,0,0,0,0.0
SPD,0,0,0,0.0,ok,,bcsstk16,factor-l,/home/scan_SpTRSV/data/factors/spcg/bcsstk16/spcg_spilu_l_bcsstk16_fill10_drop0.0001_sp0.mtx,4884,magnitude-drop,0.01,0.007915691655022643,0.001,1,1,1,4702,4702,594010,589308,1,1,4808,4808,0,1,1,2,2,0,0.0,0.0,0.0,4808,4804,-4,-0.000819000819000819,2396,2399,-3,0,0,0,0,0.0,0,0,0,0,0.0,0,0,0,0,0.0,0,0,0,0,0,0,0,0,0,0.0,0.0,0.0,0.0,0.0,0.0,0.0,0.0,0.0,0.0,0.0,0.0,0.0,0.0,0.0,0.0,0.0,0.0,2.0,2.0,0.0,0.0,0.0,0.0,0.0,0.0,0,0,0,0.0,2,2,0,0,0,0,0,0,0.0
SPD,0,0,0,0.0,ok,,bcsstk16,factor-l,/home/scan_SpTRSV/data/factors/spcg/bcsstk16/spcg_spilu_l_bcsstk16_fill10_drop0.0001_sp0.mtx,4884,magnitude-drop,0.01,0.00999983165266578,0.001,-1,1,1,5940,2927,594010,588070,1,1,4808,4808,0,1,1,2,2,0,0.0,0.0,0.0,4808,4806,-2,-0.0004095004095004095,2396,2395,1,0,0,0,0,0.0,0,0,0,0,0.0,0,0,0,0,0.0,0,0,0,0,0,0,0,0,0,0.0,0.0,0.0,0.0,0.0,0.0,0.0,0.0,0.0,0.0,0.0,0.0,0.0,0.0,0.0,0.0,0.0,0.0,2.0,2.0,0.0,0.0,0.0,0.0,0.0,0.0,0,0,0,0.0,2,2,0,0,0,0,0,0,0.0
SPD,0,0,0,0.0,ok,,bcsstk16,factor-l,/home/scan_SpTRSV/data/factors/spcg/bcsstk16/spcg_spilu_l_bcsstk16_fill10_drop0.0001_sp0.mtx,4884,magnitude-drop,0.01,0.00806552078247841,0.01,1,1,1,4791,4791,594010,589219,1,1,4808,4808,0,1,1,2,2,0,0.0,0.0,0.0,4808,4802,-6,-0.0012285012285012285,2396,2396,0,0,0,0,0,0.0,0,0,0,0,0.0,0,0,0,0,0.0,0,0,0,0,0,0,0,0,0,0.0,0.0,0.0,0.0,0.0,0.0,0.0,0.0,0.0,0.0,0.0,0.0,0.0,0.0,0.0,0.0,0.0,0.0,2.0,2.0,0.0,0.0,0.0,0.0,0.0,0.0,0,0,0,0.0,2,2,0,0,0,0,0,0,0.0
SPD,0,0,0,0.0,ok,,bcsstk16,factor-l,/home/scan_SpTRSV/data/factors/spcg/bcsstk16/spcg_spilu_l_bcsstk16_fill10_drop0.0001_sp0.mtx,4884,magnitude-drop,0.01,0.00999983165266578,0.01,-1,1,1,5940,2927,594010,588070,1,1,4808,4808,0,1,1,2,2,0,0.0,0.0,0.0,4808,4806,-2,-0.0004095004095004095,2396,2395,1,0,0,0,0,0.0,0,0,0,0,0.0,0,0,0,0,0.0,0,0,0,0,0,0,0,0,0,0.0,0.0,0.0,0.0,0.0,0.0,0.0,0.0,0.0,0.0,0.0,0.0,0.0,0.0,0.0,0.0,0.0,0.0,2.0,2.0,0.0,0.0,0.0,0.0,0.0,0.0,0,0,0,0.0,2,2,0,0,0,0,0,0,0.0
SPD,0,0,0,0.0,ok,,bcsstk16,factor-l,/home/scan_SpTRSV/data/factors/spcg/bcsstk16/spcg_spilu_l_bcsstk16_fill10_drop0.0001_sp0.mtx,4884,magnitude-drop,0.02,0.0052861062945068265,0.0001,1,1,1,3140,3140,594010,590870,1,1,4808,4808,0,1,1,2,2,0,0.0,0.0,0.0,4808,4808,0,0.0,2396,2396,0,0,0,0,0,0.0,0,0,0,0,0.0,0,0,0,0,0.0,0,0,0,0,0,0,0,0,0,0.0,0.0,0.0,0.0,0.0,0.0,0.0,0.0,0.0,0.0,0.0,0.0,0.0,0.0,0.0,0.0,0.0,0.0,2.0,2.0,0.0,0.0,0.0,0.0,0.0,0.0,0,0,0,0.0,2,2,0,0,0,0,0,0,0.0
SPD,0,0,0,0.0,ok,,bcsstk16,factor-l,/home/scan_SpTRSV/data/factors/spcg/bcsstk16/spcg_spilu_l_bcsstk16_fill10_drop0.0001_sp0.mtx,4884,magnitude-drop,0.02,0.011924041682799954,0.0001,-1,1,1,7083,3140,594010,586927,1,1,4808,4808,0,1,1,2,2,0,0.0,0.0,0.0,4808,4806,-2,-0.0004095004095004095,2396,2395,1,0,0,0,0,0.0,0,0,0,0,0.0,0,0,0,0,0.0,0,0,0,0,0,0,0,0,0,0.0,0.0,0.0,0.0,0.0,0.0,0.0,0.0,0.0,0.0,0.0,0.0,0.0,0.0,0.0,0.0,0.0,0.0,2.0,2.0,0.0,0.0,0.0,0.0,0.0,0.0,0,0,0,0.0,2,2,0,0,0,0,0,0,0.0
SPD,0,0,0,0.0,ok,,bcsstk16,factor-l,/home/scan_SpTRSV/data/factors/spcg/bcsstk16/spcg_spilu_l_bcsstk16_fill10_drop0.0001_sp0.mtx,4884,magnitude-drop,0.02,0.007915691655022643,0.001,1,1,1,4702,4702,594010,589308,1,1,4808,4808,0,1,1,2,2,0,0.0,0.0,0.0,4808,4804,-4,-0.000819000819000819,2396,2399,-3,0,0,0,0,0.0,0,0,0,0,0.0,0,0,0,0,0.0,0,0,0,0,0,0,0,0,0,0.0,0.0,0.0,0.0,0.0,0.0,0.0,0.0,0.0,0.0,0.0,0.0,0.0,0.0,0.0,0.0,0.0,0.0,2.0,2.0,0.0,0.0,0.0,0.0,0.0,0.0,0,0,0,0.0,2,2,0,0,0,0,0,0,0.0
SPD,0,0,0,0.0,ok,,bcsstk16,factor-l,/home/scan_SpTRSV/data/factors/spcg/bcsstk16/spcg_spilu_l_bcsstk16_fill10_drop0.0001_sp0.mtx,4884,magnitude-drop,0.02,0.01999966330533156,0.001,-1,1,1,11880,3752,594010,582130,1,1,4808,4808,0,1,1,2,2,0,0.0,0.0,0.0,4808,4804,-4,-0.000819000819000819,2396,2393,3,0,0,0,0,0.0,0,0,0,0,0.0,0,0,0,0,0.0,0,0,0,0,0,0,0,0,0,0.0,0.0,0.0,0.0,0.0,0.0,0.0,0.0,0.0,0.0,0.0,0.0,0.0,0.0,0.0,0.0,0.0,0.0,2.0,2.0,0.0,0.0,0.0,0.0,0.0,0.0,0,0,0,0.0,2,2,0,0,0,0,0,0,0.0
SPD,0,0,0,0.0,ok,,bcsstk16,factor-l,/home/scan_SpTRSV/data/factors/spcg/bcsstk16/spcg_spilu_l_bcsstk16_fill10_drop0.0001_sp0.mtx,4884,magnitude-drop,0.02,0.00806552078247841,0.01,1,1,1,4791,4791,594010,589219,1,1,4808,4808,0,1,1,2,2,0,0.0,0.0,0.0,4808,4802,-6,-0.0012285012285012285,2396,2396,0,0,0,0,0,0.0,0,0,0,0,0.0,0,0,0,0,0.0,0,0,0,0,0,0,0,0,0,0.0,0.0,0.0,0.0,0.0,0.0,0.0,0.0,0.0,0.0,0.0,0.0,0.0,0.0,0.0,0.0,0.0,0.0,2.0,2.0,0.0,0.0,0.0,0.0,0.0,0.0,0,0,0,0.0,2,2,0,0,0,0,0,0,0.0
SPD,0,0,0,0.0,ok,,bcsstk16,factor-l,/home/scan_SpTRSV/data/factors/spcg/bcsstk16/spcg_spilu_l_bcsstk16_fill10_drop0.0001_sp0.mtx,4884,magnitude-drop,0.02,0.01999966330533156,0.01,-1,1,1,11880,3752,594010,582130,1,1,4808,4808,0,1,1,2,2,0,0.0,0.0,0.0,4808,4804,-4,-0.000819000819000819,2396,2393,3,0,0,0,0,0.0,0,0,0,0,0.0,0,0,0,0,0.0,0,0,0,0,0,0,0,0,0,0.0,0.0,0.0,0.0,0.0,0.0,0.0,0.0,0.0,0.0,0.0,0.0,0.0,0.0,0.0,0.0,0.0,0.0,2.0,2.0,0.0,0.0,0.0,0.0,0.0,0.0,0,0,0,0.0,2,2,0,0,0,0,0,0,0.0
SPD,0,0,0,0.0,ok,,bcsstk16,factor-l,/home/scan_SpTRSV/data/factors/spcg/bcsstk16/spcg_spilu_l_bcsstk16_fill10_drop0.0001_sp0.mtx,4884,magnitude-drop,0.05,0.0052861062945068265,0.0001,1,1,1,3140,3140,594010,590870,1,1,4808,4808,0,1,1,2,2,0,0.0,0.0,0.0,4808,4808,0,0.0,2396,2396,0,0,0,0,0,0.0,0,0,0,0,0.0,0,0,0,0,0.0,0,0,0,0,0,0,0,0,0,0.0,0.0,0.0,0.0,0.0,0.0,0.0,0.0,0.0,0.0,0.0,0.0,0.0,0.0,0.0,0.0,0.0,0.0,2.0,2.0,0.0,0.0,0.0,0.0,0.0,0.0,0,0,0,0.0,2,2,0,0,0,0,0,0,0.0
SPD,0,0,0,0.0,ok,,bcsstk16,factor-l,/home/scan_SpTRSV/data/factors/spcg/bcsstk16/spcg_spilu_l_bcsstk16_fill10_drop0.0001_sp0.mtx,4884,magnitude-drop,0.05,0.011924041682799954,0.0001,-1,1,1,7083,3140,594010,586927,1,1,4808,4808,0,1,1,2,2,0,0.0,0.0,0.0,4808,4806,-2,-0.0004095004095004095,2396,2395,1,0,0,0,0,0.0,0,0,0,0,0.0,0,0,0,0,0.0,0,0,0,0,0,0,0,0,0,0.0,0.0,0.0,0.0,0.0,0.0,0.0,0.0,0.0,0.0,0.0,0.0,0.0,0.0,0.0,0.0,0.0,0.0,2.0,2.0,0.0,0.0,0.0,0.0,0.0,0.0,0,0,0,0.0,2,2,0,0,0,0,0,0,0.0
SPD,0,0,0,0.0,ok,,bcsstk16,factor-l,/home/scan_SpTRSV/data/factors/spcg/bcsstk16/spcg_spilu_l_bcsstk16_fill10_drop0.0001_sp0.mtx,4884,magnitude-drop,0.05,0.007915691655022643,0.001,1,1,1,4702,4702,594010,589308,1,1,4808,4808,0,1,1,2,2,0,0.0,0.0,0.0,4808,4804,-4,-0.000819000819000819,2396,2399,-3,0,0,0,0,0.0,0,0,0,0,0.0,0,0,0,0,0.0,0,0,0,0,0,0,0,0,0,0.0,0.0,0.0,0.0,0.0,0.0,0.0,0.0,0.0,0.0,0.0,0.0,0.0,0.0,0.0,0.0,0.0,0.0,2.0,2.0,0.0,0.0,0.0,0.0,0.0,0.0,0,0,0,0.0,2,2,0,0,0,0,0,0,0.0
SPD,0,0,0,0.0,ok,,bcsstk16,factor-l,/home/scan_SpTRSV/data/factors/spcg/bcsstk16/spcg_spilu_l_bcsstk16_fill10_drop0.0001_sp0.mtx,4884,magnitude-drop,0.05,0.0499991582633289,0.001,-1,1,1,29700,4434,594010,564310,1,1,4808,4808,0,1,1,2,2,0,0.0,0.0,0.0,4808,4784,-24,-0.004914004914004914,2396,2380,16,0,0,0,0,0.0,0,0,0,0,0.0,0,0,0,0,0.0,0,0,0,0,0,0,0,0,0,0.0,0.0,0.0,0.0,0.0,0.0,0.0,0.0,0.0,0.0,0.0,0.0,0.0,0.0,0.0,0.0,0.0,0.0,2.0,2.0,0.0,0.0,0.0,0.0,0.0,0.0,0,0,0,0.0,2,2,0,0,0,0,0,0,0.0
SPD,0,0,0,0.0,ok,,bcsstk16,factor-l,/home/scan_SpTRSV/data/factors/spcg/bcsstk16/spcg_spilu_l_bcsstk16_fill10_drop0.0001_sp0.mtx,4884,magnitude-drop,0.05,0.00806552078247841,0.01,1,1,1,4791,4791,594010,589219,1,1,4808,4808,0,1,1,2,2,0,0.0,0.0,0.0,4808,4802,-6,-0.0012285012285012285,2396,2396,0,0,0,0,0,0.0,0,0,0,0,0.0,0,0,0,0,0.0,0,0,0,0,0,0,0,0,0,0.0,0.0,0.0,0.0,0.0,0.0,0.0,0.0,0.0,0.0,0.0,0.0,0.0,0.0,0.0,0.0,0.0,0.0,2.0,2.0,0.0,0.0,0.0,0.0,0.0,0.0,0,0,0,0.0,2,2,0,0,0,0,0,0,0.0
SPD,0,0,0,0.0,ok,,bcsstk16,factor-l,/home/scan_SpTRSV/data/factors/spcg/bcsstk16/spcg_spilu_l_bcsstk16_fill10_drop0.0001_sp0.mtx,4884,magnitude-drop,0.05,0.0499991582633289,0.01,-1,1,1,29700,4434,594010,564310,1,1,4808,4808,0,1,1,2,2,0,0.0,0.0,0.0,4808,4784,-24,-0.004914004914004914,2396,2380,16,0,0,0,0,0.0,0,0,0,0,0.0,0,0,0,0,0.0,0,0,0,0,0,0,0,0,0,0.0,0.0,0.0,0.0,0.0,0.0,0.0,0.0,0.0,0.0,0.0,0.0,0.0,0.0,0.0,0.0,0.0,0.0,2.0,2.0,0.0,0.0,0.0,0.0,0.0,0.0,0,0,0,0.0,2,2,0,0,0,0,0,0,0.0
SPD,0,0,0,0.0,ok,,bcsstk16,factor-l,/home/scan_SpTRSV/data/factors/spcg/bcsstk16/spcg_spilu_l_bcsstk16_fill10_drop0.0001_sp0.mtx,4884,magnitude-drop,0.1,0.0052861062945068265,0.0001,1,1,1,3140,3140,594010,590870,1,1,4808,4808,0,1,1,2,2,0,0.0,0.0,0.0,4808,4808,0,0.0,2396,2396,0,0,0,0,0,0.0,0,0,0,0,0.0,0,0,0,0,0.0,0,0,0,0,0,0,0,0,0,0.0,0.0,0.0,0.0,0.0,0.0,0.0,0.0,0.0,0.0,0.0,0.0,0.0,0.0,0.0,0.0,0.0,0.0,2.0,2.0,0.0,0.0,0.0,0.0,0.0,0.0,0,0,0,0.0,2,2,0,0,0,0,0,0,0.0
SPD,0,0,0,0.0,ok,,bcsstk16,factor-l,/home/scan_SpTRSV/data/factors/spcg/bcsstk16/spcg_spilu_l_bcsstk16_fill10_drop0.0001_sp0.mtx,4884,magnitude-drop,0.1,0.011924041682799954,0.0001,-1,1,1,7083,3140,594010,586927,1,1,4808,4808,0,1,1,2,2,0,0.0,0.0,0.0,4808,4806,-2,-0.0004095004095004095,2396,2395,1,0,0,0,0,0.0,0,0,0,0,0.0,0,0,0,0,0.0,0,0,0,0,0,0,0,0,0,0.0,0.0,0.0,0.0,0.0,0.0,0.0,0.0,0.0,0.0,0.0,0.0,0.0,0.0,0.0,0.0,0.0,0.0,2.0,2.0,0.0,0.0,0.0,0.0,0.0,0.0,0,0,0,0.0,2,2,0,0,0,0,0,0,0.0
SPD,0,0,0,0.0,ok,,bcsstk16,factor-l,/home/scan_SpTRSV/data/factors/spcg/bcsstk16/spcg_spilu_l_bcsstk16_fill10_drop0.0001_sp0.mtx,4884,magnitude-drop,0.1,0.007915691655022643,0.001,1,1,1,4702,4702,594010,589308,1,1,4808,4808,0,1,1,2,2,0,0.0,0.0,0.0,4808,4804,-4,-0.000819000819000819,2396,2399,-3,0,0,0,0,0.0,0,0,0,0,0.0,0,0,0,0,0.0,0,0,0,0,0,0,0,0,0,0.0,0.0,0.0,0.0,0.0,0.0,0.0,0.0,0.0,0.0,0.0,0.0,0.0,0.0,0.0,0.0,0.0,0.0,2.0,2.0,0.0,0.0,0.0,0.0,0.0,0.0,0,0,0,0.0,2,2,0,0,0,0,0,0,0.0
SPD,0,0,0,0.0,ok,,bcsstk16,factor-l,/home/scan_SpTRSV/data/factors/spcg/bcsstk16/spcg_spilu_l_bcsstk16_fill10_drop0.0001_sp0.mtx,4884,magnitude-drop,0.1,0.1,0.001,-1,1,1,59401,4661,594010,534609,1,1,4808,4808,0,1,1,2,2,0,0.0,0.0,0.0,4808,4745,-63,-0.012899262899262898,2396,2360,36,0,0,0,0,0.0,0,0,0,0,0.0,0,0,0,0,0.0,0,0,0,0,0,0,0,0,0,0.0,0.0,0.0,0.0,0.0,0.0,0.0,0.0,0.0,0.0,0.0,0.0,0.0,0.0,0.0,0.0,0.0,0.0,2.0,2.0,0.0,0.0,0.0,0.0,0.0,0.0,0,0,0,0.0,2,2,0,0,0,0,0,0,0.0
SPD,0,0,0,0.0,ok,,bcsstk16,factor-l,/home/scan_SpTRSV/data/factors/spcg/bcsstk16/spcg_spilu_l_bcsstk16_fill10_drop0.0001_sp0.mtx,4884,magnitude-drop,0.1,0.00806552078247841,0.01,1,1,1,4791,4791,594010,589219,1,1,4808,4808,0,1,1,2,2,0,0.0,0.0,0.0,4808,4802,-6,-0.0012285012285012285,2396,2396,0,0,0,0,0,0.0,0,0,0,0,0.0,0,0,0,0,0.0,0,0,0,0,0,0,0,0,0,0.0,0.0,0.0,0.0,0.0,0.0,0.0,0.0,0.0,0.0,0.0,0.0,0.0,0.0,0.0,0.0,0.0,0.0,2.0,2.0,0.0,0.0,0.0,0.0,0.0,0.0,0,0,0,0.0,2,2,0,0,0,0,0,0,0.0
SPD,0,0,0,0.0,ok,,bcsstk16,factor-l,/home/scan_SpTRSV/data/factors/spcg/bcsstk16/spcg_spilu_l_bcsstk16_fill10_drop0.0001_sp0.mtx,4884,magnitude-drop,0.1,0.1,0.01,-1,1,1,59401,4661,594010,534609,1,1,4808,4808,0,1,1,2,2,0,0.0,0.0,0.0,4808,4745,-63,-0.012899262899262898,2396,2360,36,0,0,0,0,0.0,0,0,0,0,0.0,0,0,0,0,0.0,0,0,0,0,0,0,0,0,0,0.0,0.0,0.0,0.0,0.0,0.0,0.0,0.0,0.0,0.0,0.0,0.0,0.0,0.0,0.0,0.0,0.0,0.0,2.0,2.0,0.0,0.0,0.0,0.0,0.0,0.0,0,0,0,0.0,2,2,0,0,0,0,0,0,0.0
SPD,0,0,0,0.0,ok,,bcsstk16,factor-l,/home/scan_SpTRSV/data/factors/spcg/bcsstk16/spcg_spilu_l_bcsstk16_fill10_drop0.0001_sp0.mtx,4884,wavefront-oriented,0.01,0.0052861062945068265,0.0001,1,1,1,3140,3140,594010,590870,1,1,4808,4808,0,1,1,2,2,0,0.0,0.0,0.0,4808,4806,-2,-0.0004095004095004095,2396,2395,1,0,0,0,0,0.0,0,0,0,0,0.0,0,0,0,0,0.0,0,0,0,0,0,0,0,0,0,0.0,0.0,0.0,0.0,0.0,0.0,0.0,0.0,0.0,0.0,0.0,0.0,0.0,0.0,0.0,0.0,0.0,0.0,2.0,2.0,0.0,0.0,0.0,0.0,0.0,0.0,0,0,0,0.0,2,2,0,0,0,0,0,0,0.0
SPD,0,0,0,0.0,ok,,bcsstk16,factor-l,/home/scan_SpTRSV/data/factors/spcg/bcsstk16/spcg_spilu_l_bcsstk16_fill10_drop0.0001_sp0.mtx,4884,wavefront-oriented,0.01,0.00999983165266578,0.0001,-1,1,1,5940,2594,594010,588070,1,1,4808,4808,0,1,1,2,2,0,0.0,0.0,0.0,4808,4806,-2,-0.0004095004095004095,2396,2395,1,0,0,0,0,0.0,0,0,0,0,0.0,0,0,0,0,0.0,0,0,0,0,0,0,0,0,0,0.0,0.0,0.0,0.0,0.0,0.0,0.0,0.0,0.0,0.0,0.0,0.0,0.0,0.0,0.0,0.0,0.0,0.0,2.0,2.0,0.0,0.0,0.0,0.0,0.0,0.0,0,0,0,0.0,2,2,0,0,0,0,0,0,0.0
SPD,0,0,0,0.0,ok,,bcsstk16,factor-l,/home/scan_SpTRSV/data/factors/spcg/bcsstk16/spcg_spilu_l_bcsstk16_fill10_drop0.0001_sp0.mtx,4884,wavefront-oriented,0.01,0.007915691655022643,0.001,1,1,1,4702,4702,594010,589308,1,1,4808,4808,0,1,1,2,2,0,0.0,0.0,0.0,4808,4727,-81,-0.016584766584766583,2396,2356,40,0,0,0,0,0.0,0,0,0,0,0.0,0,0,0,0,0.0,0,0,0,0,0,0,0,0,0,0.0,0.0,0.0,0.0,0.0,0.0,0.0,0.0,0.0,0.0,0.0,0.0,0.0,0.0,0.0,0.0,0.0,0.0,2.0,2.0,0.0,0.0,0.0,0.0,0.0,0.0,0,0,0,0.0,2,2,0,0,0,0,0,0,0.0
SPD,0,0,0,0.0,ok,,bcsstk16,factor-l,/home/scan_SpTRSV/data/factors/spcg/bcsstk16/spcg_spilu_l_bcsstk16_fill10_drop0.0001_sp0.mtx,4884,wavefront-oriented,0.01,0.00999983165266578,0.001,-1,1,1,5940,426,594010,588070,1,1,4808,4808,0,1,1,2,2,0,0.0,0.0,0.0,4808,4759,-49,-0.010032760032760032,2396,2369,27,0,0,0,0,0.0,0,0,0,0,0.0,0,0,0,0,0.0,0,0,0,0,0,0,0,0,0,0.0,0.0,0.0,0.0,0.0,0.0,0.0,0.0,0.0,0.0,0.0,0.0,0.0,0.0,0.0,0.0,0.0,0.0,2.0,2.0,0.0,0.0,0.0,0.0,0.0,0.0,0,0,0,0.0,2,2,0,0,0,0,0,0,0.0
SPD,0,0,0,0.0,ok,,bcsstk16,factor-l,/home/scan_SpTRSV/data/factors/spcg/bcsstk16/spcg_spilu_l_bcsstk16_fill10_drop0.0001_sp0.mtx,4884,wavefront-oriented,0.01,0.00806552078247841,0.01,1,1,1,4791,4791,594010,589219,1,1,4808,4808,0,1,1,2,2,0,0.0,0.0,0.0,4808,3960,-848,-0.17362817362817362,2396,1854,542,0,0,0,0,0.0,0,0,0,0,0.0,0,0,0,0,0.0,0,0,0,0,0,0,0,0,0,0.0,0.0,0.0,0.0,0.0,0.0,0.0,0.0,0.0,0.0,0.0,0.0,0.0,0.0,0.0,0.0,0.0,0.0,2.0,2.0,0.0,0.0,0.0,0.0,0.0,0.0,0,0,0,0.0,2,2,0,0,0,0,0,0,0.0
SPD,0,0,0,0.0,ok,,bcsstk16,factor-l,/home/scan_SpTRSV/data/factors/spcg/bcsstk16/spcg_spilu_l_bcsstk16_fill10_drop0.0001_sp0.mtx,4884,wavefront-oriented,0.01,0.00999983165266578,0.01,-1,1,1,5940,274,594010,588070,1,1,4808,4808,0,1,1,2,2,0,0.0,0.0,0.0,4808,4488,-320,-0.06552006552006552,2396,2189,207,0,0,0,0,0.0,0,0,0,0,0.0,0,0,0,0,0.0,0,0,0,0,0,0,0,0,0,0.0,0.0,0.0,0.0,0.0,0.0,0.0,0.0,0.0,0.0,0.0,0.0,0.0,0.0,0.0,0.0,0.0,0.0,2.0,2.0,0.0,0.0,0.0,0.0,0.0,0.0,0,0,0,0.0,2,2,0,0,0,0,0,0,0.0
SPD,0,0,0,0.0,ok,,bcsstk16,factor-l,/home/scan_SpTRSV/data/factors/spcg/bcsstk16/spcg_spilu_l_bcsstk16_fill10_drop0.0001_sp0.mtx,4884,wavefront-oriented,0.02,0.0052861062945068265,0.0001,1,1,1,3140,3140,594010,590870,1,1,4808,4808,0,1,1,2,2,0,0.0,0.0,0.0,4808,4806,-2,-0.0004095004095004095,2396,2395,1,0,0,0,0,0.0,0,0,0,0,0.0,0,0,0,0,0.0,0,0,0,0,0,0,0,0,0,0.0,0.0,0.0,0.0,0.0,0.0,0.0,0.0,0.0,0.0,0.0,0.0,0.0,0.0,0.0,0.0,0.0,0.0,2.0,2.0,0.0,0.0,0.0,0.0,0.0,0.0,0,0,0,0.0,2,2,0,0,0,0,0,0,0.0
SPD,0,0,0,0.0,ok,,bcsstk16,factor-l,/home/scan_SpTRSV/data/factors/spcg/bcsstk16/spcg_spilu_l_bcsstk16_fill10_drop0.0001_sp0.mtx,4884,wavefront-oriented,0.02,0.011924041682799954,0.0001,-1,1,1,7083,3140,594010,586927,1,1,4808,4808,0,1,1,2,2,0,0.0,0.0,0.0,4808,4806,-2,-0.0004095004095004095,2396,2395,1,0,0,0,0,0.0,0,0,0,0,0.0,0,0,0,0,0.0,0,0,0,0,0,0,0,0,0,0.0,0.0,0.0,0.0,0.0,0.0,0.0,0.0,0.0,0.0,0.0,0.0,0.0,0.0,0.0,0.0,0.0,0.0,2.0,2.0,0.0,0.0,0.0,0.0,0.0,0.0,0,0,0,0.0,2,2,0,0,0,0,0,0,0.0
SPD,0,0,0,0.0,ok,,bcsstk16,factor-l,/home/scan_SpTRSV/data/factors/spcg/bcsstk16/spcg_spilu_l_bcsstk16_fill10_drop0.0001_sp0.mtx,4884,wavefront-oriented,0.02,0.007915691655022643,0.001,1,1,1,4702,4702,594010,589308,1,1,4808,4808,0,1,1,2,2,0,0.0,0.0,0.0,4808,4727,-81,-0.016584766584766583,2396,2356,40,0,0,0,0,0.0,0,0,0,0,0.0,0,0,0,0,0.0,0,0,0,0,0,0,0,0,0,0.0,0.0,0.0,0.0,0.0,0.0,0.0,0.0,0.0,0.0,0.0,0.0,0.0,0.0,0.0,0.0,0.0,0.0,2.0,2.0,0.0,0.0,0.0,0.0,0.0,0.0,0,0,0,0.0,2,2,0,0,0,0,0,0,0.0
SPD,0,0,0,0.0,ok,,bcsstk16,factor-l,/home/scan_SpTRSV/data/factors/spcg/bcsstk16/spcg_spilu_l_bcsstk16_fill10_drop0.0001_sp0.mtx,4884,wavefront-oriented,0.02,0.01999966330533156,0.001,-1,1,1,11880,782,594010,582130,1,1,4808,4808,0,1,1,2,2,0,0.0,0.0,0.0,4808,4753,-55,-0.01126126126126126,2396,2366,30,0,0,0,0,0.0,0,0,0,0,0.0,0,0,0,0,0.0,0,0,0,0,0,0,0,0,0,0.0,0.0,0.0,0.0,0.0,0.0,0.0,0.0,0.0,0.0,0.0,0.0,0.0,0.0,0.0,0.0,0.0,0.0,2.0,2.0,0.0,0.0,0.0,0.0,0.0,0.0,0,0,0,0.0,2,2,0,0,0,0,0,0,0.0
SPD,0,0,0,0.0,ok,,bcsstk16,factor-l,/home/scan_SpTRSV/data/factors/spcg/bcsstk16/spcg_spilu_l_bcsstk16_fill10_drop0.0001_sp0.mtx,4884,wavefront-oriented,0.02,0.00806552078247841,0.01,1,1,1,4791,4791,594010,589219,1,1,4808,4808,0,1,1,2,2,0,0.0,0.0,0.0,4808,3960,-848,-0.17362817362817362,2396,1854,542,0,0,0,0,0.0,0,0,0,0,0.0,0,0,0,0,0.0,0,0,0,0,0,0,0,0,0,0.0,0.0,0.0,0.0,0.0,0.0,0.0,0.0,0.0,0.0,0.0,0.0,0.0,0.0,0.0,0.0,0.0,0.0,2.0,2.0,0.0,0.0,0.0,0.0,0.0,0.0,0,0,0,0.0,2,2,0,0,0,0,0,0,0.0
SPD,0,0,0,0.0,ok,,bcsstk16,factor-l,/home/scan_SpTRSV/data/factors/spcg/bcsstk16/spcg_spilu_l_bcsstk16_fill10_drop0.0001_sp0.mtx,4884,wavefront-oriented,0.02,0.01999966330533156,0.01,-1,1,1,11880,372,594010,582130,1,1,4808,4808,0,1,1,2,2,0,0.0,0.0,0.0,4808,4473,-335,-0.06859131859131859,2396,2175,221,0,0,0,0,0.0,0,0,0,0,0.0,0,0,0,0,0.0,0,0,0,0,0,0,0,0,0,0.0,0.0,0.0,0.0,0.0,0.0,0.0,0.0,0.0,0.0,0.0,0.0,0.0,0.0,0.0,0.0,0.0,0.0,2.0,2.0,0.0,0.0,0.0,0.0,0.0,0.0,0,0,0,0.0,2,2,0,0,0,0,0,0,0.0
SPD,0,0,0,0.0,ok,,bcsstk16,factor-l,/home/scan_SpTRSV/data/factors/spcg/bcsstk16/spcg_spilu_l_bcsstk16_fill10_drop0.0001_sp0.mtx,4884,wavefront-oriented,0.05,0.0052861062945068265,0.0001,1,1,1,3140,3140,594010,590870,1,1,4808,4808,0,1,1,2,2,0,0.0,0.0,0.0,4808,4806,-2,-0.0004095004095004095,2396,2395,1,0,0,0,0,0.0,0,0,0,0,0.0,0,0,0,0,0.0,0,0,0,0,0,0,0,0,0,0.0,0.0,0.0,0.0,0.0,0.0,0.0,0.0,0.0,0.0,0.0,0.0,0.0,0.0,0.0,0.0,0.0,0.0,2.0,2.0,0.0,0.0,0.0,0.0,0.0,0.0,0,0,0,0.0,2,2,0,0,0,0,0,0,0.0
SPD,0,0,0,0.0,ok,,bcsstk16,factor-l,/home/scan_SpTRSV/data/factors/spcg/bcsstk16/spcg_spilu_l_bcsstk16_fill10_drop0.0001_sp0.mtx,4884,wavefront-oriented,0.05,0.011924041682799954,0.0001,-1,1,1,7083,3140,594010,586927,1,1,4808,4808,0,1,1,2,2,0,0.0,0.0,0.0,4808,4806,-2,-0.0004095004095004095,2396,2395,1,0,0,0,0,0.0,0,0,0,0,0.0,0,0,0,0,0.0,0,0,0,0,0,0,0,0,0,0.0,0.0,0.0,0.0,0.0,0.0,0.0,0.0,0.0,0.0,0.0,0.0,0.0,0.0,0.0,0.0,0.0,0.0,2.0,2.0,0.0,0.0,0.0,0.0,0.0,0.0,0,0,0,0.0,2,2,0,0,0,0,0,0,0.0
SPD,0,0,0,0.0,ok,,bcsstk16,factor-l,/home/scan_SpTRSV/data/factors/spcg/bcsstk16/spcg_spilu_l_bcsstk16_fill10_drop0.0001_sp0.mtx,4884,wavefront-oriented,0.05,0.007915691655022643,0.001,1,1,1,4702,4702,594010,589308,1,1,4808,4808,0,1,1,2,2,0,0.0,0.0,0.0,4808,4727,-81,-0.016584766584766583,2396,2356,40,0,0,0,0,0.0,0,0,0,0,0.0,0,0,0,0,0.0,0,0,0,0,0,0,0,0,0,0.0,0.0,0.0,0.0,0.0,0.0,0.0,0.0,0.0,0.0,0.0,0.0,0.0,0.0,0.0,0.0,0.0,0.0,2.0,2.0,0.0,0.0,0.0,0.0,0.0,0.0,0,0,0,0.0,2,2,0,0,0,0,0,0,0.0
SPD,0,0,0,0.0,ok,,bcsstk16,factor-l,/home/scan_SpTRSV/data/factors/spcg/bcsstk16/spcg_spilu_l_bcsstk16_fill10_drop0.0001_sp0.mtx,4884,wavefront-oriented,0.05,0.0499991582633289,0.001,-1,1,1,29700,1817,594010,564310,1,1,4808,4808,0,1,1,2,2,0,0.0,0.0,0.0,4808,4753,-55,-0.01126126126126126,2396,2366,30,0,0,0,0,0.0,0,0,0,0,0.0,0,0,0,0,0.0,0,0,0,0,0,0,0,0,0,0.0,0.0,0.0,0.0,0.0,0.0,0.0,0.0,0.0,0.0,0.0,0.0,0.0,0.0,0.0,0.0,0.0,0.0,2.0,2.0,0.0,0.0,0.0,0.0,0.0,0.0,0,0,0,0.0,2,2,0,0,0,0,0,0,0.0
SPD,0,0,0,0.0,ok,,bcsstk16,factor-l,/home/scan_SpTRSV/data/factors/spcg/bcsstk16/spcg_spilu_l_bcsstk16_fill10_drop0.0001_sp0.mtx,4884,wavefront-oriented,0.05,0.00806552078247841,0.01,1,1,1,4791,4791,594010,589219,1,1,4808,4808,0,1,1,2,2,0,0.0,0.0,0.0,4808,3960,-848,-0.17362817362817362,2396,1854,542,0,0,0,0,0.0,0,0,0,0,0.0,0,0,0,0,0.0,0,0,0,0,0,0,0,0,0,0.0,0.0,0.0,0.0,0.0,0.0,0.0,0.0,0.0,0.0,0.0,0.0,0.0,0.0,0.0,0.0,0.0,0.0,2.0,2.0,0.0,0.0,0.0,0.0,0.0,0.0,0,0,0,0.0,2,2,0,0,0,0,0,0,0.0
SPD,0,0,0,0.0,ok,,bcsstk16,factor-l,/home/scan_SpTRSV/data/factors/spcg/bcsstk16/spcg_spilu_l_bcsstk16_fill10_drop0.0001_sp0.mtx,4884,wavefront-oriented,0.05,0.0499991582633289,0.01,-1,1,1,29700,648,594010,564310,1,1,4808,4808,0,1,1,2,2,0,0.0,0.0,0.0,4808,4440,-368,-0.07534807534807535,2396,2143,253,0,0,0,0,0.0,0,0,0,0,0.0,0,0,0,0,0.0,0,0,0,0,0,0,0,0,0,0.0,0.0,0.0,0.0,0.0,0.0,0.0,0.0,0.0,0.0,0.0,0.0,0.0,0.0,0.0,0.0,0.0,0.0,2.0,2.0,0.0,0.0,0.0,0.0,0.0,0.0,0,0,0,0.0,2,2,0,0,0,0,0,0,0.0
SPD,0,0,0,0.0,ok,,bcsstk16,factor-l,/home/scan_SpTRSV/data/factors/spcg/bcsstk16/spcg_spilu_l_bcsstk16_fill10_drop0.0001_sp0.mtx,4884,wavefront-oriented,0.1,0.0052861062945068265,0.0001,1,1,1,3140,3140,594010,590870,1,1,4808,4808,0,1,1,2,2,0,0.0,0.0,0.0,4808,4806,-2,-0.0004095004095004095,2396,2395,1,0,0,0,0,0.0,0,0,0,0,0.0,0,0,0,0,0.0,0,0,0,0,0,0,0,0,0,0.0,0.0,0.0,0.0,0.0,0.0,0.0,0.0,0.0,0.0,0.0,0.0,0.0,0.0,0.0,0.0,0.0,0.0,2.0,2.0,0.0,0.0,0.0,0.0,0.0,0.0,0,0,0,0.0,2,2,0,0,0,0,0,0,0.0
SPD,0,0,0,0.0,ok,,bcsstk16,factor-l,/home/scan_SpTRSV/data/factors/spcg/bcsstk16/spcg_spilu_l_bcsstk16_fill10_drop0.0001_sp0.mtx,4884,wavefront-oriented,0.1,0.011924041682799954,0.0001,-1,1,1,7083,3140,594010,586927,1,1,4808,4808,0,1,1,2,2,0,0.0,0.0,0.0,4808,4806,-2,-0.0004095004095004095,2396,2395,1,0,0,0,0,0.0,0,0,0,0,0.0,0,0,0,0,0.0,0,0,0,0,0,0,0,0,0,0.0,0.0,0.0,0.0,0.0,0.0,0.0,0.0,0.0,0.0,0.0,0.0,0.0,0.0,0.0,0.0,0.0,0.0,2.0,2.0,0.0,0.0,0.0,0.0,0.0,0.0,0,0,0,0.0,2,2,0,0,0,0,0,0,0.0
SPD,0,0,0,0.0,ok,,bcsstk16,factor-l,/home/scan_SpTRSV/data/factors/spcg/bcsstk16/spcg_spilu_l_bcsstk16_fill10_drop0.0001_sp0.mtx,4884,wavefront-oriented,0.1,0.007915691655022643,0.001,1,1,1,4702,4702,594010,589308,1,1,4808,4808,0,1,1,2,2,0,0.0,0.0,0.0,4808,4727,-81,-0.016584766584766583,2396,2356,40,0,0,0,0,0.0,0,0,0,0,0.0,0,0,0,0,0.0,0,0,0,0,0,0,0,0,0,0.0,0.0,0.0,0.0,0.0,0.0,0.0,0.0,0.0,0.0,0.0,0.0,0.0,0.0,0.0,0.0,0.0,0.0,2.0,2.0,0.0,0.0,0.0,0.0,0.0,0.0,0,0,0,0.0,2,2,0,0,0,0,0,0,0.0
SPD,0,0,0,0.0,ok,,bcsstk16,factor-l,/home/scan_SpTRSV/data/factors/spcg/bcsstk16/spcg_spilu_l_bcsstk16_fill10_drop0.0001_sp0.mtx,4884,wavefront-oriented,0.1,0.1,0.001,-1,1,1,59401,3777,594010,534609,1,1,4808,4808,0,1,1,2,2,0,0.0,0.0,0.0,4808,4723,-85,-0.017403767403767405,2396,2351,45,0,0,0,0,0.0,0,0,0,0,0.0,0,0,0,0,0.0,0,0,0,0,0,0,0,0,0,0.0,0.0,0.0,0.0,0.0,0.0,0.0,0.0,0.0,0.0,0.0,0.0,0.0,0.0,0.0,0.0,0.0,0.0,2.0,2.0,0.0,0.0,0.0,0.0,0.0,0.0,0,0,0,0.0,2,2,0,0,0,0,0,0,0.0
SPD,0,0,0,0.0,ok,,bcsstk16,factor-l,/home/scan_SpTRSV/data/factors/spcg/bcsstk16/spcg_spilu_l_bcsstk16_fill10_drop0.0001_sp0.mtx,4884,wavefront-oriented,0.1,0.00806552078247841,0.01,1,1,1,4791,4791,594010,589219,1,1,4808,4808,0,1,1,2,2,0,0.0,0.0,0.0,4808,3960,-848,-0.17362817362817362,2396,1854,542,0,0,0,0,0.0,0,0,0,0,0.0,0,0,0,0,0.0,0,0,0,0,0,0,0,0,0,0.0,0.0,0.0,0.0,0.0,0.0,0.0,0.0,0.0,0.0,0.0,0.0,0.0,0.0,0.0,0.0,0.0,0.0,2.0,2.0,0.0,0.0,0.0,0.0,0.0,0.0,0,0,0,0.0,2,2,0,0,0,0,0,0,0.0
SPD,0,0,0,0.0,ok,,bcsstk16,factor-l,/home/scan_SpTRSV/data/factors/spcg/bcsstk16/spcg_spilu_l_bcsstk16_fill10_drop0.0001_sp0.mtx,4884,wavefront-oriented,0.1,0.1,0.01,-1,1,1,59401,1082,594010,534609,1,1,4808,4808,0,1,1,2,2,0,0.0,0.0,0.0,4808,4378,-430,-0.08804258804258805,2396,2100,296,0,0,0,0,0.0,0,0,0,0,0.0,0,0,0,0,0.0,0,0,0,0,0,0,0,0,0,0.0,0.0,0.0,0.0,0.0,0.0,0.0,0.0,0.0,0.0,0.0,0.0,0.0,0.0,0.0,0.0,0.0,0.0,2.0,2.0,0.0,0.0,0.0,0.0,0.0,0.0,0,0,0,0.0,2,2,0,0,0,0,0,0,0.0
SPD,0,0,0,0.0,ok,,bcsstk16,factor-l,/home/scan_SpTRSV/data/factors/spcg/bcsstk16/spcg_spilu_l_bcsstk16_fill10_drop0.0001_sp0.mtx,4884,scan-chain-aware,0.01,0.0,0.0001,1,1,1,0,0,594010,594010,1,1,4808,4808,0,1,1,2,2,0,0.0,0.0,0.0,4808,4808,0,0.0,2396,2396,0,0,0,0,0,0.0,0,0,0,0,0.0,0,0,0,0,0.0,0,0,0,0,0,0,0,0,0,0.0,0.0,0.0,0.0,0.0,0.0,0.0,0.0,0.0,0.0,0.0,0.0,0.0,0.0,0.0,0.0,0.0,0.0,2.0,2.0,0.0,0.0,0.0,0.0,0.0,0.0,0,0,0,0.0,2,2,0,0,0,0,0,0,0.0
SPD,0,0,0,0.0,ok,,bcsstk16,factor-l,/home/scan_SpTRSV/data/factors/spcg/bcsstk16/spcg_spilu_l_bcsstk16_fill10_drop0.0001_sp0.mtx,4884,scan-chain-aware,0.01,0.00999983165266578,0.0001,-1,1,1,5940,2586,594010,588070,1,1,4808,4808,0,1,1,2,2,0,0.0,0.0,0.0,4808,4806,-2,-0.0004095004095004095,2396,2395,1,0,0,0,0,0.0,0,0,0,0,0.0,0,0,0,0,0.0,0,0,0,0,0,0,0,0,0,0.0,0.0,0.0,0.0,0.0,0.0,0.0,0.0,0.0,0.0,0.0,0.0,0.0,0.0,0.0,0.0,0.0,0.0,2.0,2.0,0.0,0.0,0.0,0.0,0.0,0.0,0,0,0,0.0,2,2,0,0,0,0,0,0,0.0
SPD,0,0,0,0.0,ok,,bcsstk16,factor-l,/home/scan_SpTRSV/data/factors/spcg/bcsstk16/spcg_spilu_l_bcsstk16_fill10_drop0.0001_sp0.mtx,4884,scan-chain-aware,0.01,0.0,0.001,1,1,1,0,0,594010,594010,1,1,4808,4808,0,1,1,2,2,0,0.0,0.0,0.0,4808,4808,0,0.0,2396,2396,0,0,0,0,0,0.0,0,0,0,0,0.0,0,0,0,0,0.0,0,0,0,0,0,0,0,0,0,0.0,0.0,0.0,0.0,0.0,0.0,0.0,0.0,0.0,0.0,0.0,0.0,0.0,0.0,0.0,0.0,0.0,0.0,2.0,2.0,0.0,0.0,0.0,0.0,0.0,0.0,0,0,0,0.0,2,2,0,0,0,0,0,0,0.0
SPD,0,0,0,0.0,ok,,bcsstk16,factor-l,/home/scan_SpTRSV/data/factors/spcg/bcsstk16/spcg_spilu_l_bcsstk16_fill10_drop0.0001_sp0.mtx,4884,scan-chain-aware,0.01,0.00999983165266578,0.001,-1,1,1,5940,371,594010,588070,1,1,4808,4808,0,1,1,2,2,0,0.0,0.0,0.0,4808,4800,-8,-0.001638001638001638,2396,2395,1,0,0,0,0,0.0,0,0,0,0,0.0,0,0,0,0,0.0,0,0,0,0,0,0,0,0,0,0.0,0.0,0.0,0.0,0.0,0.0,0.0,0.0,0.0,0.0,0.0,0.0,0.0,0.0,0.0,0.0,0.0,0.0,2.0,2.0,0.0,0.0,0.0,0.0,0.0,0.0,0,0,0,0.0,2,2,0,0,0,0,0,0,0.0
SPD,0,0,0,0.0,ok,,bcsstk16,factor-l,/home/scan_SpTRSV/data/factors/spcg/bcsstk16/spcg_spilu_l_bcsstk16_fill10_drop0.0001_sp0.mtx,4884,scan-chain-aware,0.01,0.0,0.01,1,1,1,0,0,594010,594010,1,1,4808,4808,0,1,1,2,2,0,0.0,0.0,0.0,4808,4808,0,0.0,2396,2396,0,0,0,0,0,0.0,0,0,0,0,0.0,0,0,0,0,0.0,0,0,0,0,0,0,0,0,0,0.0,0.0,0.0,0.0,0.0,0.0,0.0,0.0,0.0,0.0,0.0,0.0,0.0,0.0,0.0,0.0,0.0,0.0,2.0,2.0,0.0,0.0,0.0,0.0,0.0,0.0,0,0,0,0.0,2,2,0,0,0,0,0,0,0.0
SPD,0,0,0,0.0,ok,,bcsstk16,factor-l,/home/scan_SpTRSV/data/factors/spcg/bcsstk16/spcg_spilu_l_bcsstk16_fill10_drop0.0001_sp0.mtx,4884,scan-chain-aware,0.01,0.00999983165266578,0.01,-1,1,1,5940,197,594010,588070,1,1,4808,4808,0,1,1,2,2,0,0.0,0.0,0.0,4808,4804,-4,-0.000819000819000819,2396,2391,5,0,0,0,0,0.0,0,0,0,0,0.0,0,0,0,0,0.0,0,0,0,0,0,0,0,0,0,0.0,0.0,0.0,0.0,0.0,0.0,0.0,0.0,0.0,0.0,0.0,0.0,0.0,0.0,0.0,0.0,0.0,0.0,2.0,2.0,0.0,0.0,0.0,0.0,0.0,0.0,0,0,0,0.0,2,2,0,0,0,0,0,0,0.0
SPD,0,0,0,0.0,ok,,bcsstk16,factor-l,/home/scan_SpTRSV/data/factors/spcg/bcsstk16/spcg_spilu_l_bcsstk16_fill10_drop0.0001_sp0.mtx,4884,scan-chain-aware,0.02,0.0,0.0001,1,1,1,0,0,594010,594010,1,1,4808,4808,0,1,1,2,2,0,0.0,0.0,0.0,4808,4808,0,0.0,2396,2396,0,0,0,0,0,0.0,0,0,0,0,0.0,0,0,0,0,0.0,0,0,0,0,0,0,0,0,0,0.0,0.0,0.0,0.0,0.0,0.0,0.0,0.0,0.0,0.0,0.0,0.0,0.0,0.0,0.0,0.0,0.0,0.0,2.0,2.0,0.0,0.0,0.0,0.0,0.0,0.0,0,0,0,0.0,2,2,0,0,0,0,0,0,0.0
SPD,0,0,0,0.0,ok,,bcsstk16,factor-l,/home/scan_SpTRSV/data/factors/spcg/bcsstk16/spcg_spilu_l_bcsstk16_fill10_drop0.0001_sp0.mtx,4884,scan-chain-aware,0.02,0.011924041682799954,0.0001,-1,1,1,7083,3140,594010,586927,1,1,4808,4808,0,1,1,2,2,0,0.0,0.0,0.0,4808,4806,-2,-0.0004095004095004095,2396,2395,1,0,0,0,0,0.0,0,0,0,0,0.0,0,0,0,0,0.0,0,0,0,0,0,0,0,0,0,0.0,0.0,0.0,0.0,0.0,0.0,0.0,0.0,0.0,0.0,0.0,0.0,0.0,0.0,0.0,0.0,0.0,0.0,2.0,2.0,0.0,0.0,0.0,0.0,0.0,0.0,0,0,0,0.0,2,2,0,0,0,0,0,0,0.0
SPD,0,0,0,0.0,ok,,bcsstk16,factor-l,/home/scan_SpTRSV/data/factors/spcg/bcsstk16/spcg_spilu_l_bcsstk16_fill10_drop0.0001_sp0.mtx,4884,scan-chain-aware,0.02,0.0,0.001,1,1,1,0,0,594010,594010,1,1,4808,4808,0,1,1,2,2,0,0.0,0.0,0.0,4808,4808,0,0.0,2396,2396,0,0,0,0,0,0.0,0,0,0,0,0.0,0,0,0,0,0.0,0,0,0,0,0,0,0,0,0,0.0,0.0,0.0,0.0,0.0,0.0,0.0,0.0,0.0,0.0,0.0,0.0,0.0,0.0,0.0,0.0,0.0,0.0,2.0,2.0,0.0,0.0,0.0,0.0,0.0,0.0,0,0,0,0.0,2,2,0,0,0,0,0,0,0.0
SPD,0,0,0,0.0,ok,,bcsstk16,factor-l,/home/scan_SpTRSV/data/factors/spcg/bcsstk16/spcg_spilu_l_bcsstk16_fill10_drop0.0001_sp0.mtx,4884,scan-chain-aware,0.02,0.01999966330533156,0.001,-1,1,1,11880,742,594010,582130,1,1,4808,4808,0,1,1,2,2,0,0.0,0.0,0.0,4808,4800,-8,-0.001638001638001638,2396,2395,1,0,0,0,0,0.0,0,0,0,0,0.0,0,0,0,0,0.0,0,0,0,0,0,0,0,0,0,0.0,0.0,0.0,0.0,0.0,0.0,0.0,0.0,0.0,0.0,0.0,0.0,0.0,0.0,0.0,0.0,0.0,0.0,2.0,2.0,0.0,0.0,0.0,0.0,0.0,0.0,0,0,0,0.0,2,2,0,0,0,0,0,0,0.0
SPD,0,0,0,0.0,ok,,bcsstk16,factor-l,/home/scan_SpTRSV/data/factors/spcg/bcsstk16/spcg_spilu_l_bcsstk16_fill10_drop0.0001_sp0.mtx,4884,scan-chain-aware,0.02,0.0,0.01,1,1,1,0,0,594010,594010,1,1,4808,4808,0,1,1,2,2,0,0.0,0.0,0.0,4808,4808,0,0.0,2396,2396,0,0,0,0,0,0.0,0,0,0,0,0.0,0,0,0,0,0.0,0,0,0,0,0,0,0,0,0,0.0,0.0,0.0,0.0,0.0,0.0,0.0,0.0,0.0,0.0,0.0,0.0,0.0,0.0,0.0,0.0,0.0,0.0,2.0,2.0,0.0,0.0,0.0,0.0,0.0,0.0,0,0,0,0.0,2,2,0,0,0,0,0,0,0.0
SPD,0,0,0,0.0,ok,,bcsstk16,factor-l,/home/scan_SpTRSV/data/factors/spcg/bcsstk16/spcg_spilu_l_bcsstk16_fill10_drop0.0001_sp0.mtx,4884,scan-chain-aware,0.02,0.01999966330533156,0.01,-1,1,1,11880,309,594010,582130,1,1,4808,4808,0,1,1,2,2,0,0.0,0.0,0.0,4808,4804,-4,-0.000819000819000819,2396,2389,7,0,0,0,0,0.0,0,0,0,0,0.0,0,0,0,0,0.0,0,0,0,0,0,0,0,0,0,0.0,0.0,0.0,0.0,0.0,0.0,0.0,0.0,0.0,0.0,0.0,0.0,0.0,0.0,0.0,0.0,0.0,0.0,2.0,2.0,0.0,0.0,0.0,0.0,0.0,0.0,0,0,0,0.0,2,2,0,0,0,0,0,0,0.0
SPD,0,0,0,0.0,ok,,bcsstk16,factor-l,/home/scan_SpTRSV/data/factors/spcg/bcsstk16/spcg_spilu_l_bcsstk16_fill10_drop0.0001_sp0.mtx,4884,scan-chain-aware,0.05,0.0,0.0001,1,1,1,0,0,594010,594010,1,1,4808,4808,0,1,1,2,2,0,0.0,0.0,0.0,4808,4808,0,0.0,2396,2396,0,0,0,0,0,0.0,0,0,0,0,0.0,0,0,0,0,0.0,0,0,0,0,0,0,0,0,0,0.0,0.0,0.0,0.0,0.0,0.0,0.0,0.0,0.0,0.0,0.0,0.0,0.0,0.0,0.0,0.0,0.0,0.0,2.0,2.0,0.0,0.0,0.0,0.0,0.0,0.0,0,0,0,0.0,2,2,0,0,0,0,0,0,0.0
SPD,0,0,0,0.0,ok,,bcsstk16,factor-l,/home/scan_SpTRSV/data/factors/spcg/bcsstk16/spcg_spilu_l_bcsstk16_fill10_drop0.0001_sp0.mtx,4884,scan-chain-aware,0.05,0.011924041682799954,0.0001,-1,1,1,7083,3140,594010,586927,1,1,4808,4808,0,1,1,2,2,0,0.0,0.0,0.0,4808,4806,-2,-0.0004095004095004095,2396,2395,1,0,0,0,0,0.0,0,0,0,0,0.0,0,0,0,0,0.0,0,0,0,0,0,0,0,0,0,0.0,0.0,0.0,0.0,0.0,0.0,0.0,0.0,0.0,0.0,0.0,0.0,0.0,0.0,0.0,0.0,0.0,0.0,2.0,2.0,0.0,0.0,0.0,0.0,0.0,0.0,0,0,0,0.0,2,2,0,0,0,0,0,0,0.0
SPD,0,0,0,0.0,ok,,bcsstk16,factor-l,/home/scan_SpTRSV/data/factors/spcg/bcsstk16/spcg_spilu_l_bcsstk16_fill10_drop0.0001_sp0.mtx,4884,scan-chain-aware,0.05,0.0,0.001,1,1,1,0,0,594010,594010,1,1,4808,4808,0,1,1,2,2,0,0.0,0.0,0.0,4808,4808,0,0.0,2396,2396,0,0,0,0,0,0.0,0,0,0,0,0.0,0,0,0,0,0.0,0,0,0,0,0,0,0,0,0,0.0,0.0,0.0,0.0,0.0,0.0,0.0,0.0,0.0,0.0,0.0,0.0,0.0,0.0,0.0,0.0,0.0,0.0,2.0,2.0,0.0,0.0,0.0,0.0,0.0,0.0,0,0,0,0.0,2,2,0,0,0,0,0,0,0.0
SPD,0,0,0,0.0,ok,,bcsstk16,factor-l,/home/scan_SpTRSV/data/factors/spcg/bcsstk16/spcg_spilu_l_bcsstk16_fill10_drop0.0001_sp0.mtx,4884,scan-chain-aware,0.05,0.0499991582633289,0.001,-1,1,1,29700,1790,594010,564310,1,1,4808,4808,0,1,1,2,2,0,0.0,0.0,0.0,4808,4800,-8,-0.001638001638001638,2396,2395,1,0,0,0,0,0.0,0,0,0,0,0.0,0,0,0,0,0.0,0,0,0,0,0,0,0,0,0,0.0,0.0,0.0,0.0,0.0,0.0,0.0,0.0,0.0,0.0,0.0,0.0,0.0,0.0,0.0,0.0,0.0,0.0,2.0,2.0,0.0,0.0,0.0,0.0,0.0,0.0,0,0,0,0.0,2,2,0,0,0,0,0,0,0.0
SPD,0,0,0,0.0,ok,,bcsstk16,factor-l,/home/scan_SpTRSV/data/factors/spcg/bcsstk16/spcg_spilu_l_bcsstk16_fill10_drop0.0001_sp0.mtx,4884,scan-chain-aware,0.05,0.0,0.01,1,1,1,0,0,594010,594010,1,1,4808,4808,0,1,1,2,2,0,0.0,0.0,0.0,4808,4808,0,0.0,2396,2396,0,0,0,0,0,0.0,0,0,0,0,0.0,0,0,0,0,0.0,0,0,0,0,0,0,0,0,0,0.0,0.0,0.0,0.0,0.0,0.0,0.0,0.0,0.0,0.0,0.0,0.0,0.0,0.0,0.0,0.0,0.0,0.0,2.0,2.0,0.0,0.0,0.0,0.0,0.0,0.0,0,0,0,0.0,2,2,0,0,0,0,0,0,0.0
SPD,0,0,0,0.0,ok,,bcsstk16,factor-l,/home/scan_SpTRSV/data/factors/spcg/bcsstk16/spcg_spilu_l_bcsstk16_fill10_drop0.0001_sp0.mtx,4884,scan-chain-aware,0.05,0.0499991582633289,0.01,-1,1,1,29700,591,594010,564310,1,1,4808,4808,0,1,1,2,2,0,0.0,0.0,0.0,4808,4804,-4,-0.000819000819000819,2396,2378,18,0,0,0,0,0.0,0,0,0,0,0.0,0,0,0,0,0.0,0,0,0,0,0,0,0,0,0,0.0,0.0,0.0,0.0,0.0,0.0,0.0,0.0,0.0,0.0,0.0,0.0,0.0,0.0,0.0,0.0,0.0,0.0,2.0,2.0,0.0,0.0,0.0,0.0,0.0,0.0,0,0,0,0.0,2,2,0,0,0,0,0,0,0.0
SPD,0,0,0,0.0,ok,,bcsstk16,factor-l,/home/scan_SpTRSV/data/factors/spcg/bcsstk16/spcg_spilu_l_bcsstk16_fill10_drop0.0001_sp0.mtx,4884,scan-chain-aware,0.1,0.0,0.0001,1,1,1,0,0,594010,594010,1,1,4808,4808,0,1,1,2,2,0,0.0,0.0,0.0,4808,4808,0,0.0,2396,2396,0,0,0,0,0,0.0,0,0,0,0,0.0,0,0,0,0,0.0,0,0,0,0,0,0,0,0,0,0.0,0.0,0.0,0.0,0.0,0.0,0.0,0.0,0.0,0.0,0.0,0.0,0.0,0.0,0.0,0.0,0.0,0.0,2.0,2.0,0.0,0.0,0.0,0.0,0.0,0.0,0,0,0,0.0,2,2,0,0,0,0,0,0,0.0
SPD,0,0,0,0.0,ok,,bcsstk16,factor-l,/home/scan_SpTRSV/data/factors/spcg/bcsstk16/spcg_spilu_l_bcsstk16_fill10_drop0.0001_sp0.mtx,4884,scan-chain-aware,0.1,0.011924041682799954,0.0001,-1,1,1,7083,3140,594010,586927,1,1,4808,4808,0,1,1,2,2,0,0.0,0.0,0.0,4808,4806,-2,-0.0004095004095004095,2396,2395,1,0,0,0,0,0.0,0,0,0,0,0.0,0,0,0,0,0.0,0,0,0,0,0,0,0,0,0,0.0,0.0,0.0,0.0,0.0,0.0,0.0,0.0,0.0,0.0,0.0,0.0,0.0,0.0,0.0,0.0,0.0,0.0,2.0,2.0,0.0,0.0,0.0,0.0,0.0,0.0,0,0,0,0.0,2,2,0,0,0,0,0,0,0.0
SPD,0,0,0,0.0,ok,,bcsstk16,factor-l,/home/scan_SpTRSV/data/factors/spcg/bcsstk16/spcg_spilu_l_bcsstk16_fill10_drop0.0001_sp0.mtx,4884,scan-chain-aware,0.1,0.0,0.001,1,1,1,0,0,594010,594010,1,1,4808,4808,0,1,1,2,2,0,0.0,0.0,0.0,4808,4808,0,0.0,2396,2396,0,0,0,0,0,0.0,0,0,0,0,0.0,0,0,0,0,0.0,0,0,0,0,0,0,0,0,0,0.0,0.0,0.0,0.0,0.0,0.0,0.0,0.0,0.0,0.0,0.0,0.0,0.0,0.0,0.0,0.0,0.0,0.0,2.0,2.0,0.0,0.0,0.0,0.0,0.0,0.0,0,0,0,0.0,2,2,0,0,0,0,0,0,0.0
SPD,0,0,0,0.0,ok,,bcsstk16,factor-l,/home/scan_SpTRSV/data/factors/spcg/bcsstk16/spcg_spilu_l_bcsstk16_fill10_drop0.0001_sp0.mtx,4884,scan-chain-aware,0.1,0.1,0.001,-1,1,1,59401,3751,594010,534609,1,1,4808,4808,0,1,1,2,2,0,0.0,0.0,0.0,4808,4800,-8,-0.001638001638001638,2396,2393,3,0,0,0,0,0.0,0,0,0,0,0.0,0,0,0,0,0.0,0,0,0,0,0,0,0,0,0,0.0,0.0,0.0,0.0,0.0,0.0,0.0,0.0,0.0,0.0,0.0,0.0,0.0,0.0,0.0,0.0,0.0,0.0,2.0,2.0,0.0,0.0,0.0,0.0,0.0,0.0,0,0,0,0.0,2,2,0,0,0,0,0,0,0.0
SPD,0,0,0,0.0,ok,,bcsstk16,factor-l,/home/scan_SpTRSV/data/factors/spcg/bcsstk16/spcg_spilu_l_bcsstk16_fill10_drop0.0001_sp0.mtx,4884,scan-chain-aware,0.1,0.0,0.01,1,1,1,0,0,594010,594010,1,1,4808,4808,0,1,1,2,2,0,0.0,0.0,0.0,4808,4808,0,0.0,2396,2396,0,0,0,0,0,0.0,0,0,0,0,0.0,0,0,0,0,0.0,0,0,0,0,0,0,0,0,0,0.0,0.0,0.0,0.0,0.0,0.0,0.0,0.0,0.0,0.0,0.0,0.0,0.0,0.0,0.0,0.0,0.0,0.0,2.0,2.0,0.0,0.0,0.0,0.0,0.0,0.0,0,0,0,0.0,2,2,0,0,0,0,0,0,0.0
SPD,0,0,0,0.0,ok,,bcsstk16,factor-l,/home/scan_SpTRSV/data/factors/spcg/bcsstk16/spcg_spilu_l_bcsstk16_fill10_drop0.0001_sp0.mtx,4884,scan-chain-aware,0.1,0.1,0.01,-1,1,1,59401,1049,594010,534609,1,1,4808,4808,0,1,1,2,2,0,0.0,0.0,0.0,4808,4805,-3,-0.0006142506142506142,2396,2364,32,0,0,0,0,0.0,0,0,0,0,0.0,0,0,0,0,0.0,0,0,0,0,0,0,0,0,0,0.0,0.0,0.0,0.0,0.0,0.0,0.0,0.0,0.0,0.0,0.0,0.0,0.0,0.0,0.0,0.0,0.0,0.0,2.0,2.0,0.0,0.0,0.0,0.0,0.0,0.0,0,0,0,0.0,2,2,0,0,0,0,0,0,0.0
SPD,0,0,0,0.0,ok,,bcsstk16,factor-l,/home/scan_SpTRSV/data/factors/spcg/bcsstk16/spcg_spilu_l_bcsstk16_fill10_drop0.0001_sp0.mtx,4884,long-chain-aware-drop,0.01,0.0,0.0001,1,1,1,0,0,594010,594010,1,1,4808,4808,0,1,1,2,2,0,0.0,0.0,0.0,4808,4808,0,0.0,2396,2396,0,0,0,0,0,0.0,0,0,0,0,0.0,0,0,0,0,0.0,0,0,0,0,0,0,0,0,0,0.0,0.0,0.0,0.0,0.0,0.0,0.0,0.0,0.0,0.0,0.0,0.0,0.0,0.0,0.0,0.0,0.0,0.0,2.0,2.0,0.0,0.0,0.0,0.0,0.0,0.0,0,0,0,0.0,2,2,0,0,0,0,0,0,0.0
SPD,0,0,0,0.0,ok,,bcsstk16,factor-l,/home/scan_SpTRSV/data/factors/spcg/bcsstk16/spcg_spilu_l_bcsstk16_fill10_drop0.0001_sp0.mtx,4884,long-chain-aware-drop,0.01,0.0,0.0001,-1,1,1,0,0,594010,594010,1,1,4808,4808,0,1,1,2,2,0,0.0,0.0,0.0,4808,4808,0,0.0,2396,2396,0,0,0,0,0,0.0,0,0,0,0,0.0,0,0,0,0,0.0,0,0,0,0,0,0,0,0,0,0.0,0.0,0.0,0.0,0.0,0.0,0.0,0.0,0.0,0.0,0.0,0.0,0.0,0.0,0.0,0.0,0.0,0.0,2.0,2.0,0.0,0.0,0.0,0.0,0.0,0.0,0,0,0,0.0,2,2,0,0,0,0,0,0,0.0
SPD,0,0,0,0.0,ok,,bcsstk16,factor-l,/home/scan_SpTRSV/data/factors/spcg/bcsstk16/spcg_spilu_l_bcsstk16_fill10_drop0.0001_sp0.mtx,4884,long-chain-aware-drop,0.01,0.0,0.001,1,1,1,0,0,594010,594010,1,1,4808,4808,0,1,1,2,2,0,0.0,0.0,0.0,4808,4808,0,0.0,2396,2396,0,0,0,0,0,0.0,0,0,0,0,0.0,0,0,0,0,0.0,0,0,0,0,0,0,0,0,0,0.0,0.0,0.0,0.0,0.0,0.0,0.0,0.0,0.0,0.0,0.0,0.0,0.0,0.0,0.0,0.0,0.0,0.0,2.0,2.0,0.0,0.0,0.0,0.0,0.0,0.0,0,0,0,0.0,2,2,0,0,0,0,0,0,0.0
SPD,0,0,0,0.0,ok,,bcsstk16,factor-l,/home/scan_SpTRSV/data/factors/spcg/bcsstk16/spcg_spilu_l_bcsstk16_fill10_drop0.0001_sp0.mtx,4884,long-chain-aware-drop,0.01,0.0,0.001,-1,1,1,0,0,594010,594010,1,1,4808,4808,0,1,1,2,2,0,0.0,0.0,0.0,4808,4808,0,0.0,2396,2396,0,0,0,0,0,0.0,0,0,0,0,0.0,0,0,0,0,0.0,0,0,0,0,0,0,0,0,0,0.0,0.0,0.0,0.0,0.0,0.0,0.0,0.0,0.0,0.0,0.0,0.0,0.0,0.0,0.0,0.0,0.0,0.0,2.0,2.0,0.0,0.0,0.0,0.0,0.0,0.0,0,0,0,0.0,2,2,0,0,0,0,0,0,0.0
SPD,0,0,0,0.0,ok,,bcsstk16,factor-l,/home/scan_SpTRSV/data/factors/spcg/bcsstk16/spcg_spilu_l_bcsstk16_fill10_drop0.0001_sp0.mtx,4884,long-chain-aware-drop,0.01,0.0,0.01,1,1,1,0,0,594010,594010,1,1,4808,4808,0,1,1,2,2,0,0.0,0.0,0.0,4808,4808,0,0.0,2396,2396,0,0,0,0,0,0.0,0,0,0,0,0.0,0,0,0,0,0.0,0,0,0,0,0,0,0,0,0,0.0,0.0,0.0,0.0,0.0,0.0,0.0,0.0,0.0,0.0,0.0,0.0,0.0,0.0,0.0,0.0,0.0,0.0,2.0,2.0,0.0,0.0,0.0,0.0,0.0,0.0,0,0,0,0.0,2,2,0,0,0,0,0,0,0.0
SPD,0,0,0,0.0,ok,,bcsstk16,factor-l,/home/scan_SpTRSV/data/factors/spcg/bcsstk16/spcg_spilu_l_bcsstk16_fill10_drop0.0001_sp0.mtx,4884,long-chain-aware-drop,0.01,0.0,0.01,-1,1,1,0,0,594010,594010,1,1,4808,4808,0,1,1,2,2,0,0.0,0.0,0.0,4808,4808,0,0.0,2396,2396,0,0,0,0,0,0.0,0,0,0,0,0.0,0,0,0,0,0.0,0,0,0,0,0,0,0,0,0,0.0,0.0,0.0,0.0,0.0,0.0,0.0,0.0,0.0,0.0,0.0,0.0,0.0,0.0,0.0,0.0,0.0,0.0,2.0,2.0,0.0,0.0,0.0,0.0,0.0,0.0,0,0,0,0.0,2,2,0,0,0,0,0,0,0.0
SPD,0,0,0,0.0,ok,,bcsstk16,factor-l,/home/scan_SpTRSV/data/factors/spcg/bcsstk16/spcg_spilu_l_bcsstk16_fill10_drop0.0001_sp0.mtx,4884,long-chain-aware-drop,0.02,0.0,0.0001,1,1,1,0,0,594010,594010,1,1,4808,4808,0,1,1,2,2,0,0.0,0.0,0.0,4808,4808,0,0.0,2396,2396,0,0,0,0,0,0.0,0,0,0,0,0.0,0,0,0,0,0.0,0,0,0,0,0,0,0,0,0,0.0,0.0,0.0,0.0,0.0,0.0,0.0,0.0,0.0,0.0,0.0,0.0,0.0,0.0,0.0,0.0,0.0,0.0,2.0,2.0,0.0,0.0,0.0,0.0,0.0,0.0,0,0,0,0.0,2,2,0,0,0,0,0,0,0.0
SPD,0,0,0,0.0,ok,,bcsstk16,factor-l,/home/scan_SpTRSV/data/factors/spcg/bcsstk16/spcg_spilu_l_bcsstk16_fill10_drop0.0001_sp0.mtx,4884,long-chain-aware-drop,0.02,0.0,0.0001,-1,1,1,0,0,594010,594010,1,1,4808,4808,0,1,1,2,2,0,0.0,0.0,0.0,4808,4808,0,0.0,2396,2396,0,0,0,0,0,0.0,0,0,0,0,0.0,0,0,0,0,0.0,0,0,0,0,0,0,0,0,0,0.0,0.0,0.0,0.0,0.0,0.0,0.0,0.0,0.0,0.0,0.0,0.0,0.0,0.0,0.0,0.0,0.0,0.0,2.0,2.0,0.0,0.0,0.0,0.0,0.0,0.0,0,0,0,0.0,2,2,0,0,0,0,0,0,0.0
SPD,0,0,0,0.0,ok,,bcsstk16,factor-l,/home/scan_SpTRSV/data/factors/spcg/bcsstk16/spcg_spilu_l_bcsstk16_fill10_drop0.0001_sp0.mtx,4884,long-chain-aware-drop,0.02,0.0,0.001,1,1,1,0,0,594010,594010,1,1,4808,4808,0,1,1,2,2,0,0.0,0.0,0.0,4808,4808,0,0.0,2396,2396,0,0,0,0,0,0.0,0,0,0,0,0.0,0,0,0,0,0.0,0,0,0,0,0,0,0,0,0,0.0,0.0,0.0,0.0,0.0,0.0,0.0,0.0,0.0,0.0,0.0,0.0,0.0,0.0,0.0,0.0,0.0,0.0,2.0,2.0,0.0,0.0,0.0,0.0,0.0,0.0,0,0,0,0.0,2,2,0,0,0,0,0,0,0.0
SPD,0,0,0,0.0,ok,,bcsstk16,factor-l,/home/scan_SpTRSV/data/factors/spcg/bcsstk16/spcg_spilu_l_bcsstk16_fill10_drop0.0001_sp0.mtx,4884,long-chain-aware-drop,0.02,0.0,0.001,-1,1,1,0,0,594010,594010,1,1,4808,4808,0,1,1,2,2,0,0.0,0.0,0.0,4808,4808,0,0.0,2396,2396,0,0,0,0,0,0.0,0,0,0,0,0.0,0,0,0,0,0.0,0,0,0,0,0,0,0,0,0,0.0,0.0,0.0,0.0,0.0,0.0,0.0,0.0,0.0,0.0,0.0,0.0,0.0,0.0,0.0,0.0,0.0,0.0,2.0,2.0,0.0,0.0,0.0,0.0,0.0,0.0,0,0,0,0.0,2,2,0,0,0,0,0,0,0.0
SPD,0,0,0,0.0,ok,,bcsstk16,factor-l,/home/scan_SpTRSV/data/factors/spcg/bcsstk16/spcg_spilu_l_bcsstk16_fill10_drop0.0001_sp0.mtx,4884,long-chain-aware-drop,0.02,0.0,0.01,1,1,1,0,0,594010,594010,1,1,4808,4808,0,1,1,2,2,0,0.0,0.0,0.0,4808,4808,0,0.0,2396,2396,0,0,0,0,0,0.0,0,0,0,0,0.0,0,0,0,0,0.0,0,0,0,0,0,0,0,0,0,0.0,0.0,0.0,0.0,0.0,0.0,0.0,0.0,0.0,0.0,0.0,0.0,0.0,0.0,0.0,0.0,0.0,0.0,2.0,2.0,0.0,0.0,0.0,0.0,0.0,0.0,0,0,0,0.0,2,2,0,0,0,0,0,0,0.0
SPD,0,0,0,0.0,ok,,bcsstk16,factor-l,/home/scan_SpTRSV/data/factors/spcg/bcsstk16/spcg_spilu_l_bcsstk16_fill10_drop0.0001_sp0.mtx,4884,long-chain-aware-drop,0.02,0.0,0.01,-1,1,1,0,0,594010,594010,1,1,4808,4808,0,1,1,2,2,0,0.0,0.0,0.0,4808,4808,0,0.0,2396,2396,0,0,0,0,0,0.0,0,0,0,0,0.0,0,0,0,0,0.0,0,0,0,0,0,0,0,0,0,0.0,0.0,0.0,0.0,0.0,0.0,0.0,0.0,0.0,0.0,0.0,0.0,0.0,0.0,0.0,0.0,0.0,0.0,2.0,2.0,0.0,0.0,0.0,0.0,0.0,0.0,0,0,0,0.0,2,2,0,0,0,0,0,0,0.0
SPD,0,0,0,0.0,ok,,bcsstk16,factor-l,/home/scan_SpTRSV/data/factors/spcg/bcsstk16/spcg_spilu_l_bcsstk16_fill10_drop0.0001_sp0.mtx,4884,long-chain-aware-drop,0.05,0.0,0.0001,1,1,1,0,0,594010,594010,1,1,4808,4808,0,1,1,2,2,0,0.0,0.0,0.0,4808,4808,0,0.0,2396,2396,0,0,0,0,0,0.0,0,0,0,0,0.0,0,0,0,0,0.0,0,0,0,0,0,0,0,0,0,0.0,0.0,0.0,0.0,0.0,0.0,0.0,0.0,0.0,0.0,0.0,0.0,0.0,0.0,0.0,0.0,0.0,0.0,2.0,2.0,0.0,0.0,0.0,0.0,0.0,0.0,0,0,0,0.0,2,2,0,0,0,0,0,0,0.0
SPD,0,0,0,0.0,ok,,bcsstk16,factor-l,/home/scan_SpTRSV/data/factors/spcg/bcsstk16/spcg_spilu_l_bcsstk16_fill10_drop0.0001_sp0.mtx,4884,long-chain-aware-drop,0.05,0.0,0.0001,-1,1,1,0,0,594010,594010,1,1,4808,4808,0,1,1,2,2,0,0.0,0.0,0.0,4808,4808,0,0.0,2396,2396,0,0,0,0,0,0.0,0,0,0,0,0.0,0,0,0,0,0.0,0,0,0,0,0,0,0,0,0,0.0,0.0,0.0,0.0,0.0,0.0,0.0,0.0,0.0,0.0,0.0,0.0,0.0,0.0,0.0,0.0,0.0,0.0,2.0,2.0,0.0,0.0,0.0,0.0,0.0,0.0,0,0,0,0.0,2,2,0,0,0,0,0,0,0.0
SPD,0,0,0,0.0,ok,,bcsstk16,factor-l,/home/scan_SpTRSV/data/factors/spcg/bcsstk16/spcg_spilu_l_bcsstk16_fill10_drop0.0001_sp0.mtx,4884,long-chain-aware-drop,0.05,0.0,0.001,1,1,1,0,0,594010,594010,1,1,4808,4808,0,1,1,2,2,0,0.0,0.0,0.0,4808,4808,0,0.0,2396,2396,0,0,0,0,0,0.0,0,0,0,0,0.0,0,0,0,0,0.0,0,0,0,0,0,0,0,0,0,0.0,0.0,0.0,0.0,0.0,0.0,0.0,0.0,0.0,0.0,0.0,0.0,0.0,0.0,0.0,0.0,0.0,0.0,2.0,2.0,0.0,0.0,0.0,0.0,0.0,0.0,0,0,0,0.0,2,2,0,0,0,0,0,0,0.0
SPD,0,0,0,0.0,ok,,bcsstk16,factor-l,/home/scan_SpTRSV/data/factors/spcg/bcsstk16/spcg_spilu_l_bcsstk16_fill10_drop0.0001_sp0.mtx,4884,long-chain-aware-drop,0.05,0.0,0.001,-1,1,1,0,0,594010,594010,1,1,4808,4808,0,1,1,2,2,0,0.0,0.0,0.0,4808,4808,0,0.0,2396,2396,0,0,0,0,0,0.0,0,0,0,0,0.0,0,0,0,0,0.0,0,0,0,0,0,0,0,0,0,0.0,0.0,0.0,0.0,0.0,0.0,0.0,0.0,0.0,0.0,0.0,0.0,0.0,0.0,0.0,0.0,0.0,0.0,2.0,2.0,0.0,0.0,0.0,0.0,0.0,0.0,0,0,0,0.0,2,2,0,0,0,0,0,0,0.0
SPD,0,0,0,0.0,ok,,bcsstk16,factor-l,/home/scan_SpTRSV/data/factors/spcg/bcsstk16/spcg_spilu_l_bcsstk16_fill10_drop0.0001_sp0.mtx,4884,long-chain-aware-drop,0.05,0.0,0.01,1,1,1,0,0,594010,594010,1,1,4808,4808,0,1,1,2,2,0,0.0,0.0,0.0,4808,4808,0,0.0,2396,2396,0,0,0,0,0,0.0,0,0,0,0,0.0,0,0,0,0,0.0,0,0,0,0,0,0,0,0,0,0.0,0.0,0.0,0.0,0.0,0.0,0.0,0.0,0.0,0.0,0.0,0.0,0.0,0.0,0.0,0.0,0.0,0.0,2.0,2.0,0.0,0.0,0.0,0.0,0.0,0.0,0,0,0,0.0,2,2,0,0,0,0,0,0,0.0
SPD,0,0,0,0.0,ok,,bcsstk16,factor-l,/home/scan_SpTRSV/data/factors/spcg/bcsstk16/spcg_spilu_l_bcsstk16_fill10_drop0.0001_sp0.mtx,4884,long-chain-aware-drop,0.05,0.0,0.01,-1,1,1,0,0,594010,594010,1,1,4808,4808,0,1,1,2,2,0,0.0,0.0,0.0,4808,4808,0,0.0,2396,2396,0,0,0,0,0,0.0,0,0,0,0,0.0,0,0,0,0,0.0,0,0,0,0,0,0,0,0,0,0.0,0.0,0.0,0.0,0.0,0.0,0.0,0.0,0.0,0.0,0.0,0.0,0.0,0.0,0.0,0.0,0.0,0.0,2.0,2.0,0.0,0.0,0.0,0.0,0.0,0.0,0,0,0,0.0,2,2,0,0,0,0,0,0,0.0
SPD,0,0,0,0.0,ok,,bcsstk16,factor-l,/home/scan_SpTRSV/data/factors/spcg/bcsstk16/spcg_spilu_l_bcsstk16_fill10_drop0.0001_sp0.mtx,4884,long-chain-aware-drop,0.1,0.0,0.0001,1,1,1,0,0,594010,594010,1,1,4808,4808,0,1,1,2,2,0,0.0,0.0,0.0,4808,4808,0,0.0,2396,2396,0,0,0,0,0,0.0,0,0,0,0,0.0,0,0,0,0,0.0,0,0,0,0,0,0,0,0,0,0.0,0.0,0.0,0.0,0.0,0.0,0.0,0.0,0.0,0.0,0.0,0.0,0.0,0.0,0.0,0.0,0.0,0.0,2.0,2.0,0.0,0.0,0.0,0.0,0.0,0.0,0,0,0,0.0,2,2,0,0,0,0,0,0,0.0
SPD,0,0,0,0.0,ok,,bcsstk16,factor-l,/home/scan_SpTRSV/data/factors/spcg/bcsstk16/spcg_spilu_l_bcsstk16_fill10_drop0.0001_sp0.mtx,4884,long-chain-aware-drop,0.1,0.0,0.0001,-1,1,1,0,0,594010,594010,1,1,4808,4808,0,1,1,2,2,0,0.0,0.0,0.0,4808,4808,0,0.0,2396,2396,0,0,0,0,0,0.0,0,0,0,0,0.0,0,0,0,0,0.0,0,0,0,0,0,0,0,0,0,0.0,0.0,0.0,0.0,0.0,0.0,0.0,0.0,0.0,0.0,0.0,0.0,0.0,0.0,0.0,0.0,0.0,0.0,2.0,2.0,0.0,0.0,0.0,0.0,0.0,0.0,0,0,0,0.0,2,2,0,0,0,0,0,0,0.0
SPD,0,0,0,0.0,ok,,bcsstk16,factor-l,/home/scan_SpTRSV/data/factors/spcg/bcsstk16/spcg_spilu_l_bcsstk16_fill10_drop0.0001_sp0.mtx,4884,long-chain-aware-drop,0.1,0.0,0.001,1,1,1,0,0,594010,594010,1,1,4808,4808,0,1,1,2,2,0,0.0,0.0,0.0,4808,4808,0,0.0,2396,2396,0,0,0,0,0,0.0,0,0,0,0,0.0,0,0,0,0,0.0,0,0,0,0,0,0,0,0,0,0.0,0.0,0.0,0.0,0.0,0.0,0.0,0.0,0.0,0.0,0.0,0.0,0.0,0.0,0.0,0.0,0.0,0.0,2.0,2.0,0.0,0.0,0.0,0.0,0.0,0.0,0,0,0,0.0,2,2,0,0,0,0,0,0,0.0
SPD,0,0,0,0.0,ok,,bcsstk16,factor-l,/home/scan_SpTRSV/data/factors/spcg/bcsstk16/spcg_spilu_l_bcsstk16_fill10_drop0.0001_sp0.mtx,4884,long-chain-aware-drop,0.1,0.0,0.001,-1,1,1,0,0,594010,594010,1,1,4808,4808,0,1,1,2,2,0,0.0,0.0,0.0,4808,4808,0,0.0,2396,2396,0,0,0,0,0,0.0,0,0,0,0,0.0,0,0,0,0,0.0,0,0,0,0,0,0,0,0,0,0.0,0.0,0.0,0.0,0.0,0.0,0.0,0.0,0.0,0.0,0.0,0.0,0.0,0.0,0.0,0.0,0.0,0.0,2.0,2.0,0.0,0.0,0.0,0.0,0.0,0.0,0,0,0,0.0,2,2,0,0,0,0,0,0,0.0
SPD,0,0,0,0.0,ok,,bcsstk16,factor-l,/home/scan_SpTRSV/data/factors/spcg/bcsstk16/spcg_spilu_l_bcsstk16_fill10_drop0.0001_sp0.mtx,4884,long-chain-aware-drop,0.1,0.0,0.01,1,1,1,0,0,594010,594010,1,1,4808,4808,0,1,1,2,2,0,0.0,0.0,0.0,4808,4808,0,0.0,2396,2396,0,0,0,0,0,0.0,0,0,0,0,0.0,0,0,0,0,0.0,0,0,0,0,0,0,0,0,0,0.0,0.0,0.0,0.0,0.0,0.0,0.0,0.0,0.0,0.0,0.0,0.0,0.0,0.0,0.0,0.0,0.0,0.0,2.0,2.0,0.0,0.0,0.0,0.0,0.0,0.0,0,0,0,0.0,2,2,0,0,0,0,0,0,0.0
SPD,0,0,0,0.0,ok,,bcsstk16,factor-l,/home/scan_SpTRSV/data/factors/spcg/bcsstk16/spcg_spilu_l_bcsstk16_fill10_drop0.0001_sp0.mtx,4884,long-chain-aware-drop,0.1,0.0,0.01,-1,1,1,0,0,594010,594010,1,1,4808,4808,0,1,1,2,2,0,0.0,0.0,0.0,4808,4808,0,0.0,2396,2396,0,0,0,0,0,0.0,0,0,0,0,0.0,0,0,0,0,0.0,0,0,0,0,0,0,0,0,0,0.0,0.0,0.0,0.0,0.0,0.0,0.0,0.0,0.0,0.0,0.0,0.0,0.0,0.0,0.0,0.0,0.0,0.0,2.0,2.0,0.0,0.0,0.0,0.0,0.0,0.0,0,0,0,0.0,2,2,0,0,0,0,0,0,0.0
SPD,0,0,0,0.0,ok,,bcsstk17,factor-l,/home/scan_SpTRSV/data/factors/spcg/bcsstk17/spcg_spilu_l_bcsstk17_fill10_drop0.0001_sp0.mtx,10974,no-drop,0.0,0.0,,0,1,1,0,0,1213193,1213193,44,44,10358,10358,0,37,37,81,81,0,0.0,0.0,0.0,10291,10291,0,0.0,5082,5082,0,0,0,0,0,0.0,0,0,0,0,0.0,0,0,0,0,0.0,0,0,0,0,0,0,0,0,0,0.0,0.0,0.0,0.0,0.0,0.0,0.0,0.0,0.0,0.0,0.0,0.0,0.0,0.0,0.0,0.0,0.0,0.0,2.189189189189189,2.189189189189189,0.0,0.0,0.0,0.0,0.0,0.0,0,0,0,0.0,3,3,0,0,0,0,0,0,0.0
SPD,0,0,0,0.0,ok,,bcsstk17,factor-l,/home/scan_SpTRSV/data/factors/spcg/bcsstk17/spcg_spilu_l_bcsstk17_fill10_drop0.0001_sp0.mtx,10974,magnitude-drop,0.01,0.007367335617663472,0.0001,1,1,1,8938,8938,1213193,1204255,44,46,10358,10356,2,37,39,81,85,4,0.00036449790413705123,0.049474860798136226,0.0004947486079813622,10291,10247,-44,-0.004009476945507563,5082,5052,30,0,0,0,0,0.0,0,0,0,0,0.0,0,0,0,0,0.0,0,0,0,0,0,0,0,0,0,0.0,0.0,0.0,0.0,0.0,0.0,0.0,0.0,0.0,0.0,0.0,0.0,0.0,0.0,0.0,0.0,0.0,0.0,2.189189189189189,2.1794871794871793,0.0,0.0,0.0,0.0,0.0,0.0,0,0,0,0.0,3,3,0,0,0,0,0,0,0.00044752741105392703
SPD,0,0,0,0.0,ok,,bcsstk17,factor-l,/home/scan_SpTRSV/data/factors/spcg/bcsstk17/spcg_spilu_l_bcsstk17_fill10_drop0.0001_sp0.mtx,10974,magnitude-drop,0.01,0.009999233427822284,0.0001,-1,1,1,12131,3485,1213193,1201062,44,46,10358,10356,2,37,39,81,85,4,0.00036449790413705123,0.036452584767433974,0.0003645258476743398,10291,10240,-51,-0.004647348277747403,5082,5054,28,0,0,0,0,0.0,0,0,0,0,0.0,0,0,0,0,0.0,0,0,0,0,0,0,0,0,0,0.0,0.0,0.0,0.0,0.0,0.0,0.0,0.0,0.0,0.0,0.0,0.0,0.0,0.0,0.0,0.0,0.0,0.0,2.189189189189189,2.1794871794871793,0.0,0.0,0.0,0.0,0.0,0.0,0,0,0,0.0,3,3,0,0,0,0,0,0,0.000329733740004946
SPD,0,0,0,0.0,ok,,bcsstk17,factor-l,/home/scan_SpTRSV/data/factors/spcg/bcsstk17/spcg_spilu_l_bcsstk17_fill10_drop0.0001_sp0.mtx,10974,magnitude-drop,0.01,0.008090221423961397,0.001,1,1,1,9815,9815,1213193,1203378,44,46,10358,10356,2,37,39,81,85,4,0.00036449790413705123,0.04505413202381473,0.00045054132023814736,10291,10231,-60,-0.005467468562055768,5082,5045,37,0,0,0,0,0.0,0,0,0,0,0.0,0,0,0,0,0.0,0,0,0,0,0,0,0,0,0,0.0,0.0,0.0,0.0,0.0,0.0,0.0,0.0,0.0,0.0,0.0,0.0,0.0,0.0,0.0,0.0,0.0,0.0,2.189189189189189,2.1794871794871793,0.0,0.0,0.0,0.0,0.0,0.0,0,0,0,0.0,3,3,0,0,0,0,0,0,0.0004075394803871625
SPD,0,0,0,0.0,ok,,bcsstk17,factor-l,/home/scan_SpTRSV/data/factors/spcg/bcsstk17/spcg_spilu_l_bcsstk17_fill10_drop0.0001_sp0.mtx,10974,magnitude-drop,0.01,0.009999233427822284,0.001,-1,1,1,12131,3485,1213193,1201062,44,46,10358,10356,2,37,39,81,85,4,0.00036449790413705123,0.036452584767433974,0.0003645258476743398,10291,10240,-51,-0.004647348277747403,5082,5054,28,0,0,0,0,0.0,0,0,0,0,0.0,0,0,0,0,0.0,0,0,0,0,0,0,0,0,0,0.0,0.0,0.0,0.0,0.0,0.0,0.0,0.0,0.0,0.0,0.0,0.0,0.0,0.0,0.0,0.0,0.0,0.0,2.189189189189189,2.1794871794871793,0.0,0.0,0.0,0.0,0.0,0.0,0,0,0,0.0,3,3,0,0,0,0,0,0,0.000329733740004946
SPD,0,0,0,0.0,ok,,bcsstk17,factor-l,/home/scan_SpTRSV/data/factors/spcg/bcsstk17/spcg_spilu_l_bcsstk17_fill10_drop0.0001_sp0.mtx,10974,magnitude-drop,0.01,0.008299586298305382,0.01,1,1,1,10069,10069,1213193,1203124,44,46,10358,10356,2,37,39,81,85,4,0.00036449790413705123,0.043917599147258075,0.0004391759914725808,10291,10201,-90,-0.008201202843083653,5082,5019,63,0,0,0,0,0.0,0,0,0,0,0.0,0,0,0,0,0.0,0,0,0,0,0,0,0,0,0,0.0,0.0,0.0,0.0,0.0,0.0,0.0,0.0,0.0,0.0,0.0,0.0,0.0,0.0,0.0,0.0,0.0,0.0,2.189189189189189,2.1794871794871793,0.0,0.0,0.0,0.0,0.0,0.0,0,0,0,0.0,3,3,0,0,0,0,0,0,0.00039725891349687157
SPD,0,0,0,0.0,ok,,bcsstk17,factor-l,/home/scan_SpTRSV/data/factors/spcg/bcsstk17/spcg_spilu_l_bcsstk17_fill10_drop0.0001_sp0.mtx,10974,magnitude-drop,0.01,0.009999233427822284,0.01,-1,1,1,12131,3485,1213193,1201062,44,46,10358,10356,2,37,39,81,85,4,0.00036449790413705123,0.036452584767433974,0.0003645258476743398,10291,10240,-51,-0.004647348277747403,5082,5054,28,0,0,0,0,0.0,0,0,0,0,0.0,0,0,0,0,0.0,0,0,0,0,0,0,0,0,0,0.0,0.0,0.0,0.0,0.0,0.0,0.0,0.0,0.0,0.0,0.0,0.0,0.0,0.0,0.0,0.0,0.0,0.0,2.189189189189189,2.1794871794871793,0.0,0.0,0.0,0.0,0.0,0.0,0,0,0,0.0,3,3,0,0,0,0,0,0,0.000329733740004946
SPD,0,0,0,0.0,ok,,bcsstk17,factor-l,/home/scan_SpTRSV/data/factors/spcg/bcsstk17/spcg_spilu_l_bcsstk17_fill10_drop0.0001_sp0.mtx,10974,magnitude-drop,0.02,0.007367335617663472,0.0001,1,1,1,8938,8938,1213193,1204255,44,46,10358,10356,2,37,39,81,85,4,0.00036449790413705123,0.049474860798136226,0.0004947486079813622,10291,10247,-44,-0.004009476945507563,5082,5052,30,0,0,0,0,0.0,0,0,0,0,0.0,0,0,0,0,0.0,0,0,0,0,0,0,0,0,0,0.0,0.0,0.0,0.0,0.0,0.0,0.0,0.0,0.0,0.0,0.0,0.0,0.0,0.0,0.0,0.0,0.0,0.0,2.189189189189189,2.1794871794871793,0.0,0.0,0.0,0.0,0.0,0.0,0,0,0,0.0,3,3,0,0,0,0,0,0,0.00044752741105392703
SPD,0,0,0,0.0,ok,,bcsstk17,factor-l,/home/scan_SpTRSV/data/factors/spcg/bcsstk17/spcg_spilu_l_bcsstk17_fill10_drop0.0001_sp0.mtx,10974,magnitude-drop,0.02,0.019999291126803403,0.0001,-1,1,1,24263,5277,1213193,1188930,44,46,10358,10356,2,37,39,81,85,4,0.00036449790413705123,0.018225541186734598,0.00018225541186734598,10291,10218,-73,-0.006652086750501184,5082,5028,54,0,0,0,0,0.0,0,0,0,0,0.0,0,0,0,0,0.0,0,0,0,0,0,0,0,0,0,0.0,0.0,0.0,0.0,0.0,0.0,0.0,0.0,0.0,0.0,0.0,0.0,0.0,0.0,0.0,0.0,0.0,0.0,2.189189189189189,2.1794871794871793,0.0,0.0,0.0,0.0,0.0,0.0,0,0,0,0.0,3,3,0,0,0,0,0,0,0.00016486007501133413
SPD,0,0,0,0.0,ok,,bcsstk17,factor-l,/home/scan_SpTRSV/data/factors/spcg/bcsstk17/spcg_spilu_l_bcsstk17_fill10_drop0.0001_sp0.mtx,10974,magnitude-drop,0.02,0.008090221423961397,0.001,1,1,1,9815,9815,1213193,1203378,44,46,10358,10356,2,37,39,81,85,4,0.00036449790413705123,0.04505413202381473,0.00045054132023814736,10291,10231,-60,-0.005467468562055768,5082,5045,37,0,0,0,0,0.0,0,0,0,0,0.0,0,0,0,0,0.0,0,0,0,0,0,0,0,0,0,0.0,0.0,0.0,0.0,0.0,0.0,0.0,0.0,0.0,0.0,0.0,0.0,0.0,0.0,0.0,0.0,0.0,0.0,2.189189189189189,2.1794871794871793,0.0,0.0,0.0,0.0,0.0,0.0,0,0,0,0.0,3,3,0,0,0,0,0,0,0.0004075394803871625
SPD,0,0,0,0.0,ok,,bcsstk17,factor-l,/home/scan_SpTRSV/data/factors/spcg/bcsstk17/spcg_spilu_l_bcsstk17_fill10_drop0.0001_sp0.mtx,10974,magnitude-drop,0.02,0.019999291126803403,0.001,-1,1,1,24263,5277,1213193,1188930,44,46,10358,10356,2,37,39,81,85,4,0.00036449790413705123,0.018225541186734598,0.00018225541186734598,10291,10218,-73,-0.006652086750501184,5082,5028,54,0,0,0,0,0.0,0,0,0,0,0.0,0,0,0,0,0.0,0,0,0,0,0,0,0,0,0,0.0,0.0,0.0,0.0,0.0,0.0,0.0,0.0,0.0,0.0,0.0,0.0,0.0,0.0,0.0,0.0,0.0,0.0,2.189189189189189,2.1794871794871793,0.0,0.0,0.0,0.0,0.0,0.0,0,0,0,0.0,3,3,0,0,0,0,0,0,0.00016486007501133413
SPD,0,0,0,0.0,ok,,bcsstk17,factor-l,/home/scan_SpTRSV/data/factors/spcg/bcsstk17/spcg_spilu_l_bcsstk17_fill10_drop0.0001_sp0.mtx,10974,magnitude-drop,0.02,0.008299586298305382,0.01,1,1,1,10069,10069,1213193,1203124,44,46,10358,10356,2,37,39,81,85,4,0.00036449790413705123,0.043917599147258075,0.0004391759914725808,10291,10201,-90,-0.008201202843083653,5082,5019,63,0,0,0,0,0.0,0,0,0,0,0.0,0,0,0,0,0.0,0,0,0,0,0,0,0,0,0,0.0,0.0,0.0,0.0,0.0,0.0,0.0,0.0,0.0,0.0,0.0,0.0,0.0,0.0,0.0,0.0,0.0,0.0,2.189189189189189,2.1794871794871793,0.0,0.0,0.0,0.0,0.0,0.0,0,0,0,0.0,3,3,0,0,0,0,0,0,0.00039725891349687157
SPD,0,0,0,0.0,ok,,bcsstk17,factor-l,/home/scan_SpTRSV/data/factors/spcg/bcsstk17/spcg_spilu_l_bcsstk17_fill10_drop0.0001_sp0.mtx,10974,magnitude-drop,0.02,0.019999291126803403,0.01,-1,1,1,24263,5277,1213193,1188930,44,46,10358,10356,2,37,39,81,85,4,0.00036449790413705123,0.018225541186734598,0.00018225541186734598,10291,10218,-73,-0.006652086750501184,5082,5028,54,0,0,0,0,0.0,0,0,0,0,0.0,0,0,0,0,0.0,0,0,0,0,0,0,0,0,0,0.0,0.0,0.0,0.0,0.0,0.0,0.0,0.0,0.0,0.0,0.0,0.0,0.0,0.0,0.0,0.0,0.0,0.0,2.189189189189189,2.1794871794871793,0.0,0.0,0.0,0.0,0.0,0.0,0,0,0,0.0,3,3,0,0,0,0,0,0,0.00016486007501133413
SPD,0,0,0,0.0,ok,,bcsstk17,factor-l,/home/scan_SpTRSV/data/factors/spcg/bcsstk17/spcg_spilu_l_bcsstk17_fill10_drop0.0001_sp0.mtx,10974,magnitude-drop,0.05,0.007367335617663472,0.0001,1,1,1,8938,8938,1213193,1204255,44,46,10358,10356,2,37,39,81,85,4,0.00036449790413705123,0.049474860798136226,0.0004947486079813622,10291,10247,-44,-0.004009476945507563,5082,5052,30,0,0,0,0,0.0,0,0,0,0,0.0,0,0,0,0,0.0,0,0,0,0,0,0,0,0,0,0.0,0.0,0.0,0.0,0.0,0.0,0.0,0.0,0.0,0.0,0.0,0.0,0.0,0.0,0.0,0.0,0.0,0.0,2.189189189189189,2.1794871794871793,0.0,0.0,0.0,0.0,0.0,0.0,0,0,0,0.0,3,3,0,0,0,0,0,0,0.00044752741105392703
SPD,0,0,0,0.0,ok,,bcsstk17,factor-l,/home/scan_SpTRSV/data/factors/spcg/bcsstk17/spcg_spilu_l_bcsstk17_fill10_drop0.0001_sp0.mtx,10974,magnitude-drop,0.05,0.04999946422374676,0.0001,-1,1,1,60659,7359,1213193,1152534,44,46,10358,10356,2,37,39,81,85,4,0.00036449790413705123,0.007290036199306642,7.290036199306642e-05,10291,10166,-125,-0.01139055950428285,5082,5003,79,0,0,0,0,0.0,0,0,0,0,0.0,0,0,0,0,0.0,0,0,0,0,0,0,0,0,0,0.0,0.0,0.0,0.0,0.0,0.0,0.0,0.0,0.0,0.0,0.0,0.0,0.0,0.0,0.0,0.0,0.0,0.0,2.189189189189189,2.1794871794871793,0.0,0.0,0.0,0.0,0.0,0.0,0,0,0,0.0,3,3,0,0,0,0,0,0,6.594239931419904e-05
SPD,0,0,0,0.0,ok,,bcsstk17,factor-l,/home/scan_SpTRSV/data/factors/spcg/bcsstk17/spcg_spilu_l_bcsstk17_fill10_drop0.0001_sp0.mtx,10974,magnitude-drop,0.05,0.008090221423961397,0.001,1,1,1,9815,9815,1213193,1203378,44,46,10358,10356,2,37,39,81,85,4,0.00036449790413705123,0.04505413202381473,0.00045054132023814736,10291,10231,-60,-0.005467468562055768,5082,5045,37,0,0,0,0,0.0,0,0,0,0,0.0,0,0,0,0,0.0,0,0,0,0,0,0,0,0,0,0.0,0.0,0.0,0.0,0.0,0.0,0.0,0.0,0.0,0.0,0.0,0.0,0.0,0.0,0.0,0.0,0.0,0.0,2.189189189189189,2.1794871794871793,0.0,0.0,0.0,0.0,0.0,0.0,0,0,0,0.0,3,3,0,0,0,0,0,0,0.0004075394803871625
SPD,0,0,0,0.0,ok,,bcsstk17,factor-l,/home/scan_SpTRSV/data/factors/spcg/bcsstk17/spcg_spilu_l_bcsstk17_fill10_drop0.0001_sp0.mtx,10974,magnitude-drop,0.05,0.04999946422374676,0.001,-1,1,1,60659,7359,1213193,1152534,44,46,10358,10356,2,37,39,81,85,4,0.00036449790413705123,0.007290036199306642,7.290036199306642e-05,10291,10166,-125,-0.01139055950428285,5082,5003,79,0,0,0,0,0.0,0,0,0,0,0.0,0,0,0,0,0.0,0,0,0,0,0,0,0,0,0,0.0,0.0,0.0,0.0,0.0,0.0,0.0,0.0,0.0,0.0,0.0,0.0,0.0,0.0,0.0,0.0,0.0,0.0,2.189189189189189,2.1794871794871793,0.0,0.0,0.0,0.0,0.0,0.0,0,0,0,0.0,3,3,0,0,0,0,0,0,6.594239931419904e-05
SPD,0,0,0,0.0,ok,,bcsstk17,factor-l,/home/scan_SpTRSV/data/factors/spcg/bcsstk17/spcg_spilu_l_bcsstk17_fill10_drop0.0001_sp0.mtx,10974,magnitude-drop,0.05,0.008299586298305382,0.01,1,1,1,10069,10069,1213193,1203124,44,46,10358,10356,2,37,39,81,85,4,0.00036449790413705123,0.043917599147258075,0.0004391759914725808,10291,10201,-90,-0.008201202843083653,5082,5019,63,0,0,0,0,0.0,0,0,0,0,0.0,0,0,0,0,0.0,0,0,0,0,0,0,0,0,0,0.0,0.0,0.0,0.0,0.0,0.0,0.0,0.0,0.0,0.0,0.0,0.0,0.0,0.0,0.0,0.0,0.0,0.0,2.189189189189189,2.1794871794871793,0.0,0.0,0.0,0.0,0.0,0.0,0,0,0,0.0,3,3,0,0,0,0,0,0,0.00039725891349687157
SPD,0,0,0,0.0,ok,,bcsstk17,factor-l,/home/scan_SpTRSV/data/factors/spcg/bcsstk17/spcg_spilu_l_bcsstk17_fill10_drop0.0001_sp0.mtx,10974,magnitude-drop,0.05,0.04999946422374676,0.01,-1,1,1,60659,7359,1213193,1152534,44,46,10358,10356,2,37,39,81,85,4,0.00036449790413705123,0.007290036199306642,7.290036199306642e-05,10291,10166,-125,-0.01139055950428285,5082,5003,79,0,0,0,0,0.0,0,0,0,0,0.0,0,0,0,0,0.0,0,0,0,0,0,0,0,0,0,0.0,0.0,0.0,0.0,0.0,0.0,0.0,0.0,0.0,0.0,0.0,0.0,0.0,0.0,0.0,0.0,0.0,0.0,2.189189189189189,2.1794871794871793,0.0,0.0,0.0,0.0,0.0,0.0,0,0,0,0.0,3,3,0,0,0,0,0,0,6.594239931419904e-05
SPD,0,0,0,0.0,ok,,bcsstk17,factor-l,/home/scan_SpTRSV/data/factors/spcg/bcsstk17/spcg_spilu_l_bcsstk17_fill10_drop0.0001_sp0.mtx,10974,magnitude-drop,0.1,0.007367335617663472,0.0001,1,1,1,8938,8938,1213193,1204255,44,46,10358,10356,2,37,39,81,85,4,0.00036449790413705123,0.049474860798136226,0.0004947486079813622,10291,10247,-44,-0.004009476945507563,5082,5052,30,0,0,0,0,0.0,0,0,0,0,0.0,0,0,0,0,0.0,0,0,0,0,0,0,0,0,0,0.0,0.0,0.0,0.0,0.0,0.0,0.0,0.0,0.0,0.0,0.0,0.0,0.0,0.0,0.0,0.0,0.0,0.0,2.189189189189189,2.1794871794871793,0.0,0.0,0.0,0.0,0.0,0.0,0,0,0,0.0,3,3,0,0,0,0,0,0,0.00044752741105392703
SPD,0,0,0,0.0,ok,,bcsstk17,factor-l,/home/scan_SpTRSV/data/factors/spcg/bcsstk17/spcg_spilu_l_bcsstk17_fill10_drop0.0001_sp0.mtx,10974,magnitude-drop,0.1,0.09999975271865234,0.0001,-1,1,1,121319,8450,1213193,1091874,44,46,10358,10356,2,37,39,81,85,4,0.00036449790413705123,0.003644988054746096,3.6449880547460965e-05,10291,10126,-165,-0.015035538545653362,5082,4978,104,0,0,0,0,0.0,0,0,0,0,0.0,0,0,0,0,0.0,0,0,0,0,0,0,0,0,0,0.0,0.0,0.0,0.0,0.0,0.0,0.0,0.0,0.0,0.0,0.0,0.0,0.0,0.0,0.0,0.0,0.0,0.0,2.189189189189189,2.1794871794871793,0.0,0.0,0.0,0.0,0.0,0.0,0,0,0,0.0,3,3,0,0,0,0,0,0,3.2970927884337986e-05
SPD,0,0,0,0.0,ok,,bcsstk17,factor-l,/home/scan_SpTRSV/data/factors/spcg/bcsstk17/spcg_spilu_l_bcsstk17_fill10_drop0.0001_sp0.mtx,10974,magnitude-drop,0.1,0.008090221423961397,0.001,1,1,1,9815,9815,1213193,1203378,44,46,10358,10356,2,37,39,81,85,4,0.00036449790413705123,0.04505413202381473,0.00045054132023814736,10291,10231,-60,-0.005467468562055768,5082,5045,37,0,0,0,0,0.0,0,0,0,0,0.0,0,0,0,0,0.0,0,0,0,0,0,0,0,0,0,0.0,0.0,0.0,0.0,0.0,0.0,0.0,0.0,0.0,0.0,0.0,0.0,0.0,0.0,0.0,0.0,0.0,0.0,2.189189189189189,2.1794871794871793,0.0,0.0,0.0,0.0,0.0,0.0,0,0,0,0.0,3,3,0,0,0,0,0,0,0.0004075394803871625
SPD,0,0,0,0.0,ok,,bcsstk17,factor-l,/home/scan_SpTRSV/data/factors/spcg/bcsstk17/spcg_spilu_l_bcsstk17_fill10_drop0.0001_sp0.mtx,10974,magnitude-drop,0.1,0.09999975271865234,0.001,-1,1,1,121319,8450,1213193,1091874,44,46,10358,10356,2,37,39,81,85,4,0.00036449790413705123,0.003644988054746096,3.6449880547460965e-05,10291,10126,-165,-0.015035538545653362,5082,4978,104,0,0,0,0,0.0,0,0,0,0,0.0,0,0,0,0,0.0,0,0,0,0,0,0,0,0,0,0.0,0.0,0.0,0.0,0.0,0.0,0.0,0.0,0.0,0.0,0.0,0.0,0.0,0.0,0.0,0.0,0.0,0.0,2.189189189189189,2.1794871794871793,0.0,0.0,0.0,0.0,0.0,0.0,0,0,0,0.0,3,3,0,0,0,0,0,0,3.2970927884337986e-05
SPD,0,0,0,0.0,ok,,bcsstk17,factor-l,/home/scan_SpTRSV/data/factors/spcg/bcsstk17/spcg_spilu_l_bcsstk17_fill10_drop0.0001_sp0.mtx,10974,magnitude-drop,0.1,0.008299586298305382,0.01,1,1,1,10069,10069,1213193,1203124,44,46,10358,10356,2,37,39,81,85,4,0.00036449790413705123,0.043917599147258075,0.0004391759914725808,10291,10201,-90,-0.008201202843083653,5082,5019,63,0,0,0,0,0.0,0,0,0,0,0.0,0,0,0,0,0.0,0,0,0,0,0,0,0,0,0,0.0,0.0,0.0,0.0,0.0,0.0,0.0,0.0,0.0,0.0,0.0,0.0,0.0,0.0,0.0,0.0,0.0,0.0,2.189189189189189,2.1794871794871793,0.0,0.0,0.0,0.0,0.0,0.0,0,0,0,0.0,3,3,0,0,0,0,0,0,0.00039725891349687157
SPD,0,0,0,0.0,ok,,bcsstk17,factor-l,/home/scan_SpTRSV/data/factors/spcg/bcsstk17/spcg_spilu_l_bcsstk17_fill10_drop0.0001_sp0.mtx,10974,magnitude-drop,0.1,0.09999975271865234,0.01,-1,1,1,121319,8450,1213193,1091874,44,46,10358,10356,2,37,39,81,85,4,0.00036449790413705123,0.003644988054746096,3.6449880547460965e-05,10291,10126,-165,-0.015035538545653362,5082,4978,104,0,0,0,0,0.0,0,0,0,0,0.0,0,0,0,0,0.0,0,0,0,0,0,0,0,0,0,0.0,0.0,0.0,0.0,0.0,0.0,0.0,0.0,0.0,0.0,0.0,0.0,0.0,0.0,0.0,0.0,0.0,0.0,2.189189189189189,2.1794871794871793,0.0,0.0,0.0,0.0,0.0,0.0,0,0,0,0.0,3,3,0,0,0,0,0,0,3.2970927884337986e-05
SPD,0,0,0,0.0,ok,,bcsstk17,factor-l,/home/scan_SpTRSV/data/factors/spcg/bcsstk17/spcg_spilu_l_bcsstk17_fill10_drop0.0001_sp0.mtx,10974,wavefront-oriented,0.01,0.007367335617663472,0.0001,1,1,1,8938,8938,1213193,1204255,44,46,10358,10356,2,37,39,81,85,4,0.00036449790413705123,0.049474860798136226,0.0004947486079813622,10291,10001,-290,-0.026426098049936213,5082,4844,238,0,0,0,0,0.0,0,0,0,0,0.0,0,0,0,0,0.0,0,0,0,0,0,0,0,0,0,0.0,0.0,0.0,0.0,0.0,0.0,0.0,0.0,0.0,0.0,0.0,0.0,0.0,0.0,0.0,0.0,0.0,0.0,2.189189189189189,2.1794871794871793,0.0,0.0,0.0,0.0,0.0,0.0,0,0,0,0.0,3,3,0,0,0,0,0,0,0.00044752741105392703
SPD,0,0,0,0.0,ok,,bcsstk17,factor-l,/home/scan_SpTRSV/data/factors/spcg/bcsstk17/spcg_spilu_l_bcsstk17_fill10_drop0.0001_sp0.mtx,10974,wavefront-oriented,0.01,0.009999233427822284,0.0001,-1,1,1,12131,520,1213193,1201062,44,44,10358,10358,0,37,37,81,81,0,0.0,0.0,0.0,10291,10175,-116,-0.010570439219974486,5082,5012,70,0,0,0,0,0.0,0,0,0,0,0.0,0,0,0,0,0.0,0,0,0,0,0,0,0,0,0,0.0,0.0,0.0,0.0,0.0,0.0,0.0,0.0,0.0,0.0,0.0,0.0,0.0,0.0,0.0,0.0,0.0,0.0,2.189189189189189,2.189189189189189,0.0,0.0,0.0,0.0,0.0,0.0,0,0,0,0.0,3,3,0,0,0,0,0,0,0.0
SPD,0,0,0,0.0,ok,,bcsstk17,factor-l,/home/scan_SpTRSV/data/factors/spcg/bcsstk17/spcg_spilu_l_bcsstk17_fill10_drop0.0001_sp0.mtx,10974,wavefront-oriented,0.01,0.008090221423961397,0.001,1,1,1,9815,9815,1213193,1203378,44,46,10358,10356,2,37,39,81,85,4,0.00036449790413705123,0.04505413202381473,0.00045054132023814736,10291,9538,-753,-0.06861673045379989,5082,4472,610,0,0,0,0,0.0,0,0,0,0,0.0,0,0,0,0,0.0,0,0,0,0,0,0,0,0,0,0.0,0.0,0.0,0.0,0.0,0.0,0.0,0.0,0.0,0.0,0.0,0.0,0.0,0.0,0.0,0.0,0.0,0.0,2.189189189189189,2.1794871794871793,0.0,0.0,0.0,0.0,0.0,0.0,0,0,0,0.0,3,3,0,0,0,0,0,0,0.0004075394803871625
SPD,0,0,0,0.0,ok,,bcsstk17,factor-l,/home/scan_SpTRSV/data/factors/spcg/bcsstk17/spcg_spilu_l_bcsstk17_fill10_drop0.0001_sp0.mtx,10974,wavefront-oriented,0.01,0.009999233427822284,0.001,-1,1,1,12131,353,1213193,1201062,44,44,10358,10358,0,37,37,81,81,0,0.0,0.0,0.0,10291,10037,-254,-0.02314561691270275,5082,4895,187,0,0,0,0,0.0,0,0,0,0,0.0,0,0,0,0,0.0,0,0,0,0,0,0,0,0,0,0.0,0.0,0.0,0.0,0.0,0.0,0.0,0.0,0.0,0.0,0.0,0.0,0.0,0.0,0.0,0.0,0.0,0.0,2.189189189189189,2.189189189189189,0.0,0.0,0.0,0.0,0.0,0.0,0,0,0,0.0,3,3,0,0,0,0,0,0,0.0
SPD,0,0,0,0.0,ok,,bcsstk17,factor-l,/home/scan_SpTRSV/data/factors/spcg/bcsstk17/spcg_spilu_l_bcsstk17_fill10_drop0.0001_sp0.mtx,10974,wavefront-oriented,0.01,0.008299586298305382,0.01,1,1,1,10069,10069,1213193,1203124,44,46,10358,10356,2,37,39,81,85,4,0.00036449790413705123,0.043917599147258075,0.0004391759914725808,10291,7486,-2805,-0.25560415527610714,5082,2921,2161,0,0,0,0,0.0,0,0,0,0,0.0,0,0,0,0,0.0,0,0,0,0,0,0,0,0,0,0.0,0.0,0.0,0.0,0.0,0.0,0.0,0.0,0.0,0.0,0.0,0.0,0.0,0.0,0.0,0.0,0.0,0.0,2.189189189189189,2.1794871794871793,0.0,0.0,0.0,0.0,0.0,0.0,0,0,0,0.0,3,3,0,0,0,0,0,0,0.00039725891349687157
SPD,0,0,0,0.0,ok,,bcsstk17,factor-l,/home/scan_SpTRSV/data/factors/spcg/bcsstk17/spcg_spilu_l_bcsstk17_fill10_drop0.0001_sp0.mtx,10974,wavefront-oriented,0.01,0.009999233427822284,0.01,-1,1,1,12131,616,1213193,1201062,44,44,10358,10358,0,37,37,81,81,0,0.0,0.0,0.0,10291,9431,-860,-0.07836704938946601,5082,4483,599,0,0,0,0,0.0,0,0,0,0,0.0,0,0,0,0,0.0,0,0,0,0,0,0,0,0,0,0.0,0.0,0.0,0.0,0.0,0.0,0.0,0.0,0.0,0.0,0.0,0.0,0.0,0.0,0.0,0.0,0.0,0.0,2.189189189189189,2.189189189189189,0.0,0.0,0.0,0.0,0.0,0.0,0,0,0,0.0,3,3,0,0,0,0,0,0,0.0
SPD,0,0,0,0.0,ok,,bcsstk17,factor-l,/home/scan_SpTRSV/data/factors/spcg/bcsstk17/spcg_spilu_l_bcsstk17_fill10_drop0.0001_sp0.mtx,10974,wavefront-oriented,0.02,0.007367335617663472,0.0001,1,1,1,8938,8938,1213193,1204255,44,46,10358,10356,2,37,39,81,85,4,0.00036449790413705123,0.049474860798136226,0.0004947486079813622,10291,10001,-290,-0.026426098049936213,5082,4844,238,0,0,0,0,0.0,0,0,0,0,0.0,0,0,0,0,0.0,0,0,0,0,0,0,0,0,0,0.0,0.0,0.0,0.0,0.0,0.0,0.0,0.0,0.0,0.0,0.0,0.0,0.0,0.0,0.0,0.0,0.0,0.0,2.189189189189189,2.1794871794871793,0.0,0.0,0.0,0.0,0.0,0.0,0,0,0,0.0,3,3,0,0,0,0,0,0,0.00044752741105392703
SPD,0,0,0,0.0,ok,,bcsstk17,factor-l,/home/scan_SpTRSV/data/factors/spcg/bcsstk17/spcg_spilu_l_bcsstk17_fill10_drop0.0001_sp0.mtx,10974,wavefront-oriented,0.02,0.019999291126803403,0.0001,-1,1,1,24263,1174,1213193,1188930,44,44,10358,10358,0,37,37,81,81,0,0.0,0.0,0.0,10291,10161,-130,-0.011846181884454165,5082,4999,83,0,0,0,0,0.0,0,0,0,0,0.0,0,0,0,0,0.0,0,0,0,0,0,0,0,0,0,0.0,0.0,0.0,0.0,0.0,0.0,0.0,0.0,0.0,0.0,0.0,0.0,0.0,0.0,0.0,0.0,0.0,0.0,2.189189189189189,2.189189189189189,0.0,0.0,0.0,0.0,0.0,0.0,0,0,0,0.0,3,3,0,0,0,0,0,0,0.0
SPD,0,0,0,0.0,ok,,bcsstk17,factor-l,/home/scan_SpTRSV/data/factors/spcg/bcsstk17/spcg_spilu_l_bcsstk17_fill10_drop0.0001_sp0.mtx,10974,wavefront-oriented,0.02,0.008090221423961397,0.001,1,1,1,9815,9815,1213193,1203378,44,46,10358,10356,2,37,39,81,85,4,0.00036449790413705123,0.04505413202381473,0.00045054132023814736,10291,9538,-753,-0.06861673045379989,5082,4472,610,0,0,0,0,0.0,0,0,0,0,0.0,0,0,0,0,0.0,0,0,0,0,0,0,0,0,0,0.0,0.0,0.0,0.0,0.0,0.0,0.0,0.0,0.0,0.0,0.0,0.0,0.0,0.0,0.0,0.0,0.0,0.0,2.189189189189189,2.1794871794871793,0.0,0.0,0.0,0.0,0.0,0.0,0,0,0,0.0,3,3,0,0,0,0,0,0,0.0004075394803871625
SPD,0,0,0,0.0,ok,,bcsstk17,factor-l,/home/scan_SpTRSV/data/factors/spcg/bcsstk17/spcg_spilu_l_bcsstk17_fill10_drop0.0001_sp0.mtx,10974,wavefront-oriented,0.02,0.019999291126803403,0.001,-1,1,1,24263,555,1213193,1188930,44,44,10358,10358,0,37,37,81,81,0,0.0,0.0,0.0,10291,10072,-219,-0.019956260251503554,5082,4905,177,0,0,0,0,0.0,0,0,0,0,0.0,0,0,0,0,0.0,0,0,0,0,0,0,0,0,0,0.0,0.0,0.0,0.0,0.0,0.0,0.0,0.0,0.0,0.0,0.0,0.0,0.0,0.0,0.0,0.0,0.0,0.0,2.189189189189189,2.189189189189189,0.0,0.0,0.0,0.0,0.0,0.0,0,0,0,0.0,3,3,0,0,0,0,0,0,0.0
SPD,0,0,0,0.0,ok,,bcsstk17,factor-l,/home/scan_SpTRSV/data/factors/spcg/bcsstk17/spcg_spilu_l_bcsstk17_fill10_drop0.0001_sp0.mtx,10974,wavefront-oriented,0.02,0.008299586298305382,0.01,1,1,1,10069,10069,1213193,1203124,44,46,10358,10356,2,37,39,81,85,4,0.00036449790413705123,0.043917599147258075,0.0004391759914725808,10291,7486,-2805,-0.25560415527610714,5082,2921,2161,0,0,0,0,0.0,0,0,0,0,0.0,0,0,0,0,0.0,0,0,0,0,0,0,0,0,0,0.0,0.0,0.0,0.0,0.0,0.0,0.0,0.0,0.0,0.0,0.0,0.0,0.0,0.0,0.0,0.0,0.0,0.0,2.189189189189189,2.1794871794871793,0.0,0.0,0.0,0.0,0.0,0.0,0,0,0,0.0,3,3,0,0,0,0,0,0,0.00039725891349687157
SPD,0,0,0,0.0,ok,,bcsstk17,factor-l,/home/scan_SpTRSV/data/factors/spcg/bcsstk17/spcg_spilu_l_bcsstk17_fill10_drop0.0001_sp0.mtx,10974,wavefront-oriented,0.02,0.019999291126803403,0.01,-1,1,1,24263,739,1213193,1188930,44,47,10358,10355,3,37,40,81,87,6,0.0005467468562055768,0.027338311780101893,0.0002733831178010189,10291,9444,-847,-0.0771824312010206,5082,4462,620,0,0,0,0,0.0,0,0,0,0,0.0,0,0,0,0,0.0,0,0,0,0,0,0,0,0,0,0.0,0.0,0.0,0.0,0.0,0.0,0.0,0.0,0.0,0.0,0.0,0.0,0.0,0.0,0.0,0.0,0.0,0.0,2.189189189189189,2.175,0.0,0.0,0.0,0.0,0.0,0.0,0,0,0,0.0,3,3,0,0,0,0,0,0,0.0002472901125170012
SPD,0,0,0,0.0,ok,,bcsstk17,factor-l,/home/scan_SpTRSV/data/factors/spcg/bcsstk17/spcg_spilu_l_bcsstk17_fill10_drop0.0001_sp0.mtx,10974,wavefront-oriented,0.05,0.007367335617663472,0.0001,1,1,1,8938,8938,1213193,1204255,44,46,10358,10356,2,37,39,81,85,4,0.00036449790413705123,0.049474860798136226,0.0004947486079813622,10291,10001,-290,-0.026426098049936213,5082,4844,238,0,0,0,0,0.0,0,0,0,0,0.0,0,0,0,0,0.0,0,0,0,0,0,0,0,0,0,0.0,0.0,0.0,0.0,0.0,0.0,0.0,0.0,0.0,0.0,0.0,0.0,0.0,0.0,0.0,0.0,0.0,0.0,2.189189189189189,2.1794871794871793,0.0,0.0,0.0,0.0,0.0,0.0,0,0,0,0.0,3,3,0,0,0,0,0,0,0.00044752741105392703
SPD,0,0,0,0.0,ok,,bcsstk17,factor-l,/home/scan_SpTRSV/data/factors/spcg/bcsstk17/spcg_spilu_l_bcsstk17_fill10_drop0.0001_sp0.mtx,10974,wavefront-oriented,0.05,0.04999946422374676,0.0001,-1,1,1,60659,2743,1213193,1152534,44,44,10358,10358,0,37,37,81,81,0,0.0,0.0,0.0,10291,10094,-197,-0.01795152177874977,5082,4968,114,0,0,0,0,0.0,0,0,0,0,0.0,0,0,0,0,0.0,0,0,0,0,0,0,0,0,0,0.0,0.0,0.0,0.0,0.0,0.0,0.0,0.0,0.0,0.0,0.0,0.0,0.0,0.0,0.0,0.0,0.0,0.0,2.189189189189189,2.189189189189189,0.0,0.0,0.0,0.0,0.0,0.0,0,0,0,0.0,3,3,0,0,0,0,0,0,0.0
SPD,0,0,0,0.0,ok,,bcsstk17,factor-l,/home/scan_SpTRSV/data/factors/spcg/bcsstk17/spcg_spilu_l_bcsstk17_fill10_drop0.0001_sp0.mtx,10974,wavefront-oriented,0.05,0.008090221423961397,0.001,1,1,1,9815,9815,1213193,1203378,44,46,10358,10356,2,37,39,81,85,4,0.00036449790413705123,0.04505413202381473,0.00045054132023814736,10291,9538,-753,-0.06861673045379989,5082,4472,610,0,0,0,0,0.0,0,0,0,0,0.0,0,0,0,0,0.0,0,0,0,0,0,0,0,0,0,0.0,0.0,0.0,0.0,0.0,0.0,0.0,0.0,0.0,0.0,0.0,0.0,0.0,0.0,0.0,0.0,0.0,0.0,2.189189189189189,2.1794871794871793,0.0,0.0,0.0,0.0,0.0,0.0,0,0,0,0.0,3,3,0,0,0,0,0,0,0.0004075394803871625
SPD,0,0,0,0.0,ok,,bcsstk17,factor-l,/home/scan_SpTRSV/data/factors/spcg/bcsstk17/spcg_spilu_l_bcsstk17_fill10_drop0.0001_sp0.mtx,10974,wavefront-oriented,0.05,0.04999946422374676,0.001,-1,1,1,60659,1084,1213193,1152534,44,44,10358,10358,0,37,37,81,81,0,0.0,0.0,0.0,10291,10065,-226,-0.020594131583743392,5082,4882,200,0,0,0,0,0.0,0,0,0,0,0.0,0,0,0,0,0.0,0,0,0,0,0,0,0,0,0,0.0,0.0,0.0,0.0,0.0,0.0,0.0,0.0,0.0,0.0,0.0,0.0,0.0,0.0,0.0,0.0,0.0,0.0,2.189189189189189,2.189189189189189,0.0,0.0,0.0,0.0,0.0,0.0,0,0,0,0.0,3,3,0,0,0,0,0,0,0.0
SPD,0,0,0,0.0,ok,,bcsstk17,factor-l,/home/scan_SpTRSV/data/factors/spcg/bcsstk17/spcg_spilu_l_bcsstk17_fill10_drop0.0001_sp0.mtx,10974,wavefront-oriented,0.05,0.008299586298305382,0.01,1,1,1,10069,10069,1213193,1203124,44,46,10358,10356,2,37,39,81,85,4,0.00036449790413705123,0.043917599147258075,0.0004391759914725808,10291,7486,-2805,-0.25560415527610714,5082,2921,2161,0,0,0,0,0.0,0,0,0,0,0.0,0,0,0,0,0.0,0,0,0,0,0,0,0,0,0,0.0,0.0,0.0,0.0,0.0,0.0,0.0,0.0,0.0,0.0,0.0,0.0,0.0,0.0,0.0,0.0,0.0,0.0,2.189189189189189,2.1794871794871793,0.0,0.0,0.0,0.0,0.0,0.0,0,0,0,0.0,3,3,0,0,0,0,0,0,0.00039725891349687157
SPD,0,0,0,0.0,ok,,bcsstk17,factor-l,/home/scan_SpTRSV/data/factors/spcg/bcsstk17/spcg_spilu_l_bcsstk17_fill10_drop0.0001_sp0.mtx,10974,wavefront-oriented,0.05,0.04999946422374676,0.01,-1,1,1,60659,1021,1213193,1152534,44,50,10358,10352,6,37,43,81,93,12,0.0010934937124111536,0.021870108597919925,0.00021870108597919923,10291,9422,-869,-0.07918716967377437,5082,4420,662,0,0,0,0,0.0,0,0,0,0,0.0,0,0,0,0,0.0,0,0,0,0,0,0,0,0,0,0.0,0.0,0.0,0.0,0.0,0.0,0.0,0.0,0.0,0.0,0.0,0.0,0.0,0.0,0.0,0.0,0.0,0.0,2.189189189189189,2.1627906976744184,0.0,0.0,0.0,0.0,0.0,0.0,0,0,0,0.0,3,3,0,0,0,0,0,0,0.00019782719794259713
SPD,0,0,0,0.0,ok,,bcsstk17,factor-l,/home/scan_SpTRSV/data/factors/spcg/bcsstk17/spcg_spilu_l_bcsstk17_fill10_drop0.0001_sp0.mtx,10974,wavefront-oriented,0.1,0.007367335617663472,0.0001,1,1,1,8938,8938,1213193,1204255,44,46,10358,10356,2,37,39,81,85,4,0.00036449790413705123,0.049474860798136226,0.0004947486079813622,10291,10001,-290,-0.026426098049936213,5082,4844,238,0,0,0,0,0.0,0,0,0,0,0.0,0,0,0,0,0.0,0,0,0,0,0,0,0,0,0,0.0,0.0,0.0,0.0,0.0,0.0,0.0,0.0,0.0,0.0,0.0,0.0,0.0,0.0,0.0,0.0,0.0,0.0,2.189189189189189,2.1794871794871793,0.0,0.0,0.0,0.0,0.0,0.0,0,0,0,0.0,3,3,0,0,0,0,0,0,0.00044752741105392703
SPD,0,0,0,0.0,ok,,bcsstk17,factor-l,/home/scan_SpTRSV/data/factors/spcg/bcsstk17/spcg_spilu_l_bcsstk17_fill10_drop0.0001_sp0.mtx,10974,wavefront-oriented,0.1,0.09999975271865234,0.0001,-1,1,1,121319,4278,1213193,1091874,44,44,10358,10358,0,37,37,81,81,0,0.0,0.0,0.0,10291,10039,-252,-0.022963367960634227,5082,4902,180,0,0,0,0,0.0,0,0,0,0,0.0,0,0,0,0,0.0,0,0,0,0,0,0,0,0,0,0.0,0.0,0.0,0.0,0.0,0.0,0.0,0.0,0.0,0.0,0.0,0.0,0.0,0.0,0.0,0.0,0.0,0.0,2.189189189189189,2.189189189189189,0.0,0.0,0.0,0.0,0.0,0.0,0,0,0,0.0,3,3,0,0,0,0,0,0,0.0
SPD,0,0,0,0.0,ok,,bcsstk17,factor-l,/home/scan_SpTRSV/data/factors/spcg/bcsstk17/spcg_spilu_l_bcsstk17_fill10_drop0.0001_sp0.mtx,10974,wavefront-oriented,0.1,0.008090221423961397,0.001,1,1,1,9815,9815,1213193,1203378,44,46,10358,10356,2,37,39,81,85,4,0.00036449790413705123,0.04505413202381473,0.00045054132023814736,10291,9538,-753,-0.06861673045379989,5082,4472,610,0,0,0,0,0.0,0,0,0,0,0.0,0,0,0,0,0.0,0,0,0,0,0,0,0,0,0,0.0,0.0,0.0,0.0,0.0,0.0,0.0,0.0,0.0,0.0,0.0,0.0,0.0,0.0,0.0,0.0,0.0,0.0,2.189189189189189,2.1794871794871793,0.0,0.0,0.0,0.0,0.0,0.0,0,0,0,0.0,3,3,0,0,0,0,0,0,0.0004075394803871625
SPD,0,0,0,0.0,ok,,bcsstk17,factor-l,/home/scan_SpTRSV/data/factors/spcg/bcsstk17/spcg_spilu_l_bcsstk17_fill10_drop0.0001_sp0.mtx,10974,wavefront-oriented,0.1,0.09999975271865234,0.001,-1,1,1,121319,2315,1213193,1091874,44,44,10358,10358,0,37,37,81,81,0,0.0,0.0,0.0,10291,9982,-309,-0.028157463094587207,5082,4823,259,0,0,0,0,0.0,0,0,0,0,0.0,0,0,0,0,0.0,0,0,0,0,0,0,0,0,0,0.0,0.0,0.0,0.0,0.0,0.0,0.0,0.0,0.0,0.0,0.0,0.0,0.0,0.0,0.0,0.0,0.0,0.0,2.189189189189189,2.189189189189189,0.0,0.0,0.0,0.0,0.0,0.0,0,0,0,0.0,3,3,0,0,0,0,0,0,0.0
SPD,0,0,0,0.0,ok,,bcsstk17,factor-l,/home/scan_SpTRSV/data/factors/spcg/bcsstk17/spcg_spilu_l_bcsstk17_fill10_drop0.0001_sp0.mtx,10974,wavefront-oriented,0.1,0.008299586298305382,0.01,1,1,1,10069,10069,1213193,1203124,44,46,10358,10356,2,37,39,81,85,4,0.00036449790413705123,0.043917599147258075,0.0004391759914725808,10291,7486,-2805,-0.25560415527610714,5082,2921,2161,0,0,0,0,0.0,0,0,0,0,0.0,0,0,0,0,0.0,0,0,0,0,0,0,0,0,0,0.0,0.0,0.0,0.0,0.0,0.0,0.0,0.0,0.0,0.0,0.0,0.0,0.0,0.0,0.0,0.0,0.0,0.0,2.189189189189189,2.1794871794871793,0.0,0.0,0.0,0.0,0.0,0.0,0,0,0,0.0,3,3,0,0,0,0,0,0,0.00039725891349687157
SPD,0,0,0,0.0,ok,,bcsstk17,factor-l,/home/scan_SpTRSV/data/factors/spcg/bcsstk17/spcg_spilu_l_bcsstk17_fill10_drop0.0001_sp0.mtx,10974,wavefront-oriented,0.1,0.09999975271865234,0.01,-1,1,1,121319,1638,1213193,1091874,44,50,10358,10352,6,37,43,81,93,12,0.0010934937124111536,0.010934964164238286,0.00010934964164238288,10291,9297,-994,-0.09057772917805723,5082,4343,739,0,0,0,0,0.0,0,0,0,0,0.0,0,0,0,0,0.0,0,0,0,0,0,0,0,0,0,0.0,0.0,0.0,0.0,0.0,0.0,0.0,0.0,0.0,0.0,0.0,0.0,0.0,0.0,0.0,0.0,0.0,0.0,2.189189189189189,2.1627906976744184,0.0,0.0,0.0,0.0,0.0,0.0,0,0,0,0.0,3,3,0,0,0,0,0,0,9.891278365301396e-05
SPD,0,0,0,0.0,ok,,bcsstk17,factor-l,/home/scan_SpTRSV/data/factors/spcg/bcsstk17/spcg_spilu_l_bcsstk17_fill10_drop0.0001_sp0.mtx,10974,scan-chain-aware,0.01,1.648542317669159e-06,0.0001,1,1,1,2,2,1213193,1213191,44,46,10358,10356,2,37,39,81,85,4,0.00036449790413705123,221.10315290687078,2.2110315290687077,10291,10293,2,0.00018224895206852561,5082,5083,-1,0,0,0,0,0.0,0,0,0,0,0.0,0,0,0,0,0.0,0,0,0,0,0,0,0,0,0,0.0,0.0,0.0,0.0,0.0,0.0,0.0,0.0,0.0,0.0,0.0,0.0,0.0,0.0,0.0,0.0,0.0,0.0,2.189189189189189,2.1794871794871793,0.0,0.0,0.0,0.0,0.0,0.0,0,0,0,0.0,3,3,0,0,0,0,0,0,2.0
SPD,0,0,0,0.0,ok,,bcsstk17,factor-l,/home/scan_SpTRSV/data/factors/spcg/bcsstk17/spcg_spilu_l_bcsstk17_fill10_drop0.0001_sp0.mtx,10974,scan-chain-aware,0.01,0.009999233427822284,0.0001,-1,1,1,12131,530,1213193,1201062,44,46,10358,10356,2,37,39,81,85,4,0.00036449790413705123,0.036452584767433974,0.0003645258476743398,10291,10284,-7,-0.0006378713322398396,5082,5059,23,0,0,0,0,0.0,0,0,0,0,0.0,0,0,0,0,0.0,0,0,0,0,0,0,0,0,0,0.0,0.0,0.0,0.0,0.0,0.0,0.0,0.0,0.0,0.0,0.0,0.0,0.0,0.0,0.0,0.0,0.0,0.0,2.189189189189189,2.1794871794871793,0.0,0.0,0.0,0.0,0.0,0.0,0,0,0,0.0,3,3,0,0,0,0,0,0,0.000329733740004946
SPD,0,0,0,0.0,ok,,bcsstk17,factor-l,/home/scan_SpTRSV/data/factors/spcg/bcsstk17/spcg_spilu_l_bcsstk17_fill10_drop0.0001_sp0.mtx,10974,scan-chain-aware,0.01,1.648542317669159e-06,0.001,1,1,1,2,2,1213193,1213191,44,46,10358,10356,2,37,39,81,85,4,0.00036449790413705123,221.10315290687078,2.2110315290687077,10291,10293,2,0.00018224895206852561,5082,5083,-1,0,0,0,0,0.0,0,0,0,0,0.0,0,0,0,0,0.0,0,0,0,0,0,0,0,0,0,0.0,0.0,0.0,0.0,0.0,0.0,0.0,0.0,0.0,0.0,0.0,0.0,0.0,0.0,0.0,0.0,0.0,0.0,2.189189189189189,2.1794871794871793,0.0,0.0,0.0,0.0,0.0,0.0,0,0,0,0.0,3,3,0,0,0,0,0,0,2.0
SPD,0,0,0,0.0,ok,,bcsstk17,factor-l,/home/scan_SpTRSV/data/factors/spcg/bcsstk17/spcg_spilu_l_bcsstk17_fill10_drop0.0001_sp0.mtx,10974,scan-chain-aware,0.01,0.009999233427822284,0.001,-1,1,1,12131,418,1213193,1201062,44,46,10358,10356,2,37,39,81,85,4,0.00036449790413705123,0.036452584767433974,0.0003645258476743398,10291,10271,-20,-0.001822489520685256,5082,5037,45,0,0,0,0,0.0,0,0,0,0,0.0,0,0,0,0,0.0,0,0,0,0,0,0,0,0,0,0.0,0.0,0.0,0.0,0.0,0.0,0.0,0.0,0.0,0.0,0.0,0.0,0.0,0.0,0.0,0.0,0.0,0.0,2.189189189189189,2.1794871794871793,0.0,0.0,0.0,0.0,0.0,0.0,0,0,0,0.0,3,3,0,0,0,0,0,0,0.000329733740004946
SPD,0,0,0,0.0,ok,,bcsstk17,factor-l,/home/scan_SpTRSV/data/factors/spcg/bcsstk17/spcg_spilu_l_bcsstk17_fill10_drop0.0001_sp0.mtx,10974,scan-chain-aware,0.01,1.648542317669159e-06,0.01,1,1,1,2,2,1213193,1213191,44,46,10358,10356,2,37,39,81,85,4,0.00036449790413705123,221.10315290687078,2.2110315290687077,10291,10293,2,0.00018224895206852561,5082,5083,-1,0,0,0,0,0.0,0,0,0,0,0.0,0,0,0,0,0.0,0,0,0,0,0,0,0,0,0,0.0,0.0,0.0,0.0,0.0,0.0,0.0,0.0,0.0,0.0,0.0,0.0,0.0,0.0,0.0,0.0,0.0,0.0,2.189189189189189,2.1794871794871793,0.0,0.0,0.0,0.0,0.0,0.0,0,0,0,0.0,3,3,0,0,0,0,0,0,2.0
SPD,0,0,0,0.0,ok,,bcsstk17,factor-l,/home/scan_SpTRSV/data/factors/spcg/bcsstk17/spcg_spilu_l_bcsstk17_fill10_drop0.0001_sp0.mtx,10974,scan-chain-aware,0.01,0.009999233427822284,0.01,-1,1,1,12131,482,1213193,1201062,44,52,10358,10350,8,37,44,81,96,15,0.001366867140513942,0.1366971928778774,0.001366971928778774,10291,10271,-20,-0.001822489520685256,5082,5000,82,0,0,0,0,0.0,0,0,0,0,0.0,0,0,0,0,0.0,0,0,0,0,0,0,0,0,0,0.0,0.0,0.0,0.0,0.0,0.0,0.0,0.0,0.0,0.0,0.0,0.0,0.0,0.0,0.0,0.0,0.0,0.0,2.189189189189189,2.1818181818181817,0.0,0.0,0.0,0.0,0.0,0.0,0,0,0,0.0,3,3,0,0,0,0,0,0,0.0012365015250185476
SPD,0,0,0,0.0,ok,,bcsstk17,factor-l,/home/scan_SpTRSV/data/factors/spcg/bcsstk17/spcg_spilu_l_bcsstk17_fill10_drop0.0001_sp0.mtx,10974,scan-chain-aware,0.02,1.648542317669159e-06,0.0001,1,1,1,2,2,1213193,1213191,44,46,10358,10356,2,37,39,81,85,4,0.00036449790413705123,221.10315290687078,2.2110315290687077,10291,10293,2,0.00018224895206852561,5082,5083,-1,0,0,0,0,0.0,0,0,0,0,0.0,0,0,0,0,0.0,0,0,0,0,0,0,0,0,0,0.0,0.0,0.0,0.0,0.0,0.0,0.0,0.0,0.0,0.0,0.0,0.0,0.0,0.0,0.0,0.0,0.0,0.0,2.189189189189189,2.1794871794871793,0.0,0.0,0.0,0.0,0.0,0.0,0,0,0,0.0,3,3,0,0,0,0,0,0,2.0
SPD,0,0,0,0.0,ok,,bcsstk17,factor-l,/home/scan_SpTRSV/data/factors/spcg/bcsstk17/spcg_spilu_l_bcsstk17_fill10_drop0.0001_sp0.mtx,10974,scan-chain-aware,0.02,0.019999291126803403,0.0001,-1,1,1,24263,1166,1213193,1188930,44,46,10358,10356,2,37,39,81,85,4,0.00036449790413705123,0.018225541186734598,0.00018225541186734598,10291,10282,-9,-0.0008201202843083652,5082,5057,25,0,0,0,0,0.0,0,0,0,0,0.0,0,0,0,0,0.0,0,0,0,0,0,0,0,0,0,0.0,0.0,0.0,0.0,0.0,0.0,0.0,0.0,0.0,0.0,0.0,0.0,0.0,0.0,0.0,0.0,0.0,0.0,2.189189189189189,2.1794871794871793,0.0,0.0,0.0,0.0,0.0,0.0,0,0,0,0.0,3,3,0,0,0,0,0,0,0.00016486007501133413
SPD,0,0,0,0.0,ok,,bcsstk17,factor-l,/home/scan_SpTRSV/data/factors/spcg/bcsstk17/spcg_spilu_l_bcsstk17_fill10_drop0.0001_sp0.mtx,10974,scan-chain-aware,0.02,1.648542317669159e-06,0.001,1,1,1,2,2,1213193,1213191,44,46,10358,10356,2,37,39,81,85,4,0.00036449790413705123,221.10315290687078,2.2110315290687077,10291,10293,2,0.00018224895206852561,5082,5083,-1,0,0,0,0,0.0,0,0,0,0,0.0,0,0,0,0,0.0,0,0,0,0,0,0,0,0,0,0.0,0.0,0.0,0.0,0.0,0.0,0.0,0.0,0.0,0.0,0.0,0.0,0.0,0.0,0.0,0.0,0.0,0.0,2.189189189189189,2.1794871794871793,0.0,0.0,0.0,0.0,0.0,0.0,0,0,0,0.0,3,3,0,0,0,0,0,0,2.0
SPD,0,0,0,0.0,ok,,bcsstk17,factor-l,/home/scan_SpTRSV/data/factors/spcg/bcsstk17/spcg_spilu_l_bcsstk17_fill10_drop0.0001_sp0.mtx,10974,scan-chain-aware,0.02,0.019999291126803403,0.001,-1,1,1,24263,579,1213193,1188930,44,46,10358,10356,2,37,39,81,85,4,0.00036449790413705123,0.018225541186734598,0.00018225541186734598,10291,10279,-12,-0.0010934937124111536,5082,5019,63,0,0,0,0,0.0,0,0,0,0,0.0,0,0,0,0,0.0,0,0,0,0,0,0,0,0,0,0.0,0.0,0.0,0.0,0.0,0.0,0.0,0.0,0.0,0.0,0.0,0.0,0.0,0.0,0.0,0.0,0.0,0.0,2.189189189189189,2.1794871794871793,0.0,0.0,0.0,0.0,0.0,0.0,0,0,0,0.0,3,3,0,0,0,0,0,0,0.00016486007501133413
SPD,0,0,0,0.0,ok,,bcsstk17,factor-l,/home/scan_SpTRSV/data/factors/spcg/bcsstk17/spcg_spilu_l_bcsstk17_fill10_drop0.0001_sp0.mtx,10974,scan-chain-aware,0.02,1.648542317669159e-06,0.01,1,1,1,2,2,1213193,1213191,44,46,10358,10356,2,37,39,81,85,4,0.00036449790413705123,221.10315290687078,2.2110315290687077,10291,10293,2,0.00018224895206852561,5082,5083,-1,0,0,0,0,0.0,0,0,0,0,0.0,0,0,0,0,0.0,0,0,0,0,0,0,0,0,0,0.0,0.0,0.0,0.0,0.0,0.0,0.0,0.0,0.0,0.0,0.0,0.0,0.0,0.0,0.0,0.0,0.0,0.0,2.189189189189189,2.1794871794871793,0.0,0.0,0.0,0.0,0.0,0.0,0,0,0,0.0,3,3,0,0,0,0,0,0,2.0
SPD,0,0,0,0.0,ok,,bcsstk17,factor-l,/home/scan_SpTRSV/data/factors/spcg/bcsstk17/spcg_spilu_l_bcsstk17_fill10_drop0.0001_sp0.mtx,10974,scan-chain-aware,0.02,0.019999291126803403,0.01,-1,1,1,24263,599,1213193,1188930,44,52,10358,10350,8,37,44,81,96,15,0.001366867140513942,0.06834577945025473,0.0006834577945025474,10291,10271,-20,-0.001822489520685256,5082,4974,108,0,0,0,0,0.0,0,0,0,0,0.0,0,0,0,0,0.0,0,0,0,0,0,0,0,0,0,0.0,0.0,0.0,0.0,0.0,0.0,0.0,0.0,0.0,0.0,0.0,0.0,0.0,0.0,0.0,0.0,0.0,0.0,2.189189189189189,2.1818181818181817,0.0,0.0,0.0,0.0,0.0,0.0,0,0,0,0.0,3,3,0,0,0,0,0,0,0.000618225281292503
SPD,0,0,0,0.0,ok,,bcsstk17,factor-l,/home/scan_SpTRSV/data/factors/spcg/bcsstk17/spcg_spilu_l_bcsstk17_fill10_drop0.0001_sp0.mtx,10974,scan-chain-aware,0.05,1.648542317669159e-06,0.0001,1,1,1,2,2,1213193,1213191,44,46,10358,10356,2,37,39,81,85,4,0.00036449790413705123,221.10315290687078,2.2110315290687077,10291,10293,2,0.00018224895206852561,5082,5083,-1,0,0,0,0,0.0,0,0,0,0,0.0,0,0,0,0,0.0,0,0,0,0,0,0,0,0,0,0.0,0.0,0.0,0.0,0.0,0.0,0.0,0.0,0.0,0.0,0.0,0.0,0.0,0.0,0.0,0.0,0.0,0.0,2.189189189189189,2.1794871794871793,0.0,0.0,0.0,0.0,0.0,0.0,0,0,0,0.0,3,3,0,0,0,0,0,0,2.0
SPD,0,0,0,0.0,ok,,bcsstk17,factor-l,/home/scan_SpTRSV/data/factors/spcg/bcsstk17/spcg_spilu_l_bcsstk17_fill10_drop0.0001_sp0.mtx,10974,scan-chain-aware,0.05,0.04999946422374676,0.0001,-1,1,1,60659,2645,1213193,1152534,44,46,10358,10356,2,37,39,81,85,4,0.00036449790413705123,0.007290036199306642,7.290036199306642e-05,10291,10283,-8,-0.0007289958082741025,5082,5055,27,0,0,0,0,0.0,0,0,0,0,0.0,0,0,0,0,0.0,0,0,0,0,0,0,0,0,0,0.0,0.0,0.0,0.0,0.0,0.0,0.0,0.0,0.0,0.0,0.0,0.0,0.0,0.0,0.0,0.0,0.0,0.0,2.189189189189189,2.1794871794871793,0.0,0.0,0.0,0.0,0.0,0.0,0,0,0,0.0,3,3,0,0,0,0,0,0,6.594239931419904e-05
SPD,0,0,0,0.0,ok,,bcsstk17,factor-l,/home/scan_SpTRSV/data/factors/spcg/bcsstk17/spcg_spilu_l_bcsstk17_fill10_drop0.0001_sp0.mtx,10974,scan-chain-aware,0.05,1.648542317669159e-06,0.001,1,1,1,2,2,1213193,1213191,44,46,10358,10356,2,37,39,81,85,4,0.00036449790413705123,221.10315290687078,2.2110315290687077,10291,10293,2,0.00018224895206852561,5082,5083,-1,0,0,0,0,0.0,0,0,0,0,0.0,0,0,0,0,0.0,0,0,0,0,0,0,0,0,0,0.0,0.0,0.0,0.0,0.0,0.0,0.0,0.0,0.0,0.0,0.0,0.0,0.0,0.0,0.0,0.0,0.0,0.0,2.189189189189189,2.1794871794871793,0.0,0.0,0.0,0.0,0.0,0.0,0,0,0,0.0,3,3,0,0,0,0,0,0,2.0
SPD,0,0,0,0.0,ok,,bcsstk17,factor-l,/home/scan_SpTRSV/data/factors/spcg/bcsstk17/spcg_spilu_l_bcsstk17_fill10_drop0.0001_sp0.mtx,10974,scan-chain-aware,0.05,0.04999946422374676,0.001,-1,1,1,60659,1088,1213193,1152534,44,46,10358,10356,2,37,39,81,85,4,0.00036449790413705123,0.007290036199306642,7.290036199306642e-05,10291,10279,-12,-0.0010934937124111536,5082,5017,65,0,0,0,0,0.0,0,0,0,0,0.0,0,0,0,0,0.0,0,0,0,0,0,0,0,0,0,0.0,0.0,0.0,0.0,0.0,0.0,0.0,0.0,0.0,0.0,0.0,0.0,0.0,0.0,0.0,0.0,0.0,0.0,2.189189189189189,2.1794871794871793,0.0,0.0,0.0,0.0,0.0,0.0,0,0,0,0.0,3,3,0,0,0,0,0,0,6.594239931419904e-05
SPD,0,0,0,0.0,ok,,bcsstk17,factor-l,/home/scan_SpTRSV/data/factors/spcg/bcsstk17/spcg_spilu_l_bcsstk17_fill10_drop0.0001_sp0.mtx,10974,scan-chain-aware,0.05,1.648542317669159e-06,0.01,1,1,1,2,2,1213193,1213191,44,46,10358,10356,2,37,39,81,85,4,0.00036449790413705123,221.10315290687078,2.2110315290687077,10291,10293,2,0.00018224895206852561,5082,5083,-1,0,0,0,0,0.0,0,0,0,0,0.0,0,0,0,0,0.0,0,0,0,0,0,0,0,0,0,0.0,0.0,0.0,0.0,0.0,0.0,0.0,0.0,0.0,0.0,0.0,0.0,0.0,0.0,0.0,0.0,0.0,0.0,2.189189189189189,2.1794871794871793,0.0,0.0,0.0,0.0,0.0,0.0,0,0,0,0.0,3,3,0,0,0,0,0,0,2.0
SPD,0,0,0,0.0,ok,,bcsstk17,factor-l,/home/scan_SpTRSV/data/factors/spcg/bcsstk17/spcg_spilu_l_bcsstk17_fill10_drop0.0001_sp0.mtx,10974,scan-chain-aware,0.05,0.04999946422374676,0.01,-1,1,1,60659,901,1213193,1152534,44,52,10358,10350,8,37,44,81,96,15,0.001366867140513942,0.027337635747399905,0.000273376357473999,10291,10271,-20,-0.001822489520685256,5082,4958,124,0,0,0,0,0.0,0,0,0,0,0.0,0,0,0,0,0.0,0,0,0,0,0,0,0,0,0,0.0,0.0,0.0,0.0,0.0,0.0,0.0,0.0,0.0,0.0,0.0,0.0,0.0,0.0,0.0,0.0,0.0,0.0,2.189189189189189,2.1818181818181817,0.0,0.0,0.0,0.0,0.0,0.0,0,0,0,0.0,3,3,0,0,0,0,0,0,0.00024728399742824644
SPD,0,0,0,0.0,ok,,bcsstk17,factor-l,/home/scan_SpTRSV/data/factors/spcg/bcsstk17/spcg_spilu_l_bcsstk17_fill10_drop0.0001_sp0.mtx,10974,scan-chain-aware,0.1,1.648542317669159e-06,0.0001,1,1,1,2,2,1213193,1213191,44,46,10358,10356,2,37,39,81,85,4,0.00036449790413705123,221.10315290687078,2.2110315290687077,10291,10293,2,0.00018224895206852561,5082,5083,-1,0,0,0,0,0.0,0,0,0,0,0.0,0,0,0,0,0.0,0,0,0,0,0,0,0,0,0,0.0,0.0,0.0,0.0,0.0,0.0,0.0,0.0,0.0,0.0,0.0,0.0,0.0,0.0,0.0,0.0,0.0,0.0,2.189189189189189,2.1794871794871793,0.0,0.0,0.0,0.0,0.0,0.0,0,0,0,0.0,3,3,0,0,0,0,0,0,2.0
SPD,0,0,0,0.0,ok,,bcsstk17,factor-l,/home/scan_SpTRSV/data/factors/spcg/bcsstk17/spcg_spilu_l_bcsstk17_fill10_drop0.0001_sp0.mtx,10974,scan-chain-aware,0.1,0.09999975271865234,0.0001,-1,1,1,121319,4198,1213193,1091874,44,46,10358,10356,2,37,39,81,85,4,0.00036449790413705123,0.003644988054746096,3.6449880547460965e-05,10291,10281,-10,-0.000911244760342628,5082,5053,29,0,0,0,0,0.0,0,0,0,0,0.0,0,0,0,0,0.0,0,0,0,0,0,0,0,0,0,0.0,0.0,0.0,0.0,0.0,0.0,0.0,0.0,0.0,0.0,0.0,0.0,0.0,0.0,0.0,0.0,0.0,0.0,2.189189189189189,2.1794871794871793,0.0,0.0,0.0,0.0,0.0,0.0,0,0,0,0.0,3,3,0,0,0,0,0,0,3.2970927884337986e-05
SPD,0,0,0,0.0,ok,,bcsstk17,factor-l,/home/scan_SpTRSV/data/factors/spcg/bcsstk17/spcg_spilu_l_bcsstk17_fill10_drop0.0001_sp0.mtx,10974,scan-chain-aware,0.1,1.648542317669159e-06,0.001,1,1,1,2,2,1213193,1213191,44,46,10358,10356,2,37,39,81,85,4,0.00036449790413705123,221.10315290687078,2.2110315290687077,10291,10293,2,0.00018224895206852561,5082,5083,-1,0,0,0,0,0.0,0,0,0,0,0.0,0,0,0,0,0.0,0,0,0,0,0,0,0,0,0,0.0,0.0,0.0,0.0,0.0,0.0,0.0,0.0,0.0,0.0,0.0,0.0,0.0,0.0,0.0,0.0,0.0,0.0,2.189189189189189,2.1794871794871793,0.0,0.0,0.0,0.0,0.0,0.0,0,0,0,0.0,3,3,0,0,0,0,0,0,2.0
SPD,0,0,0,0.0,ok,,bcsstk17,factor-l,/home/scan_SpTRSV/data/factors/spcg/bcsstk17/spcg_spilu_l_bcsstk17_fill10_drop0.0001_sp0.mtx,10974,scan-chain-aware,0.1,0.09999975271865234,0.001,-1,1,1,121319,2313,1213193,1091874,44,46,10358,10356,2,37,39,81,85,4,0.00036449790413705123,0.003644988054746096,3.6449880547460965e-05,10291,10280,-11,-0.0010023692363768909,5082,5009,73,0,0,0,0,0.0,0,0,0,0,0.0,0,0,0,0,0.0,0,0,0,0,0,0,0,0,0,0.0,0.0,0.0,0.0,0.0,0.0,0.0,0.0,0.0,0.0,0.0,0.0,0.0,0.0,0.0,0.0,0.0,0.0,2.189189189189189,2.1794871794871793,0.0,0.0,0.0,0.0,0.0,0.0,0,0,0,0.0,3,3,0,0,0,0,0,0,3.2970927884337986e-05
SPD,0,0,0,0.0,ok,,bcsstk17,factor-l,/home/scan_SpTRSV/data/factors/spcg/bcsstk17/spcg_spilu_l_bcsstk17_fill10_drop0.0001_sp0.mtx,10974,scan-chain-aware,0.1,1.648542317669159e-06,0.01,1,1,1,2,2,1213193,1213191,44,46,10358,10356,2,37,39,81,85,4,0.00036449790413705123,221.10315290687078,2.2110315290687077,10291,10293,2,0.00018224895206852561,5082,5083,-1,0,0,0,0,0.0,0,0,0,0,0.0,0,0,0,0,0.0,0,0,0,0,0,0,0,0,0,0.0,0.0,0.0,0.0,0.0,0.0,0.0,0.0,0.0,0.0,0.0,0.0,0.0,0.0,0.0,0.0,0.0,0.0,2.189189189189189,2.1794871794871793,0.0,0.0,0.0,0.0,0.0,0.0,0,0,0,0.0,3,3,0,0,0,0,0,0,2.0
SPD,0,0,0,0.0,ok,,bcsstk17,factor-l,/home/scan_SpTRSV/data/factors/spcg/bcsstk17/spcg_spilu_l_bcsstk17_fill10_drop0.0001_sp0.mtx,10974,scan-chain-aware,0.1,0.09999975271865234,0.01,-1,1,1,121319,1537,1213193,1091874,44,52,10358,10350,8,37,44,81,96,15,0.001366867140513942,0.013668705205297858,0.0001366870520529786,10291,10273,-18,-0.0016402405686167304,5082,4935,147,0,0,0,0,0.0,0,0,0,0,0.0,0,0,0,0,0.0,0,0,0,0,0,0,0,0,0,0.0,0.0,0.0,0.0,0.0,0.0,0.0,0.0,0.0,0.0,0.0,0.0,0.0,0.0,0.0,0.0,0.0,0.0,2.189189189189189,2.1818181818181817,0.0,0.0,0.0,0.0,0.0,0.0,0,0,0,0.0,3,3,0,0,0,0,0,0,0.00012364097956626743
SPD,0,0,0,0.0,ok,,bcsstk17,factor-l,/home/scan_SpTRSV/data/factors/spcg/bcsstk17/spcg_spilu_l_bcsstk17_fill10_drop0.0001_sp0.mtx,10974,long-chain-aware-drop,0.01,0.0,0.0001,1,1,1,0,0,1213193,1213193,44,44,10358,10358,0,37,37,81,81,0,0.0,0.0,0.0,10291,10291,0,0.0,5082,5082,0,0,0,0,0,0.0,0,0,0,0,0.0,0,0,0,0,0.0,0,0,0,0,0,0,0,0,0,0.0,0.0,0.0,0.0,0.0,0.0,0.0,0.0,0.0,0.0,0.0,0.0,0.0,0.0,0.0,0.0,0.0,0.0,2.189189189189189,2.189189189189189,0.0,0.0,0.0,0.0,0.0,0.0,0,0,0,0.0,3,3,0,0,0,0,0,0,0.0
SPD,0,0,0,0.0,ok,,bcsstk17,factor-l,/home/scan_SpTRSV/data/factors/spcg/bcsstk17/spcg_spilu_l_bcsstk17_fill10_drop0.0001_sp0.mtx,10974,long-chain-aware-drop,0.01,0.0,0.0001,-1,1,1,0,0,1213193,1213193,44,44,10358,10358,0,37,37,81,81,0,0.0,0.0,0.0,10291,10291,0,0.0,5082,5082,0,0,0,0,0,0.0,0,0,0,0,0.0,0,0,0,0,0.0,0,0,0,0,0,0,0,0,0,0.0,0.0,0.0,0.0,0.0,0.0,0.0,0.0,0.0,0.0,0.0,0.0,0.0,0.0,0.0,0.0,0.0,0.0,2.189189189189189,2.189189189189189,0.0,0.0,0.0,0.0,0.0,0.0,0,0,0,0.0,3,3,0,0,0,0,0,0,0.0
SPD,0,0,0,0.0,ok,,bcsstk17,factor-l,/home/scan_SpTRSV/data/factors/spcg/bcsstk17/spcg_spilu_l_bcsstk17_fill10_drop0.0001_sp0.mtx,10974,long-chain-aware-drop,0.01,0.0,0.001,1,1,1,0,0,1213193,1213193,44,44,10358,10358,0,37,37,81,81,0,0.0,0.0,0.0,10291,10291,0,0.0,5082,5082,0,0,0,0,0,0.0,0,0,0,0,0.0,0,0,0,0,0.0,0,0,0,0,0,0,0,0,0,0.0,0.0,0.0,0.0,0.0,0.0,0.0,0.0,0.0,0.0,0.0,0.0,0.0,0.0,0.0,0.0,0.0,0.0,2.189189189189189,2.189189189189189,0.0,0.0,0.0,0.0,0.0,0.0,0,0,0,0.0,3,3,0,0,0,0,0,0,0.0
SPD,0,0,0,0.0,ok,,bcsstk17,factor-l,/home/scan_SpTRSV/data/factors/spcg/bcsstk17/spcg_spilu_l_bcsstk17_fill10_drop0.0001_sp0.mtx,10974,long-chain-aware-drop,0.01,0.0,0.001,-1,1,1,0,0,1213193,1213193,44,44,10358,10358,0,37,37,81,81,0,0.0,0.0,0.0,10291,10291,0,0.0,5082,5082,0,0,0,0,0,0.0,0,0,0,0,0.0,0,0,0,0,0.0,0,0,0,0,0,0,0,0,0,0.0,0.0,0.0,0.0,0.0,0.0,0.0,0.0,0.0,0.0,0.0,0.0,0.0,0.0,0.0,0.0,0.0,0.0,2.189189189189189,2.189189189189189,0.0,0.0,0.0,0.0,0.0,0.0,0,0,0,0.0,3,3,0,0,0,0,0,0,0.0
SPD,0,0,0,0.0,ok,,bcsstk17,factor-l,/home/scan_SpTRSV/data/factors/spcg/bcsstk17/spcg_spilu_l_bcsstk17_fill10_drop0.0001_sp0.mtx,10974,long-chain-aware-drop,0.01,0.0,0.01,1,1,1,0,0,1213193,1213193,44,44,10358,10358,0,37,37,81,81,0,0.0,0.0,0.0,10291,10291,0,0.0,5082,5082,0,0,0,0,0,0.0,0,0,0,0,0.0,0,0,0,0,0.0,0,0,0,0,0,0,0,0,0,0.0,0.0,0.0,0.0,0.0,0.0,0.0,0.0,0.0,0.0,0.0,0.0,0.0,0.0,0.0,0.0,0.0,0.0,2.189189189189189,2.189189189189189,0.0,0.0,0.0,0.0,0.0,0.0,0,0,0,0.0,3,3,0,0,0,0,0,0,0.0
SPD,0,0,0,0.0,ok,,bcsstk17,factor-l,/home/scan_SpTRSV/data/factors/spcg/bcsstk17/spcg_spilu_l_bcsstk17_fill10_drop0.0001_sp0.mtx,10974,long-chain-aware-drop,0.01,0.0,0.01,-1,1,1,0,0,1213193,1213193,44,44,10358,10358,0,37,37,81,81,0,0.0,0.0,0.0,10291,10291,0,0.0,5082,5082,0,0,0,0,0,0.0,0,0,0,0,0.0,0,0,0,0,0.0,0,0,0,0,0,0,0,0,0,0.0,0.0,0.0,0.0,0.0,0.0,0.0,0.0,0.0,0.0,0.0,0.0,0.0,0.0,0.0,0.0,0.0,0.0,2.189189189189189,2.189189189189189,0.0,0.0,0.0,0.0,0.0,0.0,0,0,0,0.0,3,3,0,0,0,0,0,0,0.0
SPD,0,0,0,0.0,ok,,bcsstk17,factor-l,/home/scan_SpTRSV/data/factors/spcg/bcsstk17/spcg_spilu_l_bcsstk17_fill10_drop0.0001_sp0.mtx,10974,long-chain-aware-drop,0.02,0.0,0.0001,1,1,1,0,0,1213193,1213193,44,44,10358,10358,0,37,37,81,81,0,0.0,0.0,0.0,10291,10291,0,0.0,5082,5082,0,0,0,0,0,0.0,0,0,0,0,0.0,0,0,0,0,0.0,0,0,0,0,0,0,0,0,0,0.0,0.0,0.0,0.0,0.0,0.0,0.0,0.0,0.0,0.0,0.0,0.0,0.0,0.0,0.0,0.0,0.0,0.0,2.189189189189189,2.189189189189189,0.0,0.0,0.0,0.0,0.0,0.0,0,0,0,0.0,3,3,0,0,0,0,0,0,0.0
SPD,0,0,0,0.0,ok,,bcsstk17,factor-l,/home/scan_SpTRSV/data/factors/spcg/bcsstk17/spcg_spilu_l_bcsstk17_fill10_drop0.0001_sp0.mtx,10974,long-chain-aware-drop,0.02,0.0,0.0001,-1,1,1,0,0,1213193,1213193,44,44,10358,10358,0,37,37,81,81,0,0.0,0.0,0.0,10291,10291,0,0.0,5082,5082,0,0,0,0,0,0.0,0,0,0,0,0.0,0,0,0,0,0.0,0,0,0,0,0,0,0,0,0,0.0,0.0,0.0,0.0,0.0,0.0,0.0,0.0,0.0,0.0,0.0,0.0,0.0,0.0,0.0,0.0,0.0,0.0,2.189189189189189,2.189189189189189,0.0,0.0,0.0,0.0,0.0,0.0,0,0,0,0.0,3,3,0,0,0,0,0,0,0.0
SPD,0,0,0,0.0,ok,,bcsstk17,factor-l,/home/scan_SpTRSV/data/factors/spcg/bcsstk17/spcg_spilu_l_bcsstk17_fill10_drop0.0001_sp0.mtx,10974,long-chain-aware-drop,0.02,0.0,0.001,1,1,1,0,0,1213193,1213193,44,44,10358,10358,0,37,37,81,81,0,0.0,0.0,0.0,10291,10291,0,0.0,5082,5082,0,0,0,0,0,0.0,0,0,0,0,0.0,0,0,0,0,0.0,0,0,0,0,0,0,0,0,0,0.0,0.0,0.0,0.0,0.0,0.0,0.0,0.0,0.0,0.0,0.0,0.0,0.0,0.0,0.0,0.0,0.0,0.0,2.189189189189189,2.189189189189189,0.0,0.0,0.0,0.0,0.0,0.0,0,0,0,0.0,3,3,0,0,0,0,0,0,0.0
SPD,0,0,0,0.0,ok,,bcsstk17,factor-l,/home/scan_SpTRSV/data/factors/spcg/bcsstk17/spcg_spilu_l_bcsstk17_fill10_drop0.0001_sp0.mtx,10974,long-chain-aware-drop,0.02,0.0,0.001,-1,1,1,0,0,1213193,1213193,44,44,10358,10358,0,37,37,81,81,0,0.0,0.0,0.0,10291,10291,0,0.0,5082,5082,0,0,0,0,0,0.0,0,0,0,0,0.0,0,0,0,0,0.0,0,0,0,0,0,0,0,0,0,0.0,0.0,0.0,0.0,0.0,0.0,0.0,0.0,0.0,0.0,0.0,0.0,0.0,0.0,0.0,0.0,0.0,0.0,2.189189189189189,2.189189189189189,0.0,0.0,0.0,0.0,0.0,0.0,0,0,0,0.0,3,3,0,0,0,0,0,0,0.0
SPD,0,0,0,0.0,ok,,bcsstk17,factor-l,/home/scan_SpTRSV/data/factors/spcg/bcsstk17/spcg_spilu_l_bcsstk17_fill10_drop0.0001_sp0.mtx,10974,long-chain-aware-drop,0.02,0.0,0.01,1,1,1,0,0,1213193,1213193,44,44,10358,10358,0,37,37,81,81,0,0.0,0.0,0.0,10291,10291,0,0.0,5082,5082,0,0,0,0,0,0.0,0,0,0,0,0.0,0,0,0,0,0.0,0,0,0,0,0,0,0,0,0,0.0,0.0,0.0,0.0,0.0,0.0,0.0,0.0,0.0,0.0,0.0,0.0,0.0,0.0,0.0,0.0,0.0,0.0,2.189189189189189,2.189189189189189,0.0,0.0,0.0,0.0,0.0,0.0,0,0,0,0.0,3,3,0,0,0,0,0,0,0.0
SPD,0,0,0,0.0,ok,,bcsstk17,factor-l,/home/scan_SpTRSV/data/factors/spcg/bcsstk17/spcg_spilu_l_bcsstk17_fill10_drop0.0001_sp0.mtx,10974,long-chain-aware-drop,0.02,0.0,0.01,-1,1,1,0,0,1213193,1213193,44,44,10358,10358,0,37,37,81,81,0,0.0,0.0,0.0,10291,10291,0,0.0,5082,5082,0,0,0,0,0,0.0,0,0,0,0,0.0,0,0,0,0,0.0,0,0,0,0,0,0,0,0,0,0.0,0.0,0.0,0.0,0.0,0.0,0.0,0.0,0.0,0.0,0.0,0.0,0.0,0.0,0.0,0.0,0.0,0.0,2.189189189189189,2.189189189189189,0.0,0.0,0.0,0.0,0.0,0.0,0,0,0,0.0,3,3,0,0,0,0,0,0,0.0
SPD,0,0,0,0.0,ok,,bcsstk17,factor-l,/home/scan_SpTRSV/data/factors/spcg/bcsstk17/spcg_spilu_l_bcsstk17_fill10_drop0.0001_sp0.mtx,10974,long-chain-aware-drop,0.05,0.0,0.0001,1,1,1,0,0,1213193,1213193,44,44,10358,10358,0,37,37,81,81,0,0.0,0.0,0.0,10291,10291,0,0.0,5082,5082,0,0,0,0,0,0.0,0,0,0,0,0.0,0,0,0,0,0.0,0,0,0,0,0,0,0,0,0,0.0,0.0,0.0,0.0,0.0,0.0,0.0,0.0,0.0,0.0,0.0,0.0,0.0,0.0,0.0,0.0,0.0,0.0,2.189189189189189,2.189189189189189,0.0,0.0,0.0,0.0,0.0,0.0,0,0,0,0.0,3,3,0,0,0,0,0,0,0.0
SPD,0,0,0,0.0,ok,,bcsstk17,factor-l,/home/scan_SpTRSV/data/factors/spcg/bcsstk17/spcg_spilu_l_bcsstk17_fill10_drop0.0001_sp0.mtx,10974,long-chain-aware-drop,0.05,0.0,0.0001,-1,1,1,0,0,1213193,1213193,44,44,10358,10358,0,37,37,81,81,0,0.0,0.0,0.0,10291,10291,0,0.0,5082,5082,0,0,0,0,0,0.0,0,0,0,0,0.0,0,0,0,0,0.0,0,0,0,0,0,0,0,0,0,0.0,0.0,0.0,0.0,0.0,0.0,0.0,0.0,0.0,0.0,0.0,0.0,0.0,0.0,0.0,0.0,0.0,0.0,2.189189189189189,2.189189189189189,0.0,0.0,0.0,0.0,0.0,0.0,0,0,0,0.0,3,3,0,0,0,0,0,0,0.0
SPD,0,0,0,0.0,ok,,bcsstk17,factor-l,/home/scan_SpTRSV/data/factors/spcg/bcsstk17/spcg_spilu_l_bcsstk17_fill10_drop0.0001_sp0.mtx,10974,long-chain-aware-drop,0.05,0.0,0.001,1,1,1,0,0,1213193,1213193,44,44,10358,10358,0,37,37,81,81,0,0.0,0.0,0.0,10291,10291,0,0.0,5082,5082,0,0,0,0,0,0.0,0,0,0,0,0.0,0,0,0,0,0.0,0,0,0,0,0,0,0,0,0,0.0,0.0,0.0,0.0,0.0,0.0,0.0,0.0,0.0,0.0,0.0,0.0,0.0,0.0,0.0,0.0,0.0,0.0,2.189189189189189,2.189189189189189,0.0,0.0,0.0,0.0,0.0,0.0,0,0,0,0.0,3,3,0,0,0,0,0,0,0.0
SPD,0,0,0,0.0,ok,,bcsstk17,factor-l,/home/scan_SpTRSV/data/factors/spcg/bcsstk17/spcg_spilu_l_bcsstk17_fill10_drop0.0001_sp0.mtx,10974,long-chain-aware-drop,0.05,0.0,0.001,-1,1,1,0,0,1213193,1213193,44,44,10358,10358,0,37,37,81,81,0,0.0,0.0,0.0,10291,10291,0,0.0,5082,5082,0,0,0,0,0,0.0,0,0,0,0,0.0,0,0,0,0,0.0,0,0,0,0,0,0,0,0,0,0.0,0.0,0.0,0.0,0.0,0.0,0.0,0.0,0.0,0.0,0.0,0.0,0.0,0.0,0.0,0.0,0.0,0.0,2.189189189189189,2.189189189189189,0.0,0.0,0.0,0.0,0.0,0.0,0,0,0,0.0,3,3,0,0,0,0,0,0,0.0
SPD,0,0,0,0.0,ok,,bcsstk17,factor-l,/home/scan_SpTRSV/data/factors/spcg/bcsstk17/spcg_spilu_l_bcsstk17_fill10_drop0.0001_sp0.mtx,10974,long-chain-aware-drop,0.05,0.0,0.01,1,1,1,0,0,1213193,1213193,44,44,10358,10358,0,37,37,81,81,0,0.0,0.0,0.0,10291,10291,0,0.0,5082,5082,0,0,0,0,0,0.0,0,0,0,0,0.0,0,0,0,0,0.0,0,0,0,0,0,0,0,0,0,0.0,0.0,0.0,0.0,0.0,0.0,0.0,0.0,0.0,0.0,0.0,0.0,0.0,0.0,0.0,0.0,0.0,0.0,2.189189189189189,2.189189189189189,0.0,0.0,0.0,0.0,0.0,0.0,0,0,0,0.0,3,3,0,0,0,0,0,0,0.0
SPD,0,0,0,0.0,ok,,bcsstk17,factor-l,/home/scan_SpTRSV/data/factors/spcg/bcsstk17/spcg_spilu_l_bcsstk17_fill10_drop0.0001_sp0.mtx,10974,long-chain-aware-drop,0.05,0.0,0.01,-1,1,1,0,0,1213193,1213193,44,44,10358,10358,0,37,37,81,81,0,0.0,0.0,0.0,10291,10291,0,0.0,5082,5082,0,0,0,0,0,0.0,0,0,0,0,0.0,0,0,0,0,0.0,0,0,0,0,0,0,0,0,0,0.0,0.0,0.0,0.0,0.0,0.0,0.0,0.0,0.0,0.0,0.0,0.0,0.0,0.0,0.0,0.0,0.0,0.0,2.189189189189189,2.189189189189189,0.0,0.0,0.0,0.0,0.0,0.0,0,0,0,0.0,3,3,0,0,0,0,0,0,0.0
SPD,0,0,0,0.0,ok,,bcsstk17,factor-l,/home/scan_SpTRSV/data/factors/spcg/bcsstk17/spcg_spilu_l_bcsstk17_fill10_drop0.0001_sp0.mtx,10974,long-chain-aware-drop,0.1,0.0,0.0001,1,1,1,0,0,1213193,1213193,44,44,10358,10358,0,37,37,81,81,0,0.0,0.0,0.0,10291,10291,0,0.0,5082,5082,0,0,0,0,0,0.0,0,0,0,0,0.0,0,0,0,0,0.0,0,0,0,0,0,0,0,0,0,0.0,0.0,0.0,0.0,0.0,0.0,0.0,0.0,0.0,0.0,0.0,0.0,0.0,0.0,0.0,0.0,0.0,0.0,2.189189189189189,2.189189189189189,0.0,0.0,0.0,0.0,0.0,0.0,0,0,0,0.0,3,3,0,0,0,0,0,0,0.0
SPD,0,0,0,0.0,ok,,bcsstk17,factor-l,/home/scan_SpTRSV/data/factors/spcg/bcsstk17/spcg_spilu_l_bcsstk17_fill10_drop0.0001_sp0.mtx,10974,long-chain-aware-drop,0.1,0.0,0.0001,-1,1,1,0,0,1213193,1213193,44,44,10358,10358,0,37,37,81,81,0,0.0,0.0,0.0,10291,10291,0,0.0,5082,5082,0,0,0,0,0,0.0,0,0,0,0,0.0,0,0,0,0,0.0,0,0,0,0,0,0,0,0,0,0.0,0.0,0.0,0.0,0.0,0.0,0.0,0.0,0.0,0.0,0.0,0.0,0.0,0.0,0.0,0.0,0.0,0.0,2.189189189189189,2.189189189189189,0.0,0.0,0.0,0.0,0.0,0.0,0,0,0,0.0,3,3,0,0,0,0,0,0,0.0
SPD,0,0,0,0.0,ok,,bcsstk17,factor-l,/home/scan_SpTRSV/data/factors/spcg/bcsstk17/spcg_spilu_l_bcsstk17_fill10_drop0.0001_sp0.mtx,10974,long-chain-aware-drop,0.1,0.0,0.001,1,1,1,0,0,1213193,1213193,44,44,10358,10358,0,37,37,81,81,0,0.0,0.0,0.0,10291,10291,0,0.0,5082,5082,0,0,0,0,0,0.0,0,0,0,0,0.0,0,0,0,0,0.0,0,0,0,0,0,0,0,0,0,0.0,0.0,0.0,0.0,0.0,0.0,0.0,0.0,0.0,0.0,0.0,0.0,0.0,0.0,0.0,0.0,0.0,0.0,2.189189189189189,2.189189189189189,0.0,0.0,0.0,0.0,0.0,0.0,0,0,0,0.0,3,3,0,0,0,0,0,0,0.0
SPD,0,0,0,0.0,ok,,bcsstk17,factor-l,/home/scan_SpTRSV/data/factors/spcg/bcsstk17/spcg_spilu_l_bcsstk17_fill10_drop0.0001_sp0.mtx,10974,long-chain-aware-drop,0.1,0.0,0.001,-1,1,1,0,0,1213193,1213193,44,44,10358,10358,0,37,37,81,81,0,0.0,0.0,0.0,10291,10291,0,0.0,5082,5082,0,0,0,0,0,0.0,0,0,0,0,0.0,0,0,0,0,0.0,0,0,0,0,0,0,0,0,0,0.0,0.0,0.0,0.0,0.0,0.0,0.0,0.0,0.0,0.0,0.0,0.0,0.0,0.0,0.0,0.0,0.0,0.0,2.189189189189189,2.189189189189189,0.0,0.0,0.0,0.0,0.0,0.0,0,0,0,0.0,3,3,0,0,0,0,0,0,0.0
SPD,0,0,0,0.0,ok,,bcsstk17,factor-l,/home/scan_SpTRSV/data/factors/spcg/bcsstk17/spcg_spilu_l_bcsstk17_fill10_drop0.0001_sp0.mtx,10974,long-chain-aware-drop,0.1,0.0,0.01,1,1,1,0,0,1213193,1213193,44,44,10358,10358,0,37,37,81,81,0,0.0,0.0,0.0,10291,10291,0,0.0,5082,5082,0,0,0,0,0,0.0,0,0,0,0,0.0,0,0,0,0,0.0,0,0,0,0,0,0,0,0,0,0.0,0.0,0.0,0.0,0.0,0.0,0.0,0.0,0.0,0.0,0.0,0.0,0.0,0.0,0.0,0.0,0.0,0.0,2.189189189189189,2.189189189189189,0.0,0.0,0.0,0.0,0.0,0.0,0,0,0,0.0,3,3,0,0,0,0,0,0,0.0
SPD,0,0,0,0.0,ok,,bcsstk17,factor-l,/home/scan_SpTRSV/data/factors/spcg/bcsstk17/spcg_spilu_l_bcsstk17_fill10_drop0.0001_sp0.mtx,10974,long-chain-aware-drop,0.1,0.0,0.01,-1,1,1,0,0,1213193,1213193,44,44,10358,10358,0,37,37,81,81,0,0.0,0.0,0.0,10291,10291,0,0.0,5082,5082,0,0,0,0,0,0.0,0,0,0,0,0.0,0,0,0,0,0.0,0,0,0,0,0,0,0,0,0,0.0,0.0,0.0,0.0,0.0,0.0,0.0,0.0,0.0,0.0,0.0,0.0,0.0,0.0,0.0,0.0,0.0,0.0,2.189189189189189,2.189189189189189,0.0,0.0,0.0,0.0,0.0,0.0,0,0,0,0.0,3,3,0,0,0,0,0,0,0.0
SPD,0,0,0,0.0,ok,,bcsstk18,factor-l,/home/scan_SpTRSV/data/factors/spcg/bcsstk18/spcg_spilu_l_bcsstk18_fill10_drop0.0001_sp0.mtx,11948,no-drop,0.0,0.0,,0,1,1,0,0,718737,718737,811,811,9064,9064,0,675,675,1434,1434,0,0.0,0.0,0.0,8249,8249,0,0.0,3171,3171,0,0,0,0,0,0.0,0,0,0,0,0.0,0,0,0,0,0.0,0,0,0,0,0,0,0,0,0,0.0,0.0,0.0,0.0,0.0,0.0,0.0,0.0,0.0,0.0,0.0,0.0,0.0,0.0,0.0,0.0,0.0,0.0,2.1244444444444444,2.1244444444444444,0.0,0.0,0.0,0.0,0.0,0.0,0,0,0,0.0,5,5,0,0,0,0,0,0,0.0
SPD,0,0,0,0.0,ok,,bcsstk18,factor-l,/home/scan_SpTRSV/data/factors/spcg/bcsstk18/spcg_spilu_l_bcsstk18_fill10_drop0.0001_sp0.mtx,11948,magnitude-drop,0.01,0.009999485208080285,0.0001,1,1,1,7187,7187,718737,711550,811,903,9064,8972,92,675,682,1434,1455,21,0.0017576163374623368,0.17577068227892967,0.001757706822789297,8249,7771,-478,-0.04000669568128557,3171,2869,302,0,0,0,0,0.0,0,0,0,0,0.0,0,0,0,0,0.0,0,0,0,0,0,0,0,0,0,0.0,0.0,0.0,0.0,0.0,0.0,0.0,0.0,0.0,0.0,0.0,0.0,0.0,0.0,0.0,0.0,0.0,0.0,2.1244444444444444,2.133431085043988,0.0,0.0,0.0,0.0,0.0,0.0,0,0,0,0.0,5,5,0,0,0,0,0,0,0.002921942395992765
SPD,0,0,0,0.0,ok,,bcsstk18,factor-l,/home/scan_SpTRSV/data/factors/spcg/bcsstk18/spcg_spilu_l_bcsstk18_fill10_drop0.0001_sp0.mtx,11948,magnitude-drop,0.01,0.009999485208080285,0.0001,-1,1,1,7187,3414,718737,711550,811,894,9064,8981,83,675,667,1434,1431,-3,-0.00025108804820890524,-0.025110097468418524,-0.0002511009746841853,8249,8126,-123,-0.010294609976565115,3171,3081,90,0,0,0,0,0.0,0,0,0,0,0.0,0,0,0,0,0.0,0,0,0,0,0,0,0,0,0,0.0,0.0,0.0,0.0,0.0,0.0,0.0,0.0,0.0,0.0,0.0,0.0,0.0,0.0,0.0,0.0,0.0,0.0,2.1244444444444444,2.1454272863568216,0.0,0.0,0.0,0.0,0.0,0.0,0,0,0,0.0,5,5,0,0,0,0,0,0,-0.0004174203422846807
SPD,0,0,0,0.0,ok,,bcsstk18,factor-l,/home/scan_SpTRSV/data/factors/spcg/bcsstk18/spcg_spilu_l_bcsstk18_fill10_drop0.0001_sp0.mtx,11948,magnitude-drop,0.01,0.009999485208080285,0.001,1,1,1,7187,7187,718737,711550,811,903,9064,8972,92,675,682,1434,1455,21,0.0017576163374623368,0.17577068227892967,0.001757706822789297,8249,7771,-478,-0.04000669568128557,3171,2869,302,0,0,0,0,0.0,0,0,0,0,0.0,0,0,0,0,0.0,0,0,0,0,0,0,0,0,0,0.0,0.0,0.0,0.0,0.0,0.0,0.0,0.0,0.0,0.0,0.0,0.0,0.0,0.0,0.0,0.0,0.0,0.0,2.1244444444444444,2.133431085043988,0.0,0.0,0.0,0.0,0.0,0.0,0,0,0,0.0,5,5,0,0,0,0,0,0,0.002921942395992765
SPD,0,0,0,0.0,ok,,bcsstk18,factor-l,/home/scan_SpTRSV/data/factors/spcg/bcsstk18/spcg_spilu_l_bcsstk18_fill10_drop0.0001_sp0.mtx,11948,magnitude-drop,0.01,0.009999485208080285,0.001,-1,1,1,7187,3414,718737,711550,811,894,9064,8981,83,675,667,1434,1431,-3,-0.00025108804820890524,-0.025110097468418524,-0.0002511009746841853,8249,8126,-123,-0.010294609976565115,3171,3081,90,0,0,0,0,0.0,0,0,0,0,0.0,0,0,0,0,0.0,0,0,0,0,0,0,0,0,0,0.0,0.0,0.0,0.0,0.0,0.0,0.0,0.0,0.0,0.0,0.0,0.0,0.0,0.0,0.0,0.0,0.0,0.0,2.1244444444444444,2.1454272863568216,0.0,0.0,0.0,0.0,0.0,0.0,0,0,0,0.0,5,5,0,0,0,0,0,0,-0.0004174203422846807
SPD,0,0,0,0.0,ok,,bcsstk18,factor-l,/home/scan_SpTRSV/data/factors/spcg/bcsstk18/spcg_spilu_l_bcsstk18_fill10_drop0.0001_sp0.mtx,11948,magnitude-drop,0.01,0.009999485208080285,0.01,1,1,1,7187,7187,718737,711550,811,903,9064,8972,92,675,682,1434,1455,21,0.0017576163374623368,0.17577068227892967,0.001757706822789297,8249,7771,-478,-0.04000669568128557,3171,2869,302,0,0,0,0,0.0,0,0,0,0,0.0,0,0,0,0,0.0,0,0,0,0,0,0,0,0,0,0.0,0.0,0.0,0.0,0.0,0.0,0.0,0.0,0.0,0.0,0.0,0.0,0.0,0.0,0.0,0.0,0.0,0.0,2.1244444444444444,2.133431085043988,0.0,0.0,0.0,0.0,0.0,0.0,0,0,0,0.0,5,5,0,0,0,0,0,0,0.002921942395992765
SPD,0,0,0,0.0,ok,,bcsstk18,factor-l,/home/scan_SpTRSV/data/factors/spcg/bcsstk18/spcg_spilu_l_bcsstk18_fill10_drop0.0001_sp0.mtx,11948,magnitude-drop,0.01,0.009999485208080285,0.01,-1,1,1,7187,3414,718737,711550,811,894,9064,8981,83,675,667,1434,1431,-3,-0.00025108804820890524,-0.025110097468418524,-0.0002511009746841853,8249,8126,-123,-0.010294609976565115,3171,3081,90,0,0,0,0,0.0,0,0,0,0,0.0,0,0,0,0,0.0,0,0,0,0,0,0,0,0,0,0.0,0.0,0.0,0.0,0.0,0.0,0.0,0.0,0.0,0.0,0.0,0.0,0.0,0.0,0.0,0.0,0.0,0.0,2.1244444444444444,2.1454272863568216,0.0,0.0,0.0,0.0,0.0,0.0,0,0,0,0.0,5,5,0,0,0,0,0,0,-0.0004174203422846807
SPD,0,0,0,0.0,ok,,bcsstk18,factor-l,/home/scan_SpTRSV/data/factors/spcg/bcsstk18/spcg_spilu_l_bcsstk18_fill10_drop0.0001_sp0.mtx,11948,magnitude-drop,0.02,0.010921936675028558,0.0001,1,1,1,7850,7850,718737,710887,811,926,9064,8949,115,675,684,1434,1459,25,0.002092400401740877,0.19157778185299779,0.0019157778185299778,8249,7563,-686,-0.05741546702376967,3171,2753,418,0,0,0,0,0.0,0,0,0,0,0.0,0,0,0,0,0.0,0,0,0,0,0,0,0,0,0,0.0,0.0,0.0,0.0,0.0,0.0,0.0,0.0,0.0,0.0,0.0,0.0,0.0,0.0,0.0,0.0,0.0,0.0,2.1244444444444444,2.1330409356725144,0.0,0.0,0.0,0.0,0.0,0.0,0,0,0,0.0,5,5,0,0,0,0,0,0,0.0031847133757961785
SPD,0,0,0,0.0,ok,,bcsstk18,factor-l,/home/scan_SpTRSV/data/factors/spcg/bcsstk18/spcg_spilu_l_bcsstk18_fill10_drop0.0001_sp0.mtx,11948,magnitude-drop,0.02,0.01999897041616057,0.0001,-1,1,1,14374,4594,718737,704363,811,900,9064,8975,89,675,669,1434,1435,1,8.369601606963509e-05,0.004185016244736421,4.1850162447364216e-05,8249,8032,-217,-0.018162035487110813,3171,3031,140,0,0,0,0,0.0,0,0,0,0,0.0,0,0,0,0,0.0,0,0,0,0,0,0,0,0,0,0.0,0.0,0.0,0.0,0.0,0.0,0.0,0.0,0.0,0.0,0.0,0.0,0.0,0.0,0.0,0.0,0.0,0.0,2.1244444444444444,2.1449925261584455,0.0,0.0,0.0,0.0,0.0,0.0,0,0,0,0.0,5,5,0,0,0,0,0,0,6.957005704744678e-05
SPD,0,0,0,0.0,ok,,bcsstk18,factor-l,/home/scan_SpTRSV/data/factors/spcg/bcsstk18/spcg_spilu_l_bcsstk18_fill10_drop0.0001_sp0.mtx,11948,magnitude-drop,0.02,0.011386640732284549,0.001,1,1,1,8184,8184,718737,710553,811,944,9064,8931,133,675,679,1434,1450,16,0.0013391362571141614,0.11760591104954314,0.0011760591104954313,8249,7501,-748,-0.06260462002008704,3171,2708,463,0,0,0,0,0.0,0,0,0,0,0.0,0,0,0,0,0.0,0,0,0,0,0,0,0,0,0,0.0,0.0,0.0,0.0,0.0,0.0,0.0,0.0,0.0,0.0,0.0,0.0,0.0,0.0,0.0,0.0,0.0,0.0,2.1244444444444444,2.1354933726067746,0.0,0.0,0.0,0.0,0.0,0.0,0,0,0,0.0,5,5,0,0,0,0,0,0,0.0019550342130987292
SPD,0,0,0,0.0,ok,,bcsstk18,factor-l,/home/scan_SpTRSV/data/factors/spcg/bcsstk18/spcg_spilu_l_bcsstk18_fill10_drop0.0001_sp0.mtx,11948,magnitude-drop,0.02,0.01999897041616057,0.001,-1,1,1,14374,4594,718737,704363,811,900,9064,8975,89,675,669,1434,1435,1,8.369601606963509e-05,0.004185016244736421,4.1850162447364216e-05,8249,8032,-217,-0.018162035487110813,3171,3031,140,0,0,0,0,0.0,0,0,0,0,0.0,0,0,0,0,0.0,0,0,0,0,0,0,0,0,0,0.0,0.0,0.0,0.0,0.0,0.0,0.0,0.0,0.0,0.0,0.0,0.0,0.0,0.0,0.0,0.0,0.0,0.0,2.1244444444444444,2.1449925261584455,0.0,0.0,0.0,0.0,0.0,0.0,0,0,0,0.0,5,5,0,0,0,0,0,0,6.957005704744678e-05
SPD,0,0,0,0.0,ok,,bcsstk18,factor-l,/home/scan_SpTRSV/data/factors/spcg/bcsstk18/spcg_spilu_l_bcsstk18_fill10_drop0.0001_sp0.mtx,11948,magnitude-drop,0.02,0.0118958673339483,0.01,1,1,1,8550,8550,718737,710187,811,1016,9064,8859,205,675,660,1434,1423,-11,-0.0009206561767659859,-0.07739294251698882,-0.0007739294251698883,8249,7314,-935,-0.0782557750251088,3171,2607,564,0,0,0,0,0.0,0,0,0,0,0.0,0,0,0,0,0.0,0,0,0,0,0,0,0,0,0,0.0,0.0,0.0,0.0,0.0,0.0,0.0,0.0,0.0,0.0,0.0,0.0,0.0,0.0,0.0,0.0,0.0,0.0,2.1244444444444444,2.1560606060606062,0.0,0.0,0.0,0.0,0.0,0.0,0,0,0,0.0,5,5,0,0,0,0,0,0,-0.0012865497076023392
SPD,0,0,0,0.0,ok,,bcsstk18,factor-l,/home/scan_SpTRSV/data/factors/spcg/bcsstk18/spcg_spilu_l_bcsstk18_fill10_drop0.0001_sp0.mtx,11948,magnitude-drop,0.02,0.01999897041616057,0.01,-1,1,1,14374,4594,718737,704363,811,900,9064,8975,89,675,669,1434,1435,1,8.369601606963509e-05,0.004185016244736421,4.1850162447364216e-05,8249,8032,-217,-0.018162035487110813,3171,3031,140,0,0,0,0,0.0,0,0,0,0,0.0,0,0,0,0,0.0,0,0,0,0,0,0,0,0,0,0.0,0.0,0.0,0.0,0.0,0.0,0.0,0.0,0.0,0.0,0.0,0.0,0.0,0.0,0.0,0.0,0.0,0.0,2.1244444444444444,2.1449925261584455,0.0,0.0,0.0,0.0,0.0,0.0,0,0,0,0.0,5,5,0,0,0,0,0,0,6.957005704744678e-05
SPD,0,0,0,0.0,ok,,bcsstk18,factor-l,/home/scan_SpTRSV/data/factors/spcg/bcsstk18/spcg_spilu_l_bcsstk18_fill10_drop0.0001_sp0.mtx,11948,magnitude-drop,0.05,0.010921936675028558,0.0001,1,1,1,7850,7850,718737,710887,811,926,9064,8949,115,675,684,1434,1459,25,0.002092400401740877,0.19157778185299779,0.0019157778185299778,8249,7563,-686,-0.05741546702376967,3171,2753,418,0,0,0,0,0.0,0,0,0,0,0.0,0,0,0,0,0.0,0,0,0,0,0,0,0,0,0,0.0,0.0,0.0,0.0,0.0,0.0,0.0,0.0,0.0,0.0,0.0,0.0,0.0,0.0,0.0,0.0,0.0,0.0,2.1244444444444444,2.1330409356725144,0.0,0.0,0.0,0.0,0.0,0.0,0,0,0,0.0,5,5,0,0,0,0,0,0,0.0031847133757961785
SPD,0,0,0,0.0,ok,,bcsstk18,factor-l,/home/scan_SpTRSV/data/factors/spcg/bcsstk18/spcg_spilu_l_bcsstk18_fill10_drop0.0001_sp0.mtx,11948,magnitude-drop,0.05,0.04999881736991417,0.0001,-1,1,1,35936,5739,718737,682801,811,907,9064,8968,96,675,673,1434,1444,10,0.0008369601606963508,0.016739599148998585,0.00016739599148998585,8249,7823,-426,-0.03565450284566454,3171,2939,232,0,0,0,0,0.0,0,0,0,0,0.0,0,0,0,0,0.0,0,0,0,0,0,0,0,0,0,0.0,0.0,0.0,0.0,0.0,0.0,0.0,0.0,0.0,0.0,0.0,0.0,0.0,0.0,0.0,0.0,0.0,0.0,2.1244444444444444,2.1456166419019316,0.0,0.0,0.0,0.0,0.0,0.0,0,0,0,0.0,5,5,0,0,0,0,0,0,0.00027827248441674086
SPD,0,0,0,0.0,ok,,bcsstk18,factor-l,/home/scan_SpTRSV/data/factors/spcg/bcsstk18/spcg_spilu_l_bcsstk18_fill10_drop0.0001_sp0.mtx,11948,magnitude-drop,0.05,0.011386640732284549,0.001,1,1,1,8184,8184,718737,710553,811,944,9064,8931,133,675,679,1434,1450,16,0.0013391362571141614,0.11760591104954314,0.0011760591104954313,8249,7501,-748,-0.06260462002008704,3171,2708,463,0,0,0,0,0.0,0,0,0,0,0.0,0,0,0,0,0.0,0,0,0,0,0,0,0,0,0,0.0,0.0,0.0,0.0,0.0,0.0,0.0,0.0,0.0,0.0,0.0,0.0,0.0,0.0,0.0,0.0,0.0,0.0,2.1244444444444444,2.1354933726067746,0.0,0.0,0.0,0.0,0.0,0.0,0,0,0,0.0,5,5,0,0,0,0,0,0,0.0019550342130987292
SPD,0,0,0,0.0,ok,,bcsstk18,factor-l,/home/scan_SpTRSV/data/factors/spcg/bcsstk18/spcg_spilu_l_bcsstk18_fill10_drop0.0001_sp0.mtx,11948,magnitude-drop,0.05,0.04999881736991417,0.001,-1,1,1,35936,5739,718737,682801,811,907,9064,8968,96,675,673,1434,1444,10,0.0008369601606963508,0.016739599148998585,0.00016739599148998585,8249,7823,-426,-0.03565450284566454,3171,2939,232,0,0,0,0,0.0,0,0,0,0,0.0,0,0,0,0,0.0,0,0,0,0,0,0,0,0,0,0.0,0.0,0.0,0.0,0.0,0.0,0.0,0.0,0.0,0.0,0.0,0.0,0.0,0.0,0.0,0.0,0.0,0.0,2.1244444444444444,2.1456166419019316,0.0,0.0,0.0,0.0,0.0,0.0,0,0,0,0.0,5,5,0,0,0,0,0,0,0.00027827248441674086
SPD,0,0,0,0.0,ok,,bcsstk18,factor-l,/home/scan_SpTRSV/data/factors/spcg/bcsstk18/spcg_spilu_l_bcsstk18_fill10_drop0.0001_sp0.mtx,11948,magnitude-drop,0.05,0.0118958673339483,0.01,1,1,1,8550,8550,718737,710187,811,1016,9064,8859,205,675,660,1434,1423,-11,-0.0009206561767659859,-0.07739294251698882,-0.0007739294251698883,8249,7314,-935,-0.0782557750251088,3171,2607,564,0,0,0,0,0.0,0,0,0,0,0.0,0,0,0,0,0.0,0,0,0,0,0,0,0,0,0,0.0,0.0,0.0,0.0,0.0,0.0,0.0,0.0,0.0,0.0,0.0,0.0,0.0,0.0,0.0,0.0,0.0,0.0,2.1244444444444444,2.1560606060606062,0.0,0.0,0.0,0.0,0.0,0.0,0,0,0,0.0,5,5,0,0,0,0,0,0,-0.0012865497076023392
SPD,0,0,0,0.0,ok,,bcsstk18,factor-l,/home/scan_SpTRSV/data/factors/spcg/bcsstk18/spcg_spilu_l_bcsstk18_fill10_drop0.0001_sp0.mtx,11948,magnitude-drop,0.05,0.04999881736991417,0.01,-1,1,1,35936,5739,718737,682801,811,907,9064,8968,96,675,673,1434,1444,10,0.0008369601606963508,0.016739599148998585,0.00016739599148998585,8249,7823,-426,-0.03565450284566454,3171,2939,232,0,0,0,0,0.0,0,0,0,0,0.0,0,0,0,0,0.0,0,0,0,0,0,0,0,0,0,0.0,0.0,0.0,0.0,0.0,0.0,0.0,0.0,0.0,0.0,0.0,0.0,0.0,0.0,0.0,0.0,0.0,0.0,2.1244444444444444,2.1456166419019316,0.0,0.0,0.0,0.0,0.0,0.0,0,0,0,0.0,5,5,0,0,0,0,0,0,0.00027827248441674086
SPD,0,0,0,0.0,ok,,bcsstk18,factor-l,/home/scan_SpTRSV/data/factors/spcg/bcsstk18/spcg_spilu_l_bcsstk18_fill10_drop0.0001_sp0.mtx,11948,magnitude-drop,0.1,0.010921936675028558,0.0001,1,1,1,7850,7850,718737,710887,811,926,9064,8949,115,675,684,1434,1459,25,0.002092400401740877,0.19157778185299779,0.0019157778185299778,8249,7563,-686,-0.05741546702376967,3171,2753,418,0,0,0,0,0.0,0,0,0,0,0.0,0,0,0,0,0.0,0,0,0,0,0,0,0,0,0,0.0,0.0,0.0,0.0,0.0,0.0,0.0,0.0,0.0,0.0,0.0,0.0,0.0,0.0,0.0,0.0,0.0,0.0,2.1244444444444444,2.1330409356725144,0.0,0.0,0.0,0.0,0.0,0.0,0,0,0,0.0,5,5,0,0,0,0,0,0,0.0031847133757961785
SPD,0,0,0,0.0,ok,,bcsstk18,factor-l,/home/scan_SpTRSV/data/factors/spcg/bcsstk18/spcg_spilu_l_bcsstk18_fill10_drop0.0001_sp0.mtx,11948,magnitude-drop,0.1,0.09999902606934108,0.0001,-1,1,1,71873,6432,718737,646864,811,920,9064,8955,109,675,686,1434,1470,36,0.003013056578506863,0.030130859238744555,0.00030130859238744554,8249,7658,-591,-0.04946434549715434,3171,2872,299,0,0,0,0,0.0,0,0,0,0,0.0,0,0,0,0,0.0,0,0,0,0,0,0,0,0,0,0.0,0.0,0.0,0.0,0.0,0.0,0.0,0.0,0.0,0.0,0.0,0.0,0.0,0.0,0.0,0.0,0.0,0.0,2.1244444444444444,2.142857142857143,0.0,0.0,0.0,0.0,0.0,0.0,0,0,0,0.0,5,5,0,0,0,0,0,0,0.0005008835028452966
SPD,0,0,0,0.0,ok,,bcsstk18,factor-l,/home/scan_SpTRSV/data/factors/spcg/bcsstk18/spcg_spilu_l_bcsstk18_fill10_drop0.0001_sp0.mtx,11948,magnitude-drop,0.1,0.011386640732284549,0.001,1,1,1,8184,8184,718737,710553,811,944,9064,8931,133,675,679,1434,1450,16,0.0013391362571141614,0.11760591104954314,0.0011760591104954313,8249,7501,-748,-0.06260462002008704,3171,2708,463,0,0,0,0,0.0,0,0,0,0,0.0,0,0,0,0,0.0,0,0,0,0,0,0,0,0,0,0.0,0.0,0.0,0.0,0.0,0.0,0.0,0.0,0.0,0.0,0.0,0.0,0.0,0.0,0.0,0.0,0.0,0.0,2.1244444444444444,2.1354933726067746,0.0,0.0,0.0,0.0,0.0,0.0,0,0,0,0.0,5,5,0,0,0,0,0,0,0.0019550342130987292
SPD,0,0,0,0.0,ok,,bcsstk18,factor-l,/home/scan_SpTRSV/data/factors/spcg/bcsstk18/spcg_spilu_l_bcsstk18_fill10_drop0.0001_sp0.mtx,11948,magnitude-drop,0.1,0.09999902606934108,0.001,-1,1,1,71873,6432,718737,646864,811,920,9064,8955,109,675,686,1434,1470,36,0.003013056578506863,0.030130859238744555,0.00030130859238744554,8249,7658,-591,-0.04946434549715434,3171,2872,299,0,0,0,0,0.0,0,0,0,0,0.0,0,0,0,0,0.0,0,0,0,0,0,0,0,0,0,0.0,0.0,0.0,0.0,0.0,0.0,0.0,0.0,0.0,0.0,0.0,0.0,0.0,0.0,0.0,0.0,0.0,0.0,2.1244444444444444,2.142857142857143,0.0,0.0,0.0,0.0,0.0,0.0,0,0,0,0.0,5,5,0,0,0,0,0,0,0.0005008835028452966
SPD,0,0,0,0.0,ok,,bcsstk18,factor-l,/home/scan_SpTRSV/data/factors/spcg/bcsstk18/spcg_spilu_l_bcsstk18_fill10_drop0.0001_sp0.mtx,11948,magnitude-drop,0.1,0.0118958673339483,0.01,1,1,1,8550,8550,718737,710187,811,1016,9064,8859,205,675,660,1434,1423,-11,-0.0009206561767659859,-0.07739294251698882,-0.0007739294251698883,8249,7314,-935,-0.0782557750251088,3171,2607,564,0,0,0,0,0.0,0,0,0,0,0.0,0,0,0,0,0.0,0,0,0,0,0,0,0,0,0,0.0,0.0,0.0,0.0,0.0,0.0,0.0,0.0,0.0,0.0,0.0,0.0,0.0,0.0,0.0,0.0,0.0,0.0,2.1244444444444444,2.1560606060606062,0.0,0.0,0.0,0.0,0.0,0.0,0,0,0,0.0,5,5,0,0,0,0,0,0,-0.0012865497076023392
SPD,0,0,0,0.0,ok,,bcsstk18,factor-l,/home/scan_SpTRSV/data/factors/spcg/bcsstk18/spcg_spilu_l_bcsstk18_fill10_drop0.0001_sp0.mtx,11948,magnitude-drop,0.1,0.09999902606934108,0.01,-1,1,1,71873,6432,718737,646864,811,920,9064,8955,109,675,686,1434,1470,36,0.003013056578506863,0.030130859238744555,0.00030130859238744554,8249,7658,-591,-0.04946434549715434,3171,2872,299,0,0,0,0,0.0,0,0,0,0,0.0,0,0,0,0,0.0,0,0,0,0,0,0,0,0,0,0.0,0.0,0.0,0.0,0.0,0.0,0.0,0.0,0.0,0.0,0.0,0.0,0.0,0.0,0.0,0.0,0.0,0.0,2.1244444444444444,2.142857142857143,0.0,0.0,0.0,0.0,0.0,0.0,0,0,0,0.0,5,5,0,0,0,0,0,0,0.0005008835028452966
SPD,0,0,0,0.0,ok,,bcsstk18,factor-l,/home/scan_SpTRSV/data/factors/spcg/bcsstk18/spcg_spilu_l_bcsstk18_fill10_drop0.0001_sp0.mtx,11948,wavefront-oriented,0.01,0.009999485208080285,0.0001,1,1,1,7187,7187,718737,711550,811,919,9064,8956,108,675,681,1434,1449,15,0.0012554402410445264,0.12555048734209265,0.0012555048734209265,8249,6215,-2034,-0.17023769668563776,3171,1717,1454,0,0,0,0,0.0,0,0,0,0,0.0,0,0,0,0,0.0,0,0,0,0,0,0,0,0,0,0.0,0.0,0.0,0.0,0.0,0.0,0.0,0.0,0.0,0.0,0.0,0.0,0.0,0.0,0.0,0.0,0.0,0.0,2.1244444444444444,2.1277533039647576,0.0,0.0,0.0,0.0,0.0,0.0,0,0,0,0.0,5,5,0,0,0,0,0,0,0.0020871017114234033
SPD,0,0,0,0.0,ok,,bcsstk18,factor-l,/home/scan_SpTRSV/data/factors/spcg/bcsstk18/spcg_spilu_l_bcsstk18_fill10_drop0.0001_sp0.mtx,11948,wavefront-oriented,0.01,0.009999485208080285,0.0001,-1,1,1,7187,1658,718737,711550,811,849,9064,9026,38,675,708,1434,1502,68,0.005691329092735186,0.5691622092841533,0.005691622092841533,8249,7252,-997,-0.08344492802142618,3171,2514,657,0,0,0,0,0.0,0,0,0,0,0.0,0,0,0,0,0.0,0,0,0,0,0,0,0,0,0,0.0,0.0,0.0,0.0,0.0,0.0,0.0,0.0,0.0,0.0,0.0,0.0,0.0,0.0,0.0,0.0,0.0,0.0,2.1244444444444444,2.121468926553672,0.0,0.0,0.0,0.0,0.0,0.0,0,0,0,0.0,5,5,0,0,0,0,0,0,0.009461527758452761
SPD,0,0,0,0.0,ok,,bcsstk18,factor-l,/home/scan_SpTRSV/data/factors/spcg/bcsstk18/spcg_spilu_l_bcsstk18_fill10_drop0.0001_sp0.mtx,11948,wavefront-oriented,0.01,0.009999485208080285,0.001,1,1,1,7187,7187,718737,711550,811,935,9064,8940,124,675,676,1434,1438,4,0.00033478406427854036,0.03348012995789137,0.00033480129957891373,8249,5764,-2485,-0.2079845999330432,3171,1468,1703,0,0,0,0,0.0,0,0,0,0,0.0,0,0,0,0,0.0,0,0,0,0,0,0,0,0,0,0.0,0.0,0.0,0.0,0.0,0.0,0.0,0.0,0.0,0.0,0.0,0.0,0.0,0.0,0.0,0.0,0.0,0.0,2.1244444444444444,2.1272189349112427,0.0,0.0,0.0,0.0,0.0,0.0,0,0,0,0.0,5,5,0,0,0,0,0,0,0.0005565604563795742
SPD,0,0,0,0.0,ok,,bcsstk18,factor-l,/home/scan_SpTRSV/data/factors/spcg/bcsstk18/spcg_spilu_l_bcsstk18_fill10_drop0.0001_sp0.mtx,11948,wavefront-oriented,0.01,0.009999485208080285,0.001,-1,1,1,7187,2041,718737,711550,811,849,9064,9026,38,675,709,1434,1503,69,0.005775025108804821,0.577532241773626,0.005775322417736261,8249,7130,-1119,-0.09365584198192166,3171,2459,712,0,0,0,0,0.0,0,0,0,0,0.0,0,0,0,0,0.0,0,0,0,0,0,0,0,0,0,0.0,0.0,0.0,0.0,0.0,0.0,0.0,0.0,0.0,0.0,0.0,0.0,0.0,0.0,0.0,0.0,0.0,0.0,2.1244444444444444,2.1198871650211566,0.0,0.0,0.0,0.0,0.0,0.0,0,0,0,0.0,5,5,0,0,0,0,0,0,0.009600667872547656
SPD,0,0,0,0.0,ok,,bcsstk18,factor-l,/home/scan_SpTRSV/data/factors/spcg/bcsstk18/spcg_spilu_l_bcsstk18_fill10_drop0.0001_sp0.mtx,11948,wavefront-oriented,0.01,0.009999485208080285,0.01,1,1,1,7187,7187,718737,711550,811,939,9064,8936,128,675,682,1434,1450,16,0.0013391362571141614,0.13392051983156547,0.001339205198315655,8249,5127,-3122,-0.26129896216940074,3171,1270,1901,0,0,0,0,0.0,0,0,0,0,0.0,0,0,0,0,0.0,0,0,0,0,0,0,0,0,0,0.0,0.0,0.0,0.0,0.0,0.0,0.0,0.0,0.0,0.0,0.0,0.0,0.0,0.0,0.0,0.0,0.0,0.0,2.1244444444444444,2.126099706744868,0.0,0.0,0.0,0.0,0.0,0.0,0,0,0,0.0,5,5,0,0,0,0,0,0,0.002226241825518297
SPD,0,0,0,0.0,ok,,bcsstk18,factor-l,/home/scan_SpTRSV/data/factors/spcg/bcsstk18/spcg_spilu_l_bcsstk18_fill10_drop0.0001_sp0.mtx,11948,wavefront-oriented,0.01,0.009999485208080285,0.01,-1,1,1,7187,2442,718737,711550,811,856,9064,9019,45,675,712,1434,1509,75,0.006277201205222631,0.6277524367104631,0.006277524367104631,8249,7123,-1126,-0.09424171409440911,3171,2453,718,0,0,0,0,0.0,0,0,0,0,0.0,0,0,0,0,0.0,0,0,0,0,0,0,0,0,0,0.0,0.0,0.0,0.0,0.0,0.0,0.0,0.0,0.0,0.0,0.0,0.0,0.0,0.0,0.0,0.0,0.0,0.0,2.1244444444444444,2.11938202247191,0.0,0.0,0.0,0.0,0.0,0.0,0,0,0,0.0,5,5,0,0,0,0,0,0,0.010435508557117017
SPD,0,0,0,0.0,ok,,bcsstk18,factor-l,/home/scan_SpTRSV/data/factors/spcg/bcsstk18/spcg_spilu_l_bcsstk18_fill10_drop0.0001_sp0.mtx,11948,wavefront-oriented,0.02,0.010921936675028558,0.0001,1,1,1,7850,7850,718737,710887,811,926,9064,8949,115,675,684,1434,1459,25,0.002092400401740877,0.19157778185299779,0.0019157778185299778,8249,6362,-1887,-0.1579343823234014,3171,1744,1427,0,0,0,0,0.0,0,0,0,0,0.0,0,0,0,0,0.0,0,0,0,0,0,0,0,0,0,0.0,0.0,0.0,0.0,0.0,0.0,0.0,0.0,0.0,0.0,0.0,0.0,0.0,0.0,0.0,0.0,0.0,0.0,2.1244444444444444,2.1330409356725144,0.0,0.0,0.0,0.0,0.0,0.0,0,0,0,0.0,5,5,0,0,0,0,0,0,0.0031847133757961785
SPD,0,0,0,0.0,ok,,bcsstk18,factor-l,/home/scan_SpTRSV/data/factors/spcg/bcsstk18/spcg_spilu_l_bcsstk18_fill10_drop0.0001_sp0.mtx,11948,wavefront-oriented,0.02,0.01999897041616057,0.0001,-1,1,1,14374,2057,718737,704363,811,855,9064,9020,44,675,712,1434,1510,76,0.0063608972212922665,0.318061234599968,0.00318061234599968,8249,7228,-1021,-0.08545363240709743,3171,2476,695,0,0,0,0,0.0,0,0,0,0,0.0,0,0,0,0,0.0,0,0,0,0,0,0,0,0,0,0.0,0.0,0.0,0.0,0.0,0.0,0.0,0.0,0.0,0.0,0.0,0.0,0.0,0.0,0.0,0.0,0.0,0.0,2.1244444444444444,2.1207865168539324,0.0,0.0,0.0,0.0,0.0,0.0,0,0,0,0.0,5,5,0,0,0,0,0,0,0.005287324335605955
SPD,0,0,0,0.0,ok,,bcsstk18,factor-l,/home/scan_SpTRSV/data/factors/spcg/bcsstk18/spcg_spilu_l_bcsstk18_fill10_drop0.0001_sp0.mtx,11948,wavefront-oriented,0.02,0.011386640732284549,0.001,1,1,1,8184,8184,718737,710553,811,944,9064,8931,133,675,679,1434,1450,16,0.0013391362571141614,0.11760591104954314,0.0011760591104954313,8249,6014,-2235,-0.18706059591563443,3171,1525,1646,0,0,0,0,0.0,0,0,0,0,0.0,0,0,0,0,0.0,0,0,0,0,0,0,0,0,0,0.0,0.0,0.0,0.0,0.0,0.0,0.0,0.0,0.0,0.0,0.0,0.0,0.0,0.0,0.0,0.0,0.0,0.0,2.1244444444444444,2.1354933726067746,0.0,0.0,0.0,0.0,0.0,0.0,0,0,0,0.0,5,5,0,0,0,0,0,0,0.0019550342130987292
SPD,0,0,0,0.0,ok,,bcsstk18,factor-l,/home/scan_SpTRSV/data/factors/spcg/bcsstk18/spcg_spilu_l_bcsstk18_fill10_drop0.0001_sp0.mtx,11948,wavefront-oriented,0.02,0.01999897041616057,0.001,-1,1,1,14374,2323,718737,704363,811,869,9064,9006,58,675,721,1434,1529,95,0.007951121526615333,0.39757654324996,0.0039757654324996,8249,7125,-1124,-0.09407432206226983,3171,2427,744,0,0,0,0,0.0,0,0,0,0,0.0,0,0,0,0,0.0,0,0,0,0,0,0,0,0,0,0.0,0.0,0.0,0.0,0.0,0.0,0.0,0.0,0.0,0.0,0.0,0.0,0.0,0.0,0.0,0.0,0.0,0.0,2.1244444444444444,2.1206657420249653,0.0,0.0,0.0,0.0,0.0,0.0,0,0,0,0.0,5,5,0,0,0,0,0,0,0.006609155419507444
SPD,0,0,0,0.0,ok,,bcsstk18,factor-l,/home/scan_SpTRSV/data/factors/spcg/bcsstk18/spcg_spilu_l_bcsstk18_fill10_drop0.0001_sp0.mtx,11948,wavefront-oriented,0.02,0.0118958673339483,0.01,1,1,1,8550,8550,718737,710187,811,1016,9064,8859,205,675,660,1434,1423,-11,-0.0009206561767659859,-0.07739294251698882,-0.0007739294251698883,8249,5166,-3083,-0.258034817542685,3171,1214,1957,0,0,0,0,0.0,0,0,0,0,0.0,0,0,0,0,0.0,0,0,0,0,0,0,0,0,0,0.0,0.0,0.0,0.0,0.0,0.0,0.0,0.0,0.0,0.0,0.0,0.0,0.0,0.0,0.0,0.0,0.0,0.0,2.1244444444444444,2.1560606060606062,0.0,0.0,0.0,0.0,0.0,0.0,0,0,0,0.0,5,5,0,0,0,0,0,0,-0.0012865497076023392
SPD,0,0,0,0.0,ok,,bcsstk18,factor-l,/home/scan_SpTRSV/data/factors/spcg/bcsstk18/spcg_spilu_l_bcsstk18_fill10_drop0.0001_sp0.mtx,11948,wavefront-oriented,0.02,0.01999897041616057,0.01,-1,1,1,14374,2649,718737,704363,811,879,9064,8996,68,675,726,1434,1540,106,0.00887177770338132,0.44361172194206067,0.0044361172194206065,8249,7084,-1165,-0.09750585872112487,3171,2418,753,0,0,0,0,0.0,0,0,0,0,0.0,0,0,0,0,0.0,0,0,0,0,0,0,0,0,0,0.0,0.0,0.0,0.0,0.0,0.0,0.0,0.0,0.0,0.0,0.0,0.0,0.0,0.0,0.0,0.0,0.0,0.0,2.1244444444444444,2.121212121212121,0.0,0.0,0.0,0.0,0.0,0.0,0,0,0,0.0,5,5,0,0,0,0,0,0,0.007374426047029359
SPD,0,0,0,0.0,ok,,bcsstk18,factor-l,/home/scan_SpTRSV/data/factors/spcg/bcsstk18/spcg_spilu_l_bcsstk18_fill10_drop0.0001_sp0.mtx,11948,wavefront-oriented,0.05,0.010921936675028558,0.0001,1,1,1,7850,7850,718737,710887,811,926,9064,8949,115,675,684,1434,1459,25,0.002092400401740877,0.19157778185299779,0.0019157778185299778,8249,6362,-1887,-0.1579343823234014,3171,1744,1427,0,0,0,0,0.0,0,0,0,0,0.0,0,0,0,0,0.0,0,0,0,0,0,0,0,0,0,0.0,0.0,0.0,0.0,0.0,0.0,0.0,0.0,0.0,0.0,0.0,0.0,0.0,0.0,0.0,0.0,0.0,0.0,2.1244444444444444,2.1330409356725144,0.0,0.0,0.0,0.0,0.0,0.0,0,0,0,0.0,5,5,0,0,0,0,0,0,0.0031847133757961785
SPD,0,0,0,0.0,ok,,bcsstk18,factor-l,/home/scan_SpTRSV/data/factors/spcg/bcsstk18/spcg_spilu_l_bcsstk18_fill10_drop0.0001_sp0.mtx,11948,wavefront-oriented,0.05,0.04999881736991417,0.0001,-1,1,1,35936,2507,718737,682801,811,865,9064,9010,54,675,720,1434,1528,94,0.007867425510545699,0.1573522320005867,0.001573522320005867,8249,7152,-1097,-0.0918145296283897,3171,2414,757,0,0,0,0,0.0,0,0,0,0,0.0,0,0,0,0,0.0,0,0,0,0,0,0,0,0,0,0.0,0.0,0.0,0.0,0.0,0.0,0.0,0.0,0.0,0.0,0.0,0.0,0.0,0.0,0.0,0.0,0.0,0.0,2.1244444444444444,2.1222222222222222,0.0,0.0,0.0,0.0,0.0,0.0,0,0,0,0.0,5,5,0,0,0,0,0,0,0.002615761353517364
SPD,0,0,0,0.0,ok,,bcsstk18,factor-l,/home/scan_SpTRSV/data/factors/spcg/bcsstk18/spcg_spilu_l_bcsstk18_fill10_drop0.0001_sp0.mtx,11948,wavefront-oriented,0.05,0.011386640732284549,0.001,1,1,1,8184,8184,718737,710553,811,944,9064,8931,133,675,679,1434,1450,16,0.0013391362571141614,0.11760591104954314,0.0011760591104954313,8249,6014,-2235,-0.18706059591563443,3171,1525,1646,0,0,0,0,0.0,0,0,0,0,0.0,0,0,0,0,0.0,0,0,0,0,0,0,0,0,0,0.0,0.0,0.0,0.0,0.0,0.0,0.0,0.0,0.0,0.0,0.0,0.0,0.0,0.0,0.0,0.0,0.0,0.0,2.1244444444444444,2.1354933726067746,0.0,0.0,0.0,0.0,0.0,0.0,0,0,0,0.0,5,5,0,0,0,0,0,0,0.0019550342130987292
SPD,0,0,0,0.0,ok,,bcsstk18,factor-l,/home/scan_SpTRSV/data/factors/spcg/bcsstk18/spcg_spilu_l_bcsstk18_fill10_drop0.0001_sp0.mtx,11948,wavefront-oriented,0.05,0.04999881736991417,0.001,-1,1,1,35936,2730,718737,682801,811,879,9064,8996,68,675,725,1434,1539,105,0.008788081687311685,0.17576579106448514,0.0017576579106448516,8249,7012,-1237,-0.1035319718781386,3171,2357,814,0,0,0,0,0.0,0,0,0,0,0.0,0,0,0,0,0.0,0,0,0,0,0,0,0,0,0,0.0,0.0,0.0,0.0,0.0,0.0,0.0,0.0,0.0,0.0,0.0,0.0,0.0,0.0,0.0,0.0,0.0,0.0,2.1244444444444444,2.1227586206896554,0.0,0.0,0.0,0.0,0.0,0.0,0,0,0,0.0,5,5,0,0,0,0,0,0,0.0029218610863757793
SPD,0,0,0,0.0,ok,,bcsstk18,factor-l,/home/scan_SpTRSV/data/factors/spcg/bcsstk18/spcg_spilu_l_bcsstk18_fill10_drop0.0001_sp0.mtx,11948,wavefront-oriented,0.05,0.0118958673339483,0.01,1,1,1,8550,8550,718737,710187,811,1016,9064,8859,205,675,660,1434,1423,-11,-0.0009206561767659859,-0.07739294251698882,-0.0007739294251698883,8249,5166,-3083,-0.258034817542685,3171,1214,1957,0,0,0,0,0.0,0,0,0,0,0.0,0,0,0,0,0.0,0,0,0,0,0,0,0,0,0,0.0,0.0,0.0,0.0,0.0,0.0,0.0,0.0,0.0,0.0,0.0,0.0,0.0,0.0,0.0,0.0,0.0,0.0,2.1244444444444444,2.1560606060606062,0.0,0.0,0.0,0.0,0.0,0.0,0,0,0,0.0,5,5,0,0,0,0,0,0,-0.0012865497076023392
SPD,0,0,0,0.0,ok,,bcsstk18,factor-l,/home/scan_SpTRSV/data/factors/spcg/bcsstk18/spcg_spilu_l_bcsstk18_fill10_drop0.0001_sp0.mtx,11948,wavefront-oriented,0.05,0.04999881736991417,0.01,-1,1,1,35936,3044,718737,682801,811,905,9064,8970,94,675,735,1434,1559,125,0.010462002008704386,0.20924498936248231,0.002092449893624823,8249,6928,-1321,-0.11056243722798795,3171,2322,849,0,0,0,0,0.0,0,0,0,0,0.0,0,0,0,0,0.0,0,0,0,0,0,0,0,0,0,0.0,0.0,0.0,0.0,0.0,0.0,0.0,0.0,0.0,0.0,0.0,0.0,0.0,0.0,0.0,0.0,0.0,0.0,2.1244444444444444,2.1210884353741495,0.0,0.0,0.0,0.0,0.0,0.0,0,0,0,0.0,5,5,0,0,0,0,0,0,0.003478406055209261
SPD,0,0,0,0.0,ok,,bcsstk18,factor-l,/home/scan_SpTRSV/data/factors/spcg/bcsstk18/spcg_spilu_l_bcsstk18_fill10_drop0.0001_sp0.mtx,11948,wavefront-oriented,0.1,0.010921936675028558,0.0001,1,1,1,7850,7850,718737,710887,811,926,9064,8949,115,675,684,1434,1459,25,0.002092400401740877,0.19157778185299779,0.0019157778185299778,8249,6362,-1887,-0.1579343823234014,3171,1744,1427,0,0,0,0,0.0,0,0,0,0,0.0,0,0,0,0,0.0,0,0,0,0,0,0,0,0,0,0.0,0.0,0.0,0.0,0.0,0.0,0.0,0.0,0.0,0.0,0.0,0.0,0.0,0.0,0.0,0.0,0.0,0.0,2.1244444444444444,2.1330409356725144,0.0,0.0,0.0,0.0,0.0,0.0,0,0,0,0.0,5,5,0,0,0,0,0,0,0.0031847133757961785
SPD,0,0,0,0.0,ok,,bcsstk18,factor-l,/home/scan_SpTRSV/data/factors/spcg/bcsstk18/spcg_spilu_l_bcsstk18_fill10_drop0.0001_sp0.mtx,11948,wavefront-oriented,0.1,0.09999902606934108,0.0001,-1,1,1,71873,2944,718737,646864,811,872,9064,9003,61,675,726,1434,1541,107,0.008955473719450954,0.0895556094040463,0.0008955560940404632,8249,7036,-1213,-0.10152326749246736,3171,2338,833,0,0,0,0,0.0,0,0,0,0,0.0,0,0,0,0,0.0,0,0,0,0,0,0,0,0,0,0.0,0.0,0.0,0.0,0.0,0.0,0.0,0.0,0.0,0.0,0.0,0.0,0.0,0.0,0.0,0.0,0.0,0.0,2.1244444444444444,2.1225895316804406,0.0,0.0,0.0,0.0,0.0,0.0,0,0,0,0.0,5,5,0,0,0,0,0,0,0.0014887370779012982
SPD,0,0,0,0.0,ok,,bcsstk18,factor-l,/home/scan_SpTRSV/data/factors/spcg/bcsstk18/spcg_spilu_l_bcsstk18_fill10_drop0.0001_sp0.mtx,11948,wavefront-oriented,0.1,0.011386640732284549,0.001,1,1,1,8184,8184,718737,710553,811,944,9064,8931,133,675,679,1434,1450,16,0.0013391362571141614,0.11760591104954314,0.0011760591104954313,8249,6014,-2235,-0.18706059591563443,3171,1525,1646,0,0,0,0,0.0,0,0,0,0,0.0,0,0,0,0,0.0,0,0,0,0,0,0,0,0,0,0.0,0.0,0.0,0.0,0.0,0.0,0.0,0.0,0.0,0.0,0.0,0.0,0.0,0.0,0.0,0.0,0.0,0.0,2.1244444444444444,2.1354933726067746,0.0,0.0,0.0,0.0,0.0,0.0,0,0,0,0.0,5,5,0,0,0,0,0,0,0.0019550342130987292
SPD,0,0,0,0.0,ok,,bcsstk18,factor-l,/home/scan_SpTRSV/data/factors/spcg/bcsstk18/spcg_spilu_l_bcsstk18_fill10_drop0.0001_sp0.mtx,11948,wavefront-oriented,0.1,0.09999902606934108,0.001,-1,1,1,71873,3133,718737,646864,811,887,9064,8988,76,675,733,1434,1555,121,0.010127217944425846,0.1012731657746692,0.001012731657746692,8249,6882,-1367,-0.11441245396719116,3171,2263,908,0,0,0,0,0.0,0,0,0,0,0.0,0,0,0,0,0.0,0,0,0,0,0,0,0,0,0,0.0,0.0,0.0,0.0,0.0,0.0,0.0,0.0,0.0,0.0,0.0,0.0,0.0,0.0,0.0,0.0,0.0,0.0,2.1244444444444444,2.121418826739427,0.0,0.0,0.0,0.0,0.0,0.0,0,0,0,0.0,5,5,0,0,0,0,0,0,0.0016835251067855801
SPD,0,0,0,0.0,ok,,bcsstk18,factor-l,/home/scan_SpTRSV/data/factors/spcg/bcsstk18/spcg_spilu_l_bcsstk18_fill10_drop0.0001_sp0.mtx,11948,wavefront-oriented,0.1,0.0118958673339483,0.01,1,1,1,8550,8550,718737,710187,811,1016,9064,8859,205,675,660,1434,1423,-11,-0.0009206561767659859,-0.07739294251698882,-0.0007739294251698883,8249,5166,-3083,-0.258034817542685,3171,1214,1957,0,0,0,0,0.0,0,0,0,0,0.0,0,0,0,0,0.0,0,0,0,0,0,0,0,0,0,0.0,0.0,0.0,0.0,0.0,0.0,0.0,0.0,0.0,0.0,0.0,0.0,0.0,0.0,0.0,0.0,0.0,0.0,2.1244444444444444,2.1560606060606062,0.0,0.0,0.0,0.0,0.0,0.0,0,0,0,0.0,5,5,0,0,0,0,0,0,-0.0012865497076023392
SPD,0,0,0,0.0,ok,,bcsstk18,factor-l,/home/scan_SpTRSV/data/factors/spcg/bcsstk18/spcg_spilu_l_bcsstk18_fill10_drop0.0001_sp0.mtx,11948,wavefront-oriented,0.1,0.09999902606934108,0.01,-1,1,1,71873,3382,718737,646864,811,922,9064,8953,111,675,747,1434,1586,152,0.012721794442584533,0.127219183452477,0.0012721918345247702,8249,6758,-1491,-0.12479075995982591,3171,2220,951,0,0,0,0,0.0,0,0,0,0,0.0,0,0,0,0,0.0,0,0,0,0,0,0,0,0,0,0.0,0.0,0.0,0.0,0.0,0.0,0.0,0.0,0.0,0.0,0.0,0.0,0.0,0.0,0.0,0.0,0.0,0.0,2.1244444444444444,2.1231593038821956,0.0,0.0,0.0,0.0,0.0,0.0,0,0,0,0.0,5,5,0,0,0,0,0,0,0.002114841456457919
SPD,0,0,0,0.0,ok,,bcsstk18,factor-l,/home/scan_SpTRSV/data/factors/spcg/bcsstk18/spcg_spilu_l_bcsstk18_fill10_drop0.0001_sp0.mtx,11948,scan-chain-aware,0.01,2.226127220387986e-05,0.0001,1,1,1,16,16,718737,718721,811,827,9064,9048,16,675,683,1434,1458,24,0.002008704385671242,90.23313525276197,0.9023313525276196,8249,8259,10,0.0008369601606963508,3171,3166,5,0,0,0,0,0.0,0,0,0,0,0.0,0,0,0,0,0.0,0,0,0,0,0,0,0,0,0,0.0,0.0,0.0,0.0,0.0,0.0,0.0,0.0,0.0,0.0,0.0,0.0,0.0,0.0,0.0,0.0,0.0,0.0,2.1244444444444444,2.1346998535871156,0.0,0.0,0.0,0.0,0.0,0.0,0,0,0,0.0,5,5,0,0,0,0,0,0,1.5
SPD,0,0,0,0.0,ok,,bcsstk18,factor-l,/home/scan_SpTRSV/data/factors/spcg/bcsstk18/spcg_spilu_l_bcsstk18_fill10_drop0.0001_sp0.mtx,11948,scan-chain-aware,0.01,0.009999485208080285,0.0001,-1,1,1,7187,120,718737,711550,811,827,9064,9048,16,675,683,1434,1458,24,0.002008704385671242,0.2008807797473482,0.0020088077974734823,8249,8254,5,0.0004184800803481754,3171,3159,12,0,0,0,0,0.0,0,0,0,0,0.0,0,0,0,0,0.0,0,0,0,0,0,0,0,0,0,0.0,0.0,0.0,0.0,0.0,0.0,0.0,0.0,0.0,0.0,0.0,0.0,0.0,0.0,0.0,0.0,0.0,0.0,2.1244444444444444,2.1346998535871156,0.0,0.0,0.0,0.0,0.0,0.0,0,0,0,0.0,5,5,0,0,0,0,0,0,0.0033393627382774455
SPD,0,0,0,0.0,ok,,bcsstk18,factor-l,/home/scan_SpTRSV/data/factors/spcg/bcsstk18/spcg_spilu_l_bcsstk18_fill10_drop0.0001_sp0.mtx,11948,scan-chain-aware,0.01,2.3652601716622353e-05,0.001,1,1,1,17,17,718737,718720,811,828,9064,9047,17,675,683,1434,1459,25,0.002092400401740877,88.4638580909431,0.884638580909431,8249,8260,11,0.0009206561767659859,3171,3165,6,0,0,0,0,0.0,0,0,0,0,0.0,0,0,0,0,0.0,0,0,0,0,0,0,0,0,0,0.0,0.0,0.0,0.0,0.0,0.0,0.0,0.0,0.0,0.0,0.0,0.0,0.0,0.0,0.0,0.0,0.0,0.0,2.1244444444444444,2.1361639824304537,0.0,0.0,0.0,0.0,0.0,0.0,0,0,0,0.0,5,5,0,0,0,0,0,0,1.4705882352941178
SPD,0,0,0,0.0,ok,,bcsstk18,factor-l,/home/scan_SpTRSV/data/factors/spcg/bcsstk18/spcg_spilu_l_bcsstk18_fill10_drop0.0001_sp0.mtx,11948,scan-chain-aware,0.01,0.009999485208080285,0.001,-1,1,1,7187,108,718737,711550,811,828,9064,9047,17,675,683,1434,1459,25,0.002092400401740877,0.20925081223682104,0.0020925081223682105,8249,8261,12,0.001004352192835621,3171,3155,16,0,0,0,0,0.0,0,0,0,0,0.0,0,0,0,0,0.0,0,0,0,0,0,0,0,0,0,0.0,0.0,0.0,0.0,0.0,0.0,0.0,0.0,0.0,0.0,0.0,0.0,0.0,0.0,0.0,0.0,0.0,0.0,2.1244444444444444,2.1361639824304537,0.0,0.0,0.0,0.0,0.0,0.0,0,0,0,0.0,5,5,0,0,0,0,0,0,0.003478502852372339
SPD,0,0,0,0.0,ok,,bcsstk18,factor-l,/home/scan_SpTRSV/data/factors/spcg/bcsstk18/spcg_spilu_l_bcsstk18_fill10_drop0.0001_sp0.mtx,11948,scan-chain-aware,0.01,4.452254440775972e-05,0.01,1,1,1,32,32,718737,718705,811,843,9064,9032,32,675,689,1434,1480,46,0.0038500167392032138,86.47342128389688,0.8647342128389688,8249,8260,11,0.0009206561767659859,3171,3155,16,0,0,0,0,0.0,0,0,0,0,0.0,0,0,0,0,0.0,0,0,0,0,0,0,0,0,0,0.0,0.0,0.0,0.0,0.0,0.0,0.0,0.0,0.0,0.0,0.0,0.0,0.0,0.0,0.0,0.0,0.0,0.0,2.1244444444444444,2.1480406386066764,0.0,0.0,0.0,0.0,0.0,0.0,0,0,0,0.0,5,5,0,0,0,0,0,0,1.4375
SPD,0,0,0,0.0,ok,,bcsstk18,factor-l,/home/scan_SpTRSV/data/factors/spcg/bcsstk18/spcg_spilu_l_bcsstk18_fill10_drop0.0001_sp0.mtx,11948,scan-chain-aware,0.01,0.009999485208080285,0.01,-1,1,1,7187,124,718737,711550,811,843,9064,9032,32,675,689,1434,1480,46,0.0038500167392032138,0.38502149451575074,0.003850214945157507,8249,8257,8,0.0006695681285570807,3171,3145,26,0,0,0,0,0.0,0,0,0,0,0.0,0,0,0,0,0.0,0,0,0,0,0,0,0,0,0,0.0,0.0,0.0,0.0,0.0,0.0,0.0,0.0,0.0,0.0,0.0,0.0,0.0,0.0,0.0,0.0,0.0,0.0,2.1244444444444444,2.1480406386066764,0.0,0.0,0.0,0.0,0.0,0.0,0,0,0,0.0,5,5,0,0,0,0,0,0,0.006400445248365104
SPD,0,0,0,0.0,ok,,bcsstk18,factor-l,/home/scan_SpTRSV/data/factors/spcg/bcsstk18/spcg_spilu_l_bcsstk18_fill10_drop0.0001_sp0.mtx,11948,scan-chain-aware,0.02,2.226127220387986e-05,0.0001,1,1,1,16,16,718737,718721,811,827,9064,9048,16,675,683,1434,1458,24,0.002008704385671242,90.23313525276197,0.9023313525276196,8249,8259,10,0.0008369601606963508,3171,3166,5,0,0,0,0,0.0,0,0,0,0,0.0,0,0,0,0,0.0,0,0,0,0,0,0,0,0,0,0.0,0.0,0.0,0.0,0.0,0.0,0.0,0.0,0.0,0.0,0.0,0.0,0.0,0.0,0.0,0.0,0.0,0.0,2.1244444444444444,2.1346998535871156,0.0,0.0,0.0,0.0,0.0,0.0,0,0,0,0.0,5,5,0,0,0,0,0,0,1.5
SPD,0,0,0,0.0,ok,,bcsstk18,factor-l,/home/scan_SpTRSV/data/factors/spcg/bcsstk18/spcg_spilu_l_bcsstk18_fill10_drop0.0001_sp0.mtx,11948,scan-chain-aware,0.02,0.01999897041616057,0.0001,-1,1,1,14374,336,718737,704363,811,828,9064,9047,17,675,683,1434,1459,25,0.002092400401740877,0.10462540611841052,0.0010462540611841052,8249,8228,-21,-0.0017576163374623368,3171,3133,38,0,0,0,0,0.0,0,0,0,0,0.0,0,0,0,0,0.0,0,0,0,0,0,0,0,0,0,0.0,0.0,0.0,0.0,0.0,0.0,0.0,0.0,0.0,0.0,0.0,0.0,0.0,0.0,0.0,0.0,0.0,0.0,2.1244444444444444,2.1361639824304537,0.0,0.0,0.0,0.0,0.0,0.0,0,0,0,0.0,5,5,0,0,0,0,0,0,0.0017392514261861695
SPD,0,0,0,0.0,ok,,bcsstk18,factor-l,/home/scan_SpTRSV/data/factors/spcg/bcsstk18/spcg_spilu_l_bcsstk18_fill10_drop0.0001_sp0.mtx,11948,scan-chain-aware,0.02,2.3652601716622353e-05,0.001,1,1,1,17,17,718737,718720,811,828,9064,9047,17,675,683,1434,1459,25,0.002092400401740877,88.4638580909431,0.884638580909431,8249,8260,11,0.0009206561767659859,3171,3165,6,0,0,0,0,0.0,0,0,0,0,0.0,0,0,0,0,0.0,0,0,0,0,0,0,0,0,0,0.0,0.0,0.0,0.0,0.0,0.0,0.0,0.0,0.0,0.0,0.0,0.0,0.0,0.0,0.0,0.0,0.0,0.0,2.1244444444444444,2.1361639824304537,0.0,0.0,0.0,0.0,0.0,0.0,0,0,0,0.0,5,5,0,0,0,0,0,0,1.4705882352941178
SPD,0,0,0,0.0,ok,,bcsstk18,factor-l,/home/scan_SpTRSV/data/factors/spcg/bcsstk18/spcg_spilu_l_bcsstk18_fill10_drop0.0001_sp0.mtx,11948,scan-chain-aware,0.02,0.01999897041616057,0.001,-1,1,1,14374,231,718737,704363,811,829,9064,9046,18,675,683,1434,1460,26,0.002176096417810512,0.10881042236314695,0.0010881042236314694,8249,8217,-32,-0.002678272514228323,3171,3130,41,0,0,0,0,0.0,0,0,0,0,0.0,0,0,0,0,0.0,0,0,0,0,0,0,0,0,0,0.0,0.0,0.0,0.0,0.0,0.0,0.0,0.0,0.0,0.0,0.0,0.0,0.0,0.0,0.0,0.0,0.0,0.0,2.1244444444444444,2.1376281112737923,0.0,0.0,0.0,0.0,0.0,0.0,0,0,0,0.0,5,5,0,0,0,0,0,0,0.0018088214832336163
SPD,0,0,0,0.0,ok,,bcsstk18,factor-l,/home/scan_SpTRSV/data/factors/spcg/bcsstk18/spcg_spilu_l_bcsstk18_fill10_drop0.0001_sp0.mtx,11948,scan-chain-aware,0.02,4.452254440775972e-05,0.01,1,1,1,32,32,718737,718705,811,843,9064,9032,32,675,689,1434,1480,46,0.0038500167392032138,86.47342128389688,0.8647342128389688,8249,8260,11,0.0009206561767659859,3171,3155,16,0,0,0,0,0.0,0,0,0,0,0.0,0,0,0,0,0.0,0,0,0,0,0,0,0,0,0,0.0,0.0,0.0,0.0,0.0,0.0,0.0,0.0,0.0,0.0,0.0,0.0,0.0,0.0,0.0,0.0,0.0,0.0,2.1244444444444444,2.1480406386066764,0.0,0.0,0.0,0.0,0.0,0.0,0,0,0,0.0,5,5,0,0,0,0,0,0,1.4375
SPD,0,0,0,0.0,ok,,bcsstk18,factor-l,/home/scan_SpTRSV/data/factors/spcg/bcsstk18/spcg_spilu_l_bcsstk18_fill10_drop0.0001_sp0.mtx,11948,scan-chain-aware,0.02,0.01999897041616057,0.01,-1,1,1,14374,160,718737,704363,811,843,9064,9032,32,675,689,1434,1480,46,0.0038500167392032138,0.19251074725787537,0.0019251074725787536,8249,8259,10,0.0008369601606963508,3171,3143,28,0,0,0,0,0.0,0,0,0,0,0.0,0,0,0,0,0.0,0,0,0,0,0,0,0,0,0,0.0,0.0,0.0,0.0,0.0,0.0,0.0,0.0,0.0,0.0,0.0,0.0,0.0,0.0,0.0,0.0,0.0,0.0,2.1244444444444444,2.1480406386066764,0.0,0.0,0.0,0.0,0.0,0.0,0,0,0,0.0,5,5,0,0,0,0,0,0,0.003200222624182552
SPD,0,0,0,0.0,ok,,bcsstk18,factor-l,/home/scan_SpTRSV/data/factors/spcg/bcsstk18/spcg_spilu_l_bcsstk18_fill10_drop0.0001_sp0.mtx,11948,scan-chain-aware,0.05,2.226127220387986e-05,0.0001,1,1,1,16,16,718737,718721,811,827,9064,9048,16,675,683,1434,1458,24,0.002008704385671242,90.23313525276197,0.9023313525276196,8249,8259,10,0.0008369601606963508,3171,3166,5,0,0,0,0,0.0,0,0,0,0,0.0,0,0,0,0,0.0,0,0,0,0,0,0,0,0,0,0.0,0.0,0.0,0.0,0.0,0.0,0.0,0.0,0.0,0.0,0.0,0.0,0.0,0.0,0.0,0.0,0.0,0.0,2.1244444444444444,2.1346998535871156,0.0,0.0,0.0,0.0,0.0,0.0,0,0,0,0.0,5,5,0,0,0,0,0,0,1.5
SPD,0,0,0,0.0,ok,,bcsstk18,factor-l,/home/scan_SpTRSV/data/factors/spcg/bcsstk18/spcg_spilu_l_bcsstk18_fill10_drop0.0001_sp0.mtx,11948,scan-chain-aware,0.05,0.04999881736991417,0.0001,-1,1,1,35936,1240,718737,682801,811,829,9064,9046,18,675,683,1434,1460,26,0.002176096417810512,0.043522957787396316,0.0004352295778739632,8249,8195,-54,-0.004519584867760294,3171,3024,147,0,0,0,0,0.0,0,0,0,0,0.0,0,0,0,0,0.0,0,0,0,0,0,0,0,0,0,0.0,0.0,0.0,0.0,0.0,0.0,0.0,0.0,0.0,0.0,0.0,0.0,0.0,0.0,0.0,0.0,0.0,0.0,2.1244444444444444,2.1376281112737923,0.0,0.0,0.0,0.0,0.0,0.0,0,0,0,0.0,5,5,0,0,0,0,0,0,0.0007235084594835263
SPD,0,0,0,0.0,ok,,bcsstk18,factor-l,/home/scan_SpTRSV/data/factors/spcg/bcsstk18/spcg_spilu_l_bcsstk18_fill10_drop0.0001_sp0.mtx,11948,scan-chain-aware,0.05,2.3652601716622353e-05,0.001,1,1,1,17,17,718737,718720,811,828,9064,9047,17,675,683,1434,1459,25,0.002092400401740877,88.4638580909431,0.884638580909431,8249,8260,11,0.0009206561767659859,3171,3165,6,0,0,0,0,0.0,0,0,0,0,0.0,0,0,0,0,0.0,0,0,0,0,0,0,0,0,0,0.0,0.0,0.0,0.0,0.0,0.0,0.0,0.0,0.0,0.0,0.0,0.0,0.0,0.0,0.0,0.0,0.0,0.0,2.1244444444444444,2.1361639824304537,0.0,0.0,0.0,0.0,0.0,0.0,0,0,0,0.0,5,5,0,0,0,0,0,0,1.4705882352941178
SPD,0,0,0,0.0,ok,,bcsstk18,factor-l,/home/scan_SpTRSV/data/factors/spcg/bcsstk18/spcg_spilu_l_bcsstk18_fill10_drop0.0001_sp0.mtx,11948,scan-chain-aware,0.05,0.04999881736991417,0.001,-1,1,1,35936,1173,718737,682801,811,830,9064,9045,19,675,683,1434,1461,27,0.002259792433880147,0.045196917702296176,0.00045196917702296176,8249,8172,-77,-0.006444593237361901,3171,2971,200,0,0,0,0,0.0,0,0,0,0,0.0,0,0,0,0,0.0,0,0,0,0,0,0,0,0,0,0.0,0.0,0.0,0.0,0.0,0.0,0.0,0.0,0.0,0.0,0.0,0.0,0.0,0.0,0.0,0.0,0.0,0.0,2.1244444444444444,2.1390922401171304,0.0,0.0,0.0,0.0,0.0,0.0,0,0,0,0.0,5,5,0,0,0,0,0,0,0.0007513357079252003
SPD,0,0,0,0.0,ok,,bcsstk18,factor-l,/home/scan_SpTRSV/data/factors/spcg/bcsstk18/spcg_spilu_l_bcsstk18_fill10_drop0.0001_sp0.mtx,11948,scan-chain-aware,0.05,4.452254440775972e-05,0.01,1,1,1,32,32,718737,718705,811,843,9064,9032,32,675,689,1434,1480,46,0.0038500167392032138,86.47342128389688,0.8647342128389688,8249,8260,11,0.0009206561767659859,3171,3155,16,0,0,0,0,0.0,0,0,0,0,0.0,0,0,0,0,0.0,0,0,0,0,0,0,0,0,0,0.0,0.0,0.0,0.0,0.0,0.0,0.0,0.0,0.0,0.0,0.0,0.0,0.0,0.0,0.0,0.0,0.0,0.0,2.1244444444444444,2.1480406386066764,0.0,0.0,0.0,0.0,0.0,0.0,0,0,0,0.0,5,5,0,0,0,0,0,0,1.4375
SPD,0,0,0,0.0,ok,,bcsstk18,factor-l,/home/scan_SpTRSV/data/factors/spcg/bcsstk18/spcg_spilu_l_bcsstk18_fill10_drop0.0001_sp0.mtx,11948,scan-chain-aware,0.05,0.04999881736991417,0.01,-1,1,1,35936,943,718737,682801,811,847,9064,9028,36,675,689,1434,1482,48,0.004017408771342484,0.0803500759151932,0.000803500759151932,8249,8098,-151,-0.012638098426514898,3171,2982,189,0,0,0,0,0.0,0,0,0,0,0.0,0,0,0,0,0.0,0,0,0,0,0,0,0,0,0,0.0,0.0,0.0,0.0,0.0,0.0,0.0,0.0,0.0,0.0,0.0,0.0,0.0,0.0,0.0,0.0,0.0,0.0,2.1244444444444444,2.150943396226415,0.0,0.0,0.0,0.0,0.0,0.0,0,0,0,0.0,5,5,0,0,0,0,0,0,0.0013357079252003562
SPD,0,0,0,0.0,ok,,bcsstk18,factor-l,/home/scan_SpTRSV/data/factors/spcg/bcsstk18/spcg_spilu_l_bcsstk18_fill10_drop0.0001_sp0.mtx,11948,scan-chain-aware,0.1,2.226127220387986e-05,0.0001,1,1,1,16,16,718737,718721,811,827,9064,9048,16,675,683,1434,1458,24,0.002008704385671242,90.23313525276197,0.9023313525276196,8249,8259,10,0.0008369601606963508,3171,3166,5,0,0,0,0,0.0,0,0,0,0,0.0,0,0,0,0,0.0,0,0,0,0,0,0,0,0,0,0.0,0.0,0.0,0.0,0.0,0.0,0.0,0.0,0.0,0.0,0.0,0.0,0.0,0.0,0.0,0.0,0.0,0.0,2.1244444444444444,2.1346998535871156,0.0,0.0,0.0,0.0,0.0,0.0,0,0,0,0.0,5,5,0,0,0,0,0,0,1.5
SPD,0,0,0,0.0,ok,,bcsstk18,factor-l,/home/scan_SpTRSV/data/factors/spcg/bcsstk18/spcg_spilu_l_bcsstk18_fill10_drop0.0001_sp0.mtx,11948,scan-chain-aware,0.1,0.09999902606934108,0.0001,-1,1,1,71873,1561,718737,646864,811,829,9064,9046,18,675,683,1434,1460,26,0.002176096417810512,0.021761176116871065,0.00021761176116871068,8249,8204,-45,-0.0037663207231335787,3171,3008,163,0,0,0,0,0.0,0,0,0,0,0.0,0,0,0,0,0.0,0,0,0,0,0,0,0,0,0,0.0,0.0,0.0,0.0,0.0,0.0,0.0,0.0,0.0,0.0,0.0,0.0,0.0,0.0,0.0,0.0,0.0,0.0,2.1244444444444444,2.1376281112737923,0.0,0.0,0.0,0.0,0.0,0.0,0,0,0,0.0,5,5,0,0,0,0,0,0,0.00036174919649938086
SPD,0,0,0,0.0,ok,,bcsstk18,factor-l,/home/scan_SpTRSV/data/factors/spcg/bcsstk18/spcg_spilu_l_bcsstk18_fill10_drop0.0001_sp0.mtx,11948,scan-chain-aware,0.1,2.3652601716622353e-05,0.001,1,1,1,17,17,718737,718720,811,828,9064,9047,17,675,683,1434,1459,25,0.002092400401740877,88.4638580909431,0.884638580909431,8249,8260,11,0.0009206561767659859,3171,3165,6,0,0,0,0,0.0,0,0,0,0,0.0,0,0,0,0,0.0,0,0,0,0,0,0,0,0,0,0.0,0.0,0.0,0.0,0.0,0.0,0.0,0.0,0.0,0.0,0.0,0.0,0.0,0.0,0.0,0.0,0.0,0.0,2.1244444444444444,2.1361639824304537,0.0,0.0,0.0,0.0,0.0,0.0,0,0,0,0.0,5,5,0,0,0,0,0,0,1.4705882352941178
SPD,0,0,0,0.0,ok,,bcsstk18,factor-l,/home/scan_SpTRSV/data/factors/spcg/bcsstk18/spcg_spilu_l_bcsstk18_fill10_drop0.0001_sp0.mtx,11948,scan-chain-aware,0.1,0.09999902606934108,0.001,-1,1,1,71873,1451,718737,646864,811,830,9064,9045,19,675,683,1434,1461,27,0.002259792433880147,0.022598144429058414,0.00022598144429058416,8249,8182,-67,-0.0056076330766655505,3171,2950,221,0,0,0,0,0.0,0,0,0,0,0.0,0,0,0,0,0.0,0,0,0,0,0,0,0,0,0,0.0,0.0,0.0,0.0,0.0,0.0,0.0,0.0,0.0,0.0,0.0,0.0,0.0,0.0,0.0,0.0,0.0,0.0,2.1244444444444444,2.1390922401171304,0.0,0.0,0.0,0.0,0.0,0.0,0,0,0,0.0,5,5,0,0,0,0,0,0,0.00037566262713397243
SPD,0,0,0,0.0,ok,,bcsstk18,factor-l,/home/scan_SpTRSV/data/factors/spcg/bcsstk18/spcg_spilu_l_bcsstk18_fill10_drop0.0001_sp0.mtx,11948,scan-chain-aware,0.1,4.452254440775972e-05,0.01,1,1,1,32,32,718737,718705,811,843,9064,9032,32,675,689,1434,1480,46,0.0038500167392032138,86.47342128389688,0.8647342128389688,8249,8260,11,0.0009206561767659859,3171,3155,16,0,0,0,0,0.0,0,0,0,0,0.0,0,0,0,0,0.0,0,0,0,0,0,0,0,0,0,0.0,0.0,0.0,0.0,0.0,0.0,0.0,0.0,0.0,0.0,0.0,0.0,0.0,0.0,0.0,0.0,0.0,0.0,2.1244444444444444,2.1480406386066764,0.0,0.0,0.0,0.0,0.0,0.0,0,0,0,0.0,5,5,0,0,0,0,0,0,1.4375
SPD,0,0,0,0.0,ok,,bcsstk18,factor-l,/home/scan_SpTRSV/data/factors/spcg/bcsstk18/spcg_spilu_l_bcsstk18_fill10_drop0.0001_sp0.mtx,11948,scan-chain-aware,0.1,0.09999902606934108,0.01,-1,1,1,71873,1541,718737,646864,811,847,9064,9028,36,675,689,1434,1482,48,0.004017408771342484,0.04017447898499273,0.0004017447898499274,8249,8069,-180,-0.015065282892534315,3171,2874,297,0,0,0,0,0.0,0,0,0,0,0.0,0,0,0,0,0.0,0,0,0,0,0,0,0,0,0,0.0,0.0,0.0,0.0,0.0,0.0,0.0,0.0,0.0,0.0,0.0,0.0,0.0,0.0,0.0,0.0,0.0,0.0,2.1244444444444444,2.150943396226415,0.0,0.0,0.0,0.0,0.0,0.0,0,0,0,0.0,5,5,0,0,0,0,0,0,0.0006678446704603954
SPD,0,0,0,0.0,ok,,bcsstk18,factor-l,/home/scan_SpTRSV/data/factors/spcg/bcsstk18/spcg_spilu_l_bcsstk18_fill10_drop0.0001_sp0.mtx,11948,long-chain-aware-drop,0.01,0.0,0.0001,1,1,1,0,0,718737,718737,811,811,9064,9064,0,675,675,1434,1434,0,0.0,0.0,0.0,8249,8249,0,0.0,3171,3171,0,0,0,0,0,0.0,0,0,0,0,0.0,0,0,0,0,0.0,0,0,0,0,0,0,0,0,0,0.0,0.0,0.0,0.0,0.0,0.0,0.0,0.0,0.0,0.0,0.0,0.0,0.0,0.0,0.0,0.0,0.0,0.0,2.1244444444444444,2.1244444444444444,0.0,0.0,0.0,0.0,0.0,0.0,0,0,0,0.0,5,5,0,0,0,0,0,0,0.0
SPD,0,0,0,0.0,ok,,bcsstk18,factor-l,/home/scan_SpTRSV/data/factors/spcg/bcsstk18/spcg_spilu_l_bcsstk18_fill10_drop0.0001_sp0.mtx,11948,long-chain-aware-drop,0.01,0.0,0.0001,-1,1,1,0,0,718737,718737,811,811,9064,9064,0,675,675,1434,1434,0,0.0,0.0,0.0,8249,8249,0,0.0,3171,3171,0,0,0,0,0,0.0,0,0,0,0,0.0,0,0,0,0,0.0,0,0,0,0,0,0,0,0,0,0.0,0.0,0.0,0.0,0.0,0.0,0.0,0.0,0.0,0.0,0.0,0.0,0.0,0.0,0.0,0.0,0.0,0.0,2.1244444444444444,2.1244444444444444,0.0,0.0,0.0,0.0,0.0,0.0,0,0,0,0.0,5,5,0,0,0,0,0,0,0.0
SPD,0,0,0,0.0,ok,,bcsstk18,factor-l,/home/scan_SpTRSV/data/factors/spcg/bcsstk18/spcg_spilu_l_bcsstk18_fill10_drop0.0001_sp0.mtx,11948,long-chain-aware-drop,0.01,0.0,0.001,1,1,1,0,0,718737,718737,811,811,9064,9064,0,675,675,1434,1434,0,0.0,0.0,0.0,8249,8249,0,0.0,3171,3171,0,0,0,0,0,0.0,0,0,0,0,0.0,0,0,0,0,0.0,0,0,0,0,0,0,0,0,0,0.0,0.0,0.0,0.0,0.0,0.0,0.0,0.0,0.0,0.0,0.0,0.0,0.0,0.0,0.0,0.0,0.0,0.0,2.1244444444444444,2.1244444444444444,0.0,0.0,0.0,0.0,0.0,0.0,0,0,0,0.0,5,5,0,0,0,0,0,0,0.0
SPD,0,0,0,0.0,ok,,bcsstk18,factor-l,/home/scan_SpTRSV/data/factors/spcg/bcsstk18/spcg_spilu_l_bcsstk18_fill10_drop0.0001_sp0.mtx,11948,long-chain-aware-drop,0.01,0.0,0.001,-1,1,1,0,0,718737,718737,811,811,9064,9064,0,675,675,1434,1434,0,0.0,0.0,0.0,8249,8249,0,0.0,3171,3171,0,0,0,0,0,0.0,0,0,0,0,0.0,0,0,0,0,0.0,0,0,0,0,0,0,0,0,0,0.0,0.0,0.0,0.0,0.0,0.0,0.0,0.0,0.0,0.0,0.0,0.0,0.0,0.0,0.0,0.0,0.0,0.0,2.1244444444444444,2.1244444444444444,0.0,0.0,0.0,0.0,0.0,0.0,0,0,0,0.0,5,5,0,0,0,0,0,0,0.0
SPD,0,0,0,0.0,ok,,bcsstk18,factor-l,/home/scan_SpTRSV/data/factors/spcg/bcsstk18/spcg_spilu_l_bcsstk18_fill10_drop0.0001_sp0.mtx,11948,long-chain-aware-drop,0.01,0.0,0.01,1,1,1,0,0,718737,718737,811,811,9064,9064,0,675,675,1434,1434,0,0.0,0.0,0.0,8249,8249,0,0.0,3171,3171,0,0,0,0,0,0.0,0,0,0,0,0.0,0,0,0,0,0.0,0,0,0,0,0,0,0,0,0,0.0,0.0,0.0,0.0,0.0,0.0,0.0,0.0,0.0,0.0,0.0,0.0,0.0,0.0,0.0,0.0,0.0,0.0,2.1244444444444444,2.1244444444444444,0.0,0.0,0.0,0.0,0.0,0.0,0,0,0,0.0,5,5,0,0,0,0,0,0,0.0
SPD,0,0,0,0.0,ok,,bcsstk18,factor-l,/home/scan_SpTRSV/data/factors/spcg/bcsstk18/spcg_spilu_l_bcsstk18_fill10_drop0.0001_sp0.mtx,11948,long-chain-aware-drop,0.01,0.0,0.01,-1,1,1,0,0,718737,718737,811,811,9064,9064,0,675,675,1434,1434,0,0.0,0.0,0.0,8249,8249,0,0.0,3171,3171,0,0,0,0,0,0.0,0,0,0,0,0.0,0,0,0,0,0.0,0,0,0,0,0,0,0,0,0,0.0,0.0,0.0,0.0,0.0,0.0,0.0,0.0,0.0,0.0,0.0,0.0,0.0,0.0,0.0,0.0,0.0,0.0,2.1244444444444444,2.1244444444444444,0.0,0.0,0.0,0.0,0.0,0.0,0,0,0,0.0,5,5,0,0,0,0,0,0,0.0
SPD,0,0,0,0.0,ok,,bcsstk18,factor-l,/home/scan_SpTRSV/data/factors/spcg/bcsstk18/spcg_spilu_l_bcsstk18_fill10_drop0.0001_sp0.mtx,11948,long-chain-aware-drop,0.02,0.0,0.0001,1,1,1,0,0,718737,718737,811,811,9064,9064,0,675,675,1434,1434,0,0.0,0.0,0.0,8249,8249,0,0.0,3171,3171,0,0,0,0,0,0.0,0,0,0,0,0.0,0,0,0,0,0.0,0,0,0,0,0,0,0,0,0,0.0,0.0,0.0,0.0,0.0,0.0,0.0,0.0,0.0,0.0,0.0,0.0,0.0,0.0,0.0,0.0,0.0,0.0,2.1244444444444444,2.1244444444444444,0.0,0.0,0.0,0.0,0.0,0.0,0,0,0,0.0,5,5,0,0,0,0,0,0,0.0
SPD,0,0,0,0.0,ok,,bcsstk18,factor-l,/home/scan_SpTRSV/data/factors/spcg/bcsstk18/spcg_spilu_l_bcsstk18_fill10_drop0.0001_sp0.mtx,11948,long-chain-aware-drop,0.02,0.0,0.0001,-1,1,1,0,0,718737,718737,811,811,9064,9064,0,675,675,1434,1434,0,0.0,0.0,0.0,8249,8249,0,0.0,3171,3171,0,0,0,0,0,0.0,0,0,0,0,0.0,0,0,0,0,0.0,0,0,0,0,0,0,0,0,0,0.0,0.0,0.0,0.0,0.0,0.0,0.0,0.0,0.0,0.0,0.0,0.0,0.0,0.0,0.0,0.0,0.0,0.0,2.1244444444444444,2.1244444444444444,0.0,0.0,0.0,0.0,0.0,0.0,0,0,0,0.0,5,5,0,0,0,0,0,0,0.0
SPD,0,0,0,0.0,ok,,bcsstk18,factor-l,/home/scan_SpTRSV/data/factors/spcg/bcsstk18/spcg_spilu_l_bcsstk18_fill10_drop0.0001_sp0.mtx,11948,long-chain-aware-drop,0.02,0.0,0.001,1,1,1,0,0,718737,718737,811,811,9064,9064,0,675,675,1434,1434,0,0.0,0.0,0.0,8249,8249,0,0.0,3171,3171,0,0,0,0,0,0.0,0,0,0,0,0.0,0,0,0,0,0.0,0,0,0,0,0,0,0,0,0,0.0,0.0,0.0,0.0,0.0,0.0,0.0,0.0,0.0,0.0,0.0,0.0,0.0,0.0,0.0,0.0,0.0,0.0,2.1244444444444444,2.1244444444444444,0.0,0.0,0.0,0.0,0.0,0.0,0,0,0,0.0,5,5,0,0,0,0,0,0,0.0
SPD,0,0,0,0.0,ok,,bcsstk18,factor-l,/home/scan_SpTRSV/data/factors/spcg/bcsstk18/spcg_spilu_l_bcsstk18_fill10_drop0.0001_sp0.mtx,11948,long-chain-aware-drop,0.02,0.0,0.001,-1,1,1,0,0,718737,718737,811,811,9064,9064,0,675,675,1434,1434,0,0.0,0.0,0.0,8249,8249,0,0.0,3171,3171,0,0,0,0,0,0.0,0,0,0,0,0.0,0,0,0,0,0.0,0,0,0,0,0,0,0,0,0,0.0,0.0,0.0,0.0,0.0,0.0,0.0,0.0,0.0,0.0,0.0,0.0,0.0,0.0,0.0,0.0,0.0,0.0,2.1244444444444444,2.1244444444444444,0.0,0.0,0.0,0.0,0.0,0.0,0,0,0,0.0,5,5,0,0,0,0,0,0,0.0
SPD,0,0,0,0.0,ok,,bcsstk18,factor-l,/home/scan_SpTRSV/data/factors/spcg/bcsstk18/spcg_spilu_l_bcsstk18_fill10_drop0.0001_sp0.mtx,11948,long-chain-aware-drop,0.02,0.0,0.01,1,1,1,0,0,718737,718737,811,811,9064,9064,0,675,675,1434,1434,0,0.0,0.0,0.0,8249,8249,0,0.0,3171,3171,0,0,0,0,0,0.0,0,0,0,0,0.0,0,0,0,0,0.0,0,0,0,0,0,0,0,0,0,0.0,0.0,0.0,0.0,0.0,0.0,0.0,0.0,0.0,0.0,0.0,0.0,0.0,0.0,0.0,0.0,0.0,0.0,2.1244444444444444,2.1244444444444444,0.0,0.0,0.0,0.0,0.0,0.0,0,0,0,0.0,5,5,0,0,0,0,0,0,0.0
SPD,0,0,0,0.0,ok,,bcsstk18,factor-l,/home/scan_SpTRSV/data/factors/spcg/bcsstk18/spcg_spilu_l_bcsstk18_fill10_drop0.0001_sp0.mtx,11948,long-chain-aware-drop,0.02,0.0,0.01,-1,1,1,0,0,718737,718737,811,811,9064,9064,0,675,675,1434,1434,0,0.0,0.0,0.0,8249,8249,0,0.0,3171,3171,0,0,0,0,0,0.0,0,0,0,0,0.0,0,0,0,0,0.0,0,0,0,0,0,0,0,0,0,0.0,0.0,0.0,0.0,0.0,0.0,0.0,0.0,0.0,0.0,0.0,0.0,0.0,0.0,0.0,0.0,0.0,0.0,2.1244444444444444,2.1244444444444444,0.0,0.0,0.0,0.0,0.0,0.0,0,0,0,0.0,5,5,0,0,0,0,0,0,0.0
SPD,0,0,0,0.0,ok,,bcsstk18,factor-l,/home/scan_SpTRSV/data/factors/spcg/bcsstk18/spcg_spilu_l_bcsstk18_fill10_drop0.0001_sp0.mtx,11948,long-chain-aware-drop,0.05,0.0,0.0001,1,1,1,0,0,718737,718737,811,811,9064,9064,0,675,675,1434,1434,0,0.0,0.0,0.0,8249,8249,0,0.0,3171,3171,0,0,0,0,0,0.0,0,0,0,0,0.0,0,0,0,0,0.0,0,0,0,0,0,0,0,0,0,0.0,0.0,0.0,0.0,0.0,0.0,0.0,0.0,0.0,0.0,0.0,0.0,0.0,0.0,0.0,0.0,0.0,0.0,2.1244444444444444,2.1244444444444444,0.0,0.0,0.0,0.0,0.0,0.0,0,0,0,0.0,5,5,0,0,0,0,0,0,0.0
SPD,0,0,0,0.0,ok,,bcsstk18,factor-l,/home/scan_SpTRSV/data/factors/spcg/bcsstk18/spcg_spilu_l_bcsstk18_fill10_drop0.0001_sp0.mtx,11948,long-chain-aware-drop,0.05,0.0,0.0001,-1,1,1,0,0,718737,718737,811,811,9064,9064,0,675,675,1434,1434,0,0.0,0.0,0.0,8249,8249,0,0.0,3171,3171,0,0,0,0,0,0.0,0,0,0,0,0.0,0,0,0,0,0.0,0,0,0,0,0,0,0,0,0,0.0,0.0,0.0,0.0,0.0,0.0,0.0,0.0,0.0,0.0,0.0,0.0,0.0,0.0,0.0,0.0,0.0,0.0,2.1244444444444444,2.1244444444444444,0.0,0.0,0.0,0.0,0.0,0.0,0,0,0,0.0,5,5,0,0,0,0,0,0,0.0
SPD,0,0,0,0.0,ok,,bcsstk18,factor-l,/home/scan_SpTRSV/data/factors/spcg/bcsstk18/spcg_spilu_l_bcsstk18_fill10_drop0.0001_sp0.mtx,11948,long-chain-aware-drop,0.05,0.0,0.001,1,1,1,0,0,718737,718737,811,811,9064,9064,0,675,675,1434,1434,0,0.0,0.0,0.0,8249,8249,0,0.0,3171,3171,0,0,0,0,0,0.0,0,0,0,0,0.0,0,0,0,0,0.0,0,0,0,0,0,0,0,0,0,0.0,0.0,0.0,0.0,0.0,0.0,0.0,0.0,0.0,0.0,0.0,0.0,0.0,0.0,0.0,0.0,0.0,0.0,2.1244444444444444,2.1244444444444444,0.0,0.0,0.0,0.0,0.0,0.0,0,0,0,0.0,5,5,0,0,0,0,0,0,0.0
SPD,0,0,0,0.0,ok,,bcsstk18,factor-l,/home/scan_SpTRSV/data/factors/spcg/bcsstk18/spcg_spilu_l_bcsstk18_fill10_drop0.0001_sp0.mtx,11948,long-chain-aware-drop,0.05,0.0,0.001,-1,1,1,0,0,718737,718737,811,811,9064,9064,0,675,675,1434,1434,0,0.0,0.0,0.0,8249,8249,0,0.0,3171,3171,0,0,0,0,0,0.0,0,0,0,0,0.0,0,0,0,0,0.0,0,0,0,0,0,0,0,0,0,0.0,0.0,0.0,0.0,0.0,0.0,0.0,0.0,0.0,0.0,0.0,0.0,0.0,0.0,0.0,0.0,0.0,0.0,2.1244444444444444,2.1244444444444444,0.0,0.0,0.0,0.0,0.0,0.0,0,0,0,0.0,5,5,0,0,0,0,0,0,0.0
SPD,0,0,0,0.0,ok,,bcsstk18,factor-l,/home/scan_SpTRSV/data/factors/spcg/bcsstk18/spcg_spilu_l_bcsstk18_fill10_drop0.0001_sp0.mtx,11948,long-chain-aware-drop,0.05,0.0,0.01,1,1,1,0,0,718737,718737,811,811,9064,9064,0,675,675,1434,1434,0,0.0,0.0,0.0,8249,8249,0,0.0,3171,3171,0,0,0,0,0,0.0,0,0,0,0,0.0,0,0,0,0,0.0,0,0,0,0,0,0,0,0,0,0.0,0.0,0.0,0.0,0.0,0.0,0.0,0.0,0.0,0.0,0.0,0.0,0.0,0.0,0.0,0.0,0.0,0.0,2.1244444444444444,2.1244444444444444,0.0,0.0,0.0,0.0,0.0,0.0,0,0,0,0.0,5,5,0,0,0,0,0,0,0.0
SPD,0,0,0,0.0,ok,,bcsstk18,factor-l,/home/scan_SpTRSV/data/factors/spcg/bcsstk18/spcg_spilu_l_bcsstk18_fill10_drop0.0001_sp0.mtx,11948,long-chain-aware-drop,0.05,0.0,0.01,-1,1,1,0,0,718737,718737,811,811,9064,9064,0,675,675,1434,1434,0,0.0,0.0,0.0,8249,8249,0,0.0,3171,3171,0,0,0,0,0,0.0,0,0,0,0,0.0,0,0,0,0,0.0,0,0,0,0,0,0,0,0,0,0.0,0.0,0.0,0.0,0.0,0.0,0.0,0.0,0.0,0.0,0.0,0.0,0.0,0.0,0.0,0.0,0.0,0.0,2.1244444444444444,2.1244444444444444,0.0,0.0,0.0,0.0,0.0,0.0,0,0,0,0.0,5,5,0,0,0,0,0,0,0.0
SPD,0,0,0,0.0,ok,,bcsstk18,factor-l,/home/scan_SpTRSV/data/factors/spcg/bcsstk18/spcg_spilu_l_bcsstk18_fill10_drop0.0001_sp0.mtx,11948,long-chain-aware-drop,0.1,0.0,0.0001,1,1,1,0,0,718737,718737,811,811,9064,9064,0,675,675,1434,1434,0,0.0,0.0,0.0,8249,8249,0,0.0,3171,3171,0,0,0,0,0,0.0,0,0,0,0,0.0,0,0,0,0,0.0,0,0,0,0,0,0,0,0,0,0.0,0.0,0.0,0.0,0.0,0.0,0.0,0.0,0.0,0.0,0.0,0.0,0.0,0.0,0.0,0.0,0.0,0.0,2.1244444444444444,2.1244444444444444,0.0,0.0,0.0,0.0,0.0,0.0,0,0,0,0.0,5,5,0,0,0,0,0,0,0.0
SPD,0,0,0,0.0,ok,,bcsstk18,factor-l,/home/scan_SpTRSV/data/factors/spcg/bcsstk18/spcg_spilu_l_bcsstk18_fill10_drop0.0001_sp0.mtx,11948,long-chain-aware-drop,0.1,0.0,0.0001,-1,1,1,0,0,718737,718737,811,811,9064,9064,0,675,675,1434,1434,0,0.0,0.0,0.0,8249,8249,0,0.0,3171,3171,0,0,0,0,0,0.0,0,0,0,0,0.0,0,0,0,0,0.0,0,0,0,0,0,0,0,0,0,0.0,0.0,0.0,0.0,0.0,0.0,0.0,0.0,0.0,0.0,0.0,0.0,0.0,0.0,0.0,0.0,0.0,0.0,2.1244444444444444,2.1244444444444444,0.0,0.0,0.0,0.0,0.0,0.0,0,0,0,0.0,5,5,0,0,0,0,0,0,0.0
SPD,0,0,0,0.0,ok,,bcsstk18,factor-l,/home/scan_SpTRSV/data/factors/spcg/bcsstk18/spcg_spilu_l_bcsstk18_fill10_drop0.0001_sp0.mtx,11948,long-chain-aware-drop,0.1,0.0,0.001,1,1,1,0,0,718737,718737,811,811,9064,9064,0,675,675,1434,1434,0,0.0,0.0,0.0,8249,8249,0,0.0,3171,3171,0,0,0,0,0,0.0,0,0,0,0,0.0,0,0,0,0,0.0,0,0,0,0,0,0,0,0,0,0.0,0.0,0.0,0.0,0.0,0.0,0.0,0.0,0.0,0.0,0.0,0.0,0.0,0.0,0.0,0.0,0.0,0.0,2.1244444444444444,2.1244444444444444,0.0,0.0,0.0,0.0,0.0,0.0,0,0,0,0.0,5,5,0,0,0,0,0,0,0.0
SPD,0,0,0,0.0,ok,,bcsstk18,factor-l,/home/scan_SpTRSV/data/factors/spcg/bcsstk18/spcg_spilu_l_bcsstk18_fill10_drop0.0001_sp0.mtx,11948,long-chain-aware-drop,0.1,0.0,0.001,-1,1,1,0,0,718737,718737,811,811,9064,9064,0,675,675,1434,1434,0,0.0,0.0,0.0,8249,8249,0,0.0,3171,3171,0,0,0,0,0,0.0,0,0,0,0,0.0,0,0,0,0,0.0,0,0,0,0,0,0,0,0,0,0.0,0.0,0.0,0.0,0.0,0.0,0.0,0.0,0.0,0.0,0.0,0.0,0.0,0.0,0.0,0.0,0.0,0.0,2.1244444444444444,2.1244444444444444,0.0,0.0,0.0,0.0,0.0,0.0,0,0,0,0.0,5,5,0,0,0,0,0,0,0.0
SPD,0,0,0,0.0,ok,,bcsstk18,factor-l,/home/scan_SpTRSV/data/factors/spcg/bcsstk18/spcg_spilu_l_bcsstk18_fill10_drop0.0001_sp0.mtx,11948,long-chain-aware-drop,0.1,0.0,0.01,1,1,1,0,0,718737,718737,811,811,9064,9064,0,675,675,1434,1434,0,0.0,0.0,0.0,8249,8249,0,0.0,3171,3171,0,0,0,0,0,0.0,0,0,0,0,0.0,0,0,0,0,0.0,0,0,0,0,0,0,0,0,0,0.0,0.0,0.0,0.0,0.0,0.0,0.0,0.0,0.0,0.0,0.0,0.0,0.0,0.0,0.0,0.0,0.0,0.0,2.1244444444444444,2.1244444444444444,0.0,0.0,0.0,0.0,0.0,0.0,0,0,0,0.0,5,5,0,0,0,0,0,0,0.0
SPD,0,0,0,0.0,ok,,bcsstk18,factor-l,/home/scan_SpTRSV/data/factors/spcg/bcsstk18/spcg_spilu_l_bcsstk18_fill10_drop0.0001_sp0.mtx,11948,long-chain-aware-drop,0.1,0.0,0.01,-1,1,1,0,0,718737,718737,811,811,9064,9064,0,675,675,1434,1434,0,0.0,0.0,0.0,8249,8249,0,0.0,3171,3171,0,0,0,0,0,0.0,0,0,0,0,0.0,0,0,0,0,0.0,0,0,0,0,0,0,0,0,0,0.0,0.0,0.0,0.0,0.0,0.0,0.0,0.0,0.0,0.0,0.0,0.0,0.0,0.0,0.0,0.0,0.0,0.0,2.1244444444444444,2.1244444444444444,0.0,0.0,0.0,0.0,0.0,0.0,0,0,0,0.0,5,5,0,0,0,0,0,0,0.0
CFD,41,16,0,0.0,ok,,cfd1,factor-l,/home/scan_SpTRSV/data/factors/spcg/cfd1/spcg_spilu_l_cfd1_fill10_drop0.0001_permccolamd_sp0.mtx,70656,no-drop,0.0,0.0,,0,1,1,0,0,8840714,8840714,1056,1056,68977,68977,0,336,336,1367,1367,0,0.0,0.0,0.0,63082,63082,0,0.0,27499,27499,0,592,592,592,0,0.0,335,335,335,0,0.0,0,0,0,0,0.0,41,41,0,16,16,0,0,0,0,0.008378623188405798,0.008378623188405798,0.008378623188405798,0.0,0.0,0.0,0.004741281702898551,0.004741281702898551,0.004741281702898551,0.0,0.0,0.0,0.0,0.0,0.0,0.0,0.0,0.0,4.068452380952381,4.068452380952381,14.439024390243903,14.439024390243903,20.9375,20.9375,0.0,0.0,1262,1262,0,0.0,25,25,41,41,16,16,0,0,0.0
CFD,41,17,0,0.001012746777834149,ok,,cfd1,factor-l,/home/scan_SpTRSV/data/factors/spcg/cfd1/spcg_spilu_l_cfd1_fill10_drop0.0001_permccolamd_sp0.mtx,70656,magnitude-drop,0.01,0.004611731586385444,0.0001,1,1,1,40771,40771,8840714,8799943,1056,1058,68977,68975,2,336,337,1367,1370,3,4.245923913043478e-05,0.009206788889401353,9.206788889401354e-05,63082,62550,-532,-0.007529438405797101,27499,27182,317,592,593,593,1,2.4527237497240686e-05,335,351,351,16,0.00039243579995585097,0,0,0,0,0.0,41,41,0,16,17,1,0,0,0,0.008378623188405798,0.008392776268115942,0.008392776268115942,1.4153079710144123e-05,0.003068929629800277,3.0689296298002766e-05,0.004741281702898551,0.00496773097826087,0.00496773097826087,0.00022644927536231898,0.04910287407680725,0.0004910287407680725,0.0,0.0,0.0,0.0,0.0,0.0,4.068452380952381,4.0652818991097925,14.439024390243903,14.463414634146341,20.9375,20.647058823529413,0.0,0.0,1262,1295,33,0.001012746777834149,25,25,41,41,16,17,0,0,7.358171249172206e-05
CFD,41,16,0,0.0,ok,,cfd1,factor-l,/home/scan_SpTRSV/data/factors/spcg/cfd1/spcg_spilu_l_cfd1_fill10_drop0.0001_permccolamd_sp0.mtx,70656,magnitude-drop,0.01,0.009999984164174976,0.0001,-1,1,1,88407,19940,8840714,8752307,1056,1059,68977,68974,3,336,339,1367,1373,6,8.491847826086956e-05,0.008491861273649882,8.491861273649883e-05,63082,62660,-422,-0.005972599637681159,27499,27227,272,592,592,592,0,0.0,335,335,335,0,0.0,0,0,0,0,0.0,41,41,0,16,16,0,0,0,0,0.008378623188405798,0.008378623188405798,0.008378623188405798,0.0,0.0,0.0,0.004741281702898551,0.004741281702898551,0.004741281702898551,0.0,0.0,0.0,0.0,0.0,0.0,0.0,0.0,0.0,4.068452380952381,4.050147492625369,14.439024390243903,14.439024390243903,20.9375,20.9375,0.0,0.0,1262,1262,0,0.0,25,25,41,41,16,16,0,0,6.786792901014626e-05
CFD,41,17,0,0.00071027077992455,ok,,cfd1,factor-l,/home/scan_SpTRSV/data/factors/spcg/cfd1/spcg_spilu_l_cfd1_fill10_drop0.0001_permccolamd_sp0.mtx,70656,magnitude-drop,0.01,0.006974210454042513,0.001,1,1,1,61657,61657,8840714,8779057,1056,1076,68977,68957,20,336,343,1367,1388,21,0.0002972146739130435,0.042616246795472996,0.00042616246795473,63082,62203,-879,-0.012440557065217392,27499,26868,631,592,595,595,3,4.865627584864655e-05,335,351,351,16,0.0002595001378594482,0,0,0,0,0.0,41,41,0,16,17,1,0,0,0,0.008378623188405798,0.008421082427536232,0.008421082427536232,4.2459239130434104e-05,0.006088035256496044,6.088035256496045e-05,0.004741281702898551,0.00496773097826087,0.00496773097826087,0.00022644927536231898,0.03246952136797945,0.00032469521367979446,0.0,0.0,0.0,0.0,0.0,0.0,4.068452380952381,4.0466472303206995,14.439024390243903,14.512195121951219,20.9375,20.647058823529413,0.0,0.0,1262,1297,35,0.00071027077992455,25,25,41,41,16,17,0,0,0.0003405939309405258
CFD,41,16,0,0.0,ok,,cfd1,factor-l,/home/scan_SpTRSV/data/factors/spcg/cfd1/spcg_spilu_l_cfd1_fill10_drop0.0001_permccolamd_sp0.mtx,70656,magnitude-drop,0.01,0.009999984164174976,0.001,-1,1,1,88407,19940,8840714,8752307,1056,1059,68977,68974,3,336,339,1367,1373,6,8.491847826086956e-05,0.008491861273649882,8.491861273649883e-05,63082,62660,-422,-0.005972599637681159,27499,27227,272,592,592,592,0,0.0,335,335,335,0,0.0,0,0,0,0,0.0,41,41,0,16,16,0,0,0,0,0.008378623188405798,0.008378623188405798,0.008378623188405798,0.0,0.0,0.0,0.004741281702898551,0.004741281702898551,0.004741281702898551,0.0,0.0,0.0,0.0,0.0,0.0,0.0,0.0,0.0,4.068452380952381,4.050147492625369,14.439024390243903,14.439024390243903,20.9375,20.9375,0.0,0.0,1262,1262,0,0.0,25,25,41,41,16,16,0,0,6.786792901014626e-05
CFD,45,17,0,0.0013576381927204036,ok,,cfd1,factor-l,/home/scan_SpTRSV/data/factors/spcg/cfd1/spcg_spilu_l_cfd1_fill10_drop0.0001_permccolamd_sp0.mtx,70656,magnitude-drop,0.01,0.007505841722738684,0.01,1,1,1,66357,66357,8840714,8774357,1056,1135,68977,68898,79,336,356,1367,1444,77,0.0010897871376811595,0.14519186227704317,0.0014519186227704318,63082,61821,-1261,-0.017847033514492752,27499,26537,962,592,630,630,38,0.0005726600057266001,335,352,352,17,0.0002561900025619,0,0,0,0,0.0,41,45,4,16,17,1,0,0,0,0.008378623188405798,0.008916440217391304,0.008916440217391304,0.0005378170289855062,0.07165312683802116,0.0007165312683802116,0.004741281702898551,0.004981884057971014,0.004981884057971014,0.0002406023550724631,0.032055346217009444,0.0003205534621700944,0.0,0.0,0.0,0.0,0.0,0.0,4.068452380952381,4.056179775280899,14.439024390243903,14.0,20.9375,20.705882352941178,0.0,0.0,1262,1334,72,0.0013576381927204036,25,25,41,45,16,17,0,0,0.0011603900116039002
CFD,41,16,0,0.0,ok,,cfd1,factor-l,/home/scan_SpTRSV/data/factors/spcg/cfd1/spcg_spilu_l_cfd1_fill10_drop0.0001_permccolamd_sp0.mtx,70656,magnitude-drop,0.01,0.009999984164174976,0.01,-1,1,1,88407,19940,8840714,8752307,1056,1059,68977,68974,3,336,339,1367,1373,6,8.491847826086956e-05,0.008491861273649882,8.491861273649883e-05,63082,62660,-422,-0.005972599637681159,27499,27227,272,592,592,592,0,0.0,335,335,335,0,0.0,0,0,0,0,0.0,41,41,0,16,16,0,0,0,0,0.008378623188405798,0.008378623188405798,0.008378623188405798,0.0,0.0,0.0,0.004741281702898551,0.004741281702898551,0.004741281702898551,0.0,0.0,0.0,0.0,0.0,0.0,0.0,0.0,0.0,4.068452380952381,4.050147492625369,14.439024390243903,14.439024390243903,20.9375,20.9375,0.0,0.0,1262,1262,0,0.0,25,25,41,41,16,16,0,0,6.786792901014626e-05
CFD,41,17,0,0.001012746777834149,ok,,cfd1,factor-l,/home/scan_SpTRSV/data/factors/spcg/cfd1/spcg_spilu_l_cfd1_fill10_drop0.0001_permccolamd_sp0.mtx,70656,magnitude-drop,0.02,0.004611731586385444,0.0001,1,1,1,40771,40771,8840714,8799943,1056,1058,68977,68975,2,336,337,1367,1370,3,4.245923913043478e-05,0.009206788889401353,9.206788889401354e-05,63082,62550,-532,-0.007529438405797101,27499,27182,317,592,593,593,1,2.4527237497240686e-05,335,351,351,16,0.00039243579995585097,0,0,0,0,0.0,41,41,0,16,17,1,0,0,0,0.008378623188405798,0.008392776268115942,0.008392776268115942,1.4153079710144123e-05,0.003068929629800277,3.0689296298002766e-05,0.004741281702898551,0.00496773097826087,0.00496773097826087,0.00022644927536231898,0.04910287407680725,0.0004910287407680725,0.0,0.0,0.0,0.0,0.0,0.0,4.068452380952381,4.0652818991097925,14.439024390243903,14.463414634146341,20.9375,20.647058823529413,0.0,0.0,1262,1295,33,0.001012746777834149,25,25,41,41,16,17,0,0,7.358171249172206e-05
CFD,41,16,0,0.0,ok,,cfd1,factor-l,/home/scan_SpTRSV/data/factors/spcg/cfd1/spcg_spilu_l_cfd1_fill10_drop0.0001_permccolamd_sp0.mtx,70656,magnitude-drop,0.02,0.01999996832834995,0.0001,-1,1,1,176814,27401,8840714,8663900,1056,1059,68977,68974,3,336,339,1367,1373,6,8.491847826086956e-05,0.004245930636824941,4.2459306368249415e-05,63082,62411,-671,-0.009496716485507246,27499,27090,409,592,592,592,0,0.0,335,335,335,0,0.0,0,0,0,0,0.0,41,41,0,16,16,0,0,0,0,0.008378623188405798,0.008378623188405798,0.008378623188405798,0.0,0.0,0.0,0.004741281702898551,0.004741281702898551,0.004741281702898551,0.0,0.0,0.0,0.0,0.0,0.0,0.0,0.0,0.0,4.068452380952381,4.050147492625369,14.439024390243903,14.439024390243903,20.9375,20.9375,0.0,0.0,1262,1262,0,0.0,25,25,41,41,16,16,0,0,3.393396450507313e-05
CFD,41,17,0,0.00071027077992455,ok,,cfd1,factor-l,/home/scan_SpTRSV/data/factors/spcg/cfd1/spcg_spilu_l_cfd1_fill10_drop0.0001_permccolamd_sp0.mtx,70656,magnitude-drop,0.02,0.006974210454042513,0.001,1,1,1,61657,61657,8840714,8779057,1056,1076,68977,68957,20,336,343,1367,1388,21,0.0002972146739130435,0.042616246795472996,0.00042616246795473,63082,62203,-879,-0.012440557065217392,27499,26868,631,592,595,595,3,4.865627584864655e-05,335,351,351,16,0.0002595001378594482,0,0,0,0,0.0,41,41,0,16,17,1,0,0,0,0.008378623188405798,0.008421082427536232,0.008421082427536232,4.2459239130434104e-05,0.006088035256496044,6.088035256496045e-05,0.004741281702898551,0.00496773097826087,0.00496773097826087,0.00022644927536231898,0.03246952136797945,0.00032469521367979446,0.0,0.0,0.0,0.0,0.0,0.0,4.068452380952381,4.0466472303206995,14.439024390243903,14.512195121951219,20.9375,20.647058823529413,0.0,0.0,1262,1297,35,0.00071027077992455,25,25,41,41,16,17,0,0,0.0003405939309405258
CFD,41,16,0,0.0,ok,,cfd1,factor-l,/home/scan_SpTRSV/data/factors/spcg/cfd1/spcg_spilu_l_cfd1_fill10_drop0.0001_permccolamd_sp0.mtx,70656,magnitude-drop,0.02,0.01999996832834995,0.001,-1,1,1,176814,27401,8840714,8663900,1056,1059,68977,68974,3,336,339,1367,1373,6,8.491847826086956e-05,0.004245930636824941,4.2459306368249415e-05,63082,62411,-671,-0.009496716485507246,27499,27090,409,592,592,592,0,0.0,335,335,335,0,0.0,0,0,0,0,0.0,41,41,0,16,16,0,0,0,0,0.008378623188405798,0.008378623188405798,0.008378623188405798,0.0,0.0,0.0,0.004741281702898551,0.004741281702898551,0.004741281702898551,0.0,0.0,0.0,0.0,0.0,0.0,0.0,0.0,0.0,4.068452380952381,4.050147492625369,14.439024390243903,14.439024390243903,20.9375,20.9375,0.0,0.0,1262,1262,0,0.0,25,25,41,41,16,16,0,0,3.393396450507313e-05
CFD,45,17,0,0.0013576381927204036,ok,,cfd1,factor-l,/home/scan_SpTRSV/data/factors/spcg/cfd1/spcg_spilu_l_cfd1_fill10_drop0.0001_permccolamd_sp0.mtx,70656,magnitude-drop,0.02,0.007505841722738684,0.01,1,1,1,66357,66357,8840714,8774357,1056,1135,68977,68898,79,336,356,1367,1444,77,0.0010897871376811595,0.14519186227704317,0.0014519186227704318,63082,61821,-1261,-0.017847033514492752,27499,26537,962,592,630,630,38,0.0005726600057266001,335,352,352,17,0.0002561900025619,0,0,0,0,0.0,41,45,4,16,17,1,0,0,0,0.008378623188405798,0.008916440217391304,0.008916440217391304,0.0005378170289855062,0.07165312683802116,0.0007165312683802116,0.004741281702898551,0.004981884057971014,0.004981884057971014,0.0002406023550724631,0.032055346217009444,0.0003205534621700944,0.0,0.0,0.0,0.0,0.0,0.0,4.068452380952381,4.056179775280899,14.439024390243903,14.0,20.9375,20.705882352941178,0.0,0.0,1262,1334,72,0.0013576381927204036,25,25,41,45,16,17,0,0,0.0011603900116039002
CFD,41,16,0,0.0,ok,,cfd1,factor-l,/home/scan_SpTRSV/data/factors/spcg/cfd1/spcg_spilu_l_cfd1_fill10_drop0.0001_permccolamd_sp0.mtx,70656,magnitude-drop,0.02,0.01999996832834995,0.01,-1,1,1,176814,27401,8840714,8663900,1056,1059,68977,68974,3,336,339,1367,1373,6,8.491847826086956e-05,0.004245930636824941,4.2459306368249415e-05,63082,62411,-671,-0.009496716485507246,27499,27090,409,592,592,592,0,0.0,335,335,335,0,0.0,0,0,0,0,0.0,41,41,0,16,16,0,0,0,0,0.008378623188405798,0.008378623188405798,0.008378623188405798,0.0,0.0,0.0,0.004741281702898551,0.004741281702898551,0.004741281702898551,0.0,0.0,0.0,0.0,0.0,0.0,0.0,0.0,0.0,4.068452380952381,4.050147492625369,14.439024390243903,14.439024390243903,20.9375,20.9375,0.0,0.0,1262,1262,0,0.0,25,25,41,41,16,16,0,0,3.393396450507313e-05
CFD,41,17,0,0.001012746777834149,ok,,cfd1,factor-l,/home/scan_SpTRSV/data/factors/spcg/cfd1/spcg_spilu_l_cfd1_fill10_drop0.0001_permccolamd_sp0.mtx,70656,magnitude-drop,0.05,0.004611731586385444,0.0001,1,1,1,40771,40771,8840714,8799943,1056,1058,68977,68975,2,336,337,1367,1370,3,4.245923913043478e-05,0.009206788889401353,9.206788889401354e-05,63082,62550,-532,-0.007529438405797101,27499,27182,317,592,593,593,1,2.4527237497240686e-05,335,351,351,16,0.00039243579995585097,0,0,0,0,0.0,41,41,0,16,17,1,0,0,0,0.008378623188405798,0.008392776268115942,0.008392776268115942,1.4153079710144123e-05,0.003068929629800277,3.0689296298002766e-05,0.004741281702898551,0.00496773097826087,0.00496773097826087,0.00022644927536231898,0.04910287407680725,0.0004910287407680725,0.0,0.0,0.0,0.0,0.0,0.0,4.068452380952381,4.0652818991097925,14.439024390243903,14.463414634146341,20.9375,20.647058823529413,0.0,0.0,1262,1295,33,0.001012746777834149,25,25,41,41,16,17,0,0,7.358171249172206e-05
CFD,41,16,0,0.0,ok,,cfd1,factor-l,/home/scan_SpTRSV/data/factors/spcg/cfd1/spcg_spilu_l_cfd1_fill10_drop0.0001_permccolamd_sp0.mtx,70656,magnitude-drop,0.05,0.04999992082087488,0.0001,-1,1,1,442035,34580,8840714,8398679,1056,1060,68977,68973,4,336,340,1367,1375,8,0.00011322463768115942,0.002264496339639969,2.264496339639969e-05,63082,61984,-1098,-0.01554008152173913,27499,26782,717,592,592,592,0,0.0,335,335,335,0,0.0,0,0,0,0,0.0,41,41,0,16,16,0,0,0,0,0.008378623188405798,0.008378623188405798,0.008378623188405798,0.0,0.0,0.0,0.004741281702898551,0.004741281702898551,0.004741281702898551,0.0,0.0,0.0,0.0,0.0,0.0,0.0,0.0,0.0,4.068452380952381,4.044117647058823,14.439024390243903,14.439024390243903,20.9375,20.9375,0.0,0.0,1262,1262,0,0.0,25,25,41,41,16,16,0,0,1.8098114402705667e-05
CFD,41,17,0,0.00071027077992455,ok,,cfd1,factor-l,/home/scan_SpTRSV/data/factors/spcg/cfd1/spcg_spilu_l_cfd1_fill10_drop0.0001_permccolamd_sp0.mtx,70656,magnitude-drop,0.05,0.006974210454042513,0.001,1,1,1,61657,61657,8840714,8779057,1056,1076,68977,68957,20,336,343,1367,1388,21,0.0002972146739130435,0.042616246795472996,0.00042616246795473,63082,62203,-879,-0.012440557065217392,27499,26868,631,592,595,595,3,4.865627584864655e-05,335,351,351,16,0.0002595001378594482,0,0,0,0,0.0,41,41,0,16,17,1,0,0,0,0.008378623188405798,0.008421082427536232,0.008421082427536232,4.2459239130434104e-05,0.006088035256496044,6.088035256496045e-05,0.004741281702898551,0.00496773097826087,0.00496773097826087,0.00022644927536231898,0.03246952136797945,0.00032469521367979446,0.0,0.0,0.0,0.0,0.0,0.0,4.068452380952381,4.0466472303206995,14.439024390243903,14.512195121951219,20.9375,20.647058823529413,0.0,0.0,1262,1297,35,0.00071027077992455,25,25,41,41,16,17,0,0,0.0003405939309405258
CFD,41,16,0,0.0,ok,,cfd1,factor-l,/home/scan_SpTRSV/data/factors/spcg/cfd1/spcg_spilu_l_cfd1_fill10_drop0.0001_permccolamd_sp0.mtx,70656,magnitude-drop,0.05,0.04999992082087488,0.001,-1,1,1,442035,34580,8840714,8398679,1056,1060,68977,68973,4,336,340,1367,1375,8,0.00011322463768115942,0.002264496339639969,2.264496339639969e-05,63082,61984,-1098,-0.01554008152173913,27499,26782,717,592,592,592,0,0.0,335,335,335,0,0.0,0,0,0,0,0.0,41,41,0,16,16,0,0,0,0,0.008378623188405798,0.008378623188405798,0.008378623188405798,0.0,0.0,0.0,0.004741281702898551,0.004741281702898551,0.004741281702898551,0.0,0.0,0.0,0.0,0.0,0.0,0.0,0.0,0.0,4.068452380952381,4.044117647058823,14.439024390243903,14.439024390243903,20.9375,20.9375,0.0,0.0,1262,1262,0,0.0,25,25,41,41,16,16,0,0,1.8098114402705667e-05
CFD,45,17,0,0.0013576381927204036,ok,,cfd1,factor-l,/home/scan_SpTRSV/data/factors/spcg/cfd1/spcg_spilu_l_cfd1_fill10_drop0.0001_permccolamd_sp0.mtx,70656,magnitude-drop,0.05,0.007505841722738684,0.01,1,1,1,66357,66357,8840714,8774357,1056,1135,68977,68898,79,336,356,1367,1444,77,0.0010897871376811595,0.14519186227704317,0.0014519186227704318,63082,61821,-1261,-0.017847033514492752,27499,26537,962,592,630,630,38,0.0005726600057266001,335,352,352,17,0.0002561900025619,0,0,0,0,0.0,41,45,4,16,17,1,0,0,0,0.008378623188405798,0.008916440217391304,0.008916440217391304,0.0005378170289855062,0.07165312683802116,0.0007165312683802116,0.004741281702898551,0.004981884057971014,0.004981884057971014,0.0002406023550724631,0.032055346217009444,0.0003205534621700944,0.0,0.0,0.0,0.0,0.0,0.0,4.068452380952381,4.056179775280899,14.439024390243903,14.0,20.9375,20.705882352941178,0.0,0.0,1262,1334,72,0.0013576381927204036,25,25,41,45,16,17,0,0,0.0011603900116039002
CFD,41,16,0,0.0,ok,,cfd1,factor-l,/home/scan_SpTRSV/data/factors/spcg/cfd1/spcg_spilu_l_cfd1_fill10_drop0.0001_permccolamd_sp0.mtx,70656,magnitude-drop,0.05,0.04999992082087488,0.01,-1,1,1,442035,34580,8840714,8398679,1056,1060,68977,68973,4,336,340,1367,1375,8,0.00011322463768115942,0.002264496339639969,2.264496339639969e-05,63082,61984,-1098,-0.01554008152173913,27499,26782,717,592,592,592,0,0.0,335,335,335,0,0.0,0,0,0,0,0.0,41,41,0,16,16,0,0,0,0,0.008378623188405798,0.008378623188405798,0.008378623188405798,0.0,0.0,0.0,0.004741281702898551,0.004741281702898551,0.004741281702898551,0.0,0.0,0.0,0.0,0.0,0.0,0.0,0.0,0.0,4.068452380952381,4.044117647058823,14.439024390243903,14.439024390243903,20.9375,20.9375,0.0,0.0,1262,1262,0,0.0,25,25,41,41,16,16,0,0,1.8098114402705667e-05
CFD,41,17,0,0.001012746777834149,ok,,cfd1,factor-l,/home/scan_SpTRSV/data/factors/spcg/cfd1/spcg_spilu_l_cfd1_fill10_drop0.0001_permccolamd_sp0.mtx,70656,magnitude-drop,0.1,0.004611731586385444,0.0001,1,1,1,40771,40771,8840714,8799943,1056,1058,68977,68975,2,336,337,1367,1370,3,4.245923913043478e-05,0.009206788889401353,9.206788889401354e-05,63082,62550,-532,-0.007529438405797101,27499,27182,317,592,593,593,1,2.4527237497240686e-05,335,351,351,16,0.00039243579995585097,0,0,0,0,0.0,41,41,0,16,17,1,0,0,0,0.008378623188405798,0.008392776268115942,0.008392776268115942,1.4153079710144123e-05,0.003068929629800277,3.0689296298002766e-05,0.004741281702898551,0.00496773097826087,0.00496773097826087,0.00022644927536231898,0.04910287407680725,0.0004910287407680725,0.0,0.0,0.0,0.0,0.0,0.0,4.068452380952381,4.0652818991097925,14.439024390243903,14.463414634146341,20.9375,20.647058823529413,0.0,0.0,1262,1295,33,0.001012746777834149,25,25,41,41,16,17,0,0,7.358171249172206e-05
CFD,41,16,0,0.0,ok,,cfd1,factor-l,/home/scan_SpTRSV/data/factors/spcg/cfd1/spcg_spilu_l_cfd1_fill10_drop0.0001_permccolamd_sp0.mtx,70656,magnitude-drop,0.1,0.09999995475478564,0.0001,-1,1,1,884071,38237,8840714,7956643,1056,1060,68977,68973,4,336,340,1367,1375,8,0.00011322463768115942,0.0011322468890991263,1.1322468890991263e-05,63082,61446,-1636,-0.0231544384057971,27499,26365,1134,592,592,592,0,0.0,335,335,335,0,0.0,0,0,0,0,0.0,41,41,0,16,16,0,0,0,0,0.008378623188405798,0.008378623188405798,0.008378623188405798,0.0,0.0,0.0,0.004741281702898551,0.004741281702898551,0.004741281702898551,0.0,0.0,0.0,0.0,0.0,0.0,0.0,0.0,0.0,4.068452380952381,4.044117647058823,14.439024390243903,14.439024390243903,20.9375,20.9375,0.0,0.0,1262,1262,0,0.0,25,25,41,41,16,16,0,0,9.049046965684882e-06
CFD,41,17,0,0.00071027077992455,ok,,cfd1,factor-l,/home/scan_SpTRSV/data/factors/spcg/cfd1/spcg_spilu_l_cfd1_fill10_drop0.0001_permccolamd_sp0.mtx,70656,magnitude-drop,0.1,0.006974210454042513,0.001,1,1,1,61657,61657,8840714,8779057,1056,1076,68977,68957,20,336,343,1367,1388,21,0.0002972146739130435,0.042616246795472996,0.00042616246795473,63082,62203,-879,-0.012440557065217392,27499,26868,631,592,595,595,3,4.865627584864655e-05,335,351,351,16,0.0002595001378594482,0,0,0,0,0.0,41,41,0,16,17,1,0,0,0,0.008378623188405798,0.008421082427536232,0.008421082427536232,4.2459239130434104e-05,0.006088035256496044,6.088035256496045e-05,0.004741281702898551,0.00496773097826087,0.00496773097826087,0.00022644927536231898,0.03246952136797945,0.00032469521367979446,0.0,0.0,0.0,0.0,0.0,0.0,4.068452380952381,4.0466472303206995,14.439024390243903,14.512195121951219,20.9375,20.647058823529413,0.0,0.0,1262,1297,35,0.00071027077992455,25,25,41,41,16,17,0,0,0.0003405939309405258
CFD,41,16,0,0.0,ok,,cfd1,factor-l,/home/scan_SpTRSV/data/factors/spcg/cfd1/spcg_spilu_l_cfd1_fill10_drop0.0001_permccolamd_sp0.mtx,70656,magnitude-drop,0.1,0.09999995475478564,0.001,-1,1,1,884071,38237,8840714,7956643,1056,1060,68977,68973,4,336,340,1367,1375,8,0.00011322463768115942,0.0011322468890991263,1.1322468890991263e-05,63082,61446,-1636,-0.0231544384057971,27499,26365,1134,592,592,592,0,0.0,335,335,335,0,0.0,0,0,0,0,0.0,41,41,0,16,16,0,0,0,0,0.008378623188405798,0.008378623188405798,0.008378623188405798,0.0,0.0,0.0,0.004741281702898551,0.004741281702898551,0.004741281702898551,0.0,0.0,0.0,0.0,0.0,0.0,0.0,0.0,0.0,4.068452380952381,4.044117647058823,14.439024390243903,14.439024390243903,20.9375,20.9375,0.0,0.0,1262,1262,0,0.0,25,25,41,41,16,16,0,0,9.049046965684882e-06
CFD,45,17,0,0.0013576381927204036,ok,,cfd1,factor-l,/home/scan_SpTRSV/data/factors/spcg/cfd1/spcg_spilu_l_cfd1_fill10_drop0.0001_permccolamd_sp0.mtx,70656,magnitude-drop,0.1,0.007505841722738684,0.01,1,1,1,66357,66357,8840714,8774357,1056,1135,68977,68898,79,336,356,1367,1444,77,0.0010897871376811595,0.14519186227704317,0.0014519186227704318,63082,61821,-1261,-0.017847033514492752,27499,26537,962,592,630,630,38,0.0005726600057266001,335,352,352,17,0.0002561900025619,0,0,0,0,0.0,41,45,4,16,17,1,0,0,0,0.008378623188405798,0.008916440217391304,0.008916440217391304,0.0005378170289855062,0.07165312683802116,0.0007165312683802116,0.004741281702898551,0.004981884057971014,0.004981884057971014,0.0002406023550724631,0.032055346217009444,0.0003205534621700944,0.0,0.0,0.0,0.0,0.0,0.0,4.068452380952381,4.056179775280899,14.439024390243903,14.0,20.9375,20.705882352941178,0.0,0.0,1262,1334,72,0.0013576381927204036,25,25,41,45,16,17,0,0,0.0011603900116039002
CFD,41,16,0,0.0,ok,,cfd1,factor-l,/home/scan_SpTRSV/data/factors/spcg/cfd1/spcg_spilu_l_cfd1_fill10_drop0.0001_permccolamd_sp0.mtx,70656,magnitude-drop,0.1,0.09999995475478564,0.01,-1,1,1,884071,38237,8840714,7956643,1056,1060,68977,68973,4,336,340,1367,1375,8,0.00011322463768115942,0.0011322468890991263,1.1322468890991263e-05,63082,61446,-1636,-0.0231544384057971,27499,26365,1134,592,592,592,0,0.0,335,335,335,0,0.0,0,0,0,0,0.0,41,41,0,16,16,0,0,0,0,0.008378623188405798,0.008378623188405798,0.008378623188405798,0.0,0.0,0.0,0.004741281702898551,0.004741281702898551,0.004741281702898551,0.0,0.0,0.0,0.0,0.0,0.0,0.0,0.0,0.0,4.068452380952381,4.044117647058823,14.439024390243903,14.439024390243903,20.9375,20.9375,0.0,0.0,1262,1262,0,0.0,25,25,41,41,16,16,0,0,9.049046965684882e-06
CFD,41,17,0,0.001012746777834149,ok,,cfd1,factor-l,/home/scan_SpTRSV/data/factors/spcg/cfd1/spcg_spilu_l_cfd1_fill10_drop0.0001_permccolamd_sp0.mtx,70656,wavefront-oriented,0.01,0.004611731586385444,0.0001,1,1,1,40771,40771,8840714,8799943,1056,1058,68977,68975,2,336,337,1367,1370,3,4.245923913043478e-05,0.009206788889401353,9.206788889401354e-05,63082,59940,-3142,-0.04446897644927536,27499,25584,1915,592,593,593,1,2.4527237497240686e-05,335,351,351,16,0.00039243579995585097,0,0,0,0,0.0,41,41,0,16,17,1,0,0,0,0.008378623188405798,0.008392776268115942,0.008392776268115942,1.4153079710144123e-05,0.003068929629800277,3.0689296298002766e-05,0.004741281702898551,0.00496773097826087,0.00496773097826087,0.00022644927536231898,0.04910287407680725,0.0004910287407680725,0.0,0.0,0.0,0.0,0.0,0.0,4.068452380952381,4.0652818991097925,14.439024390243903,14.463414634146341,20.9375,20.647058823529413,0.0,0.0,1262,1295,33,0.001012746777834149,25,25,41,41,16,17,0,0,7.358171249172206e-05
CFD,41,16,0,0.0,ok,,cfd1,factor-l,/home/scan_SpTRSV/data/factors/spcg/cfd1/spcg_spilu_l_cfd1_fill10_drop0.0001_permccolamd_sp0.mtx,70656,wavefront-oriented,0.01,0.009999984164174976,0.0001,-1,1,1,88407,5120,8840714,8752307,1056,1056,68977,68977,0,336,336,1367,1367,0,0.0,0.0,0.0,63082,61667,-1415,-0.020026607789855072,27499,26729,770,592,592,592,0,0.0,335,335,335,0,0.0,0,0,0,0,0.0,41,41,0,16,16,0,0,0,0,0.008378623188405798,0.008378623188405798,0.008378623188405798,0.0,0.0,0.0,0.004741281702898551,0.004741281702898551,0.004741281702898551,0.0,0.0,0.0,0.0,0.0,0.0,0.0,0.0,0.0,4.068452380952381,4.068452380952381,14.439024390243903,14.439024390243903,20.9375,20.9375,0.0,0.0,1262,1262,0,0.0,25,25,41,41,16,16,0,0,0.0
CFD,41,17,0,0.00071027077992455,ok,,cfd1,factor-l,/home/scan_SpTRSV/data/factors/spcg/cfd1/spcg_spilu_l_cfd1_fill10_drop0.0001_permccolamd_sp0.mtx,70656,wavefront-oriented,0.01,0.006974210454042513,0.001,1,1,1,61657,61657,8840714,8779057,1056,1076,68977,68957,20,336,343,1367,1388,21,0.0002972146739130435,0.042616246795472996,0.00042616246795473,63082,56398,-6684,-0.09459918478260869,27499,23048,4451,592,595,595,3,4.865627584864655e-05,335,351,351,16,0.0002595001378594482,0,0,0,0,0.0,41,41,0,16,17,1,0,0,0,0.008378623188405798,0.008421082427536232,0.008421082427536232,4.2459239130434104e-05,0.006088035256496044,6.088035256496045e-05,0.004741281702898551,0.00496773097826087,0.00496773097826087,0.00022644927536231898,0.03246952136797945,0.00032469521367979446,0.0,0.0,0.0,0.0,0.0,0.0,4.068452380952381,4.0466472303206995,14.439024390243903,14.512195121951219,20.9375,20.647058823529413,0.0,0.0,1262,1297,35,0.00071027077992455,25,25,41,41,16,17,0,0,0.0003405939309405258
CFD,41,16,0,0.0,ok,,cfd1,factor-l,/home/scan_SpTRSV/data/factors/spcg/cfd1/spcg_spilu_l_cfd1_fill10_drop0.0001_permccolamd_sp0.mtx,70656,wavefront-oriented,0.01,0.009999984164174976,0.001,-1,1,1,88407,5039,8840714,8752307,1056,1056,68977,68977,0,336,336,1367,1367,0,0.0,0.0,0.0,63082,61062,-2020,-0.028589221014492752,27499,26305,1194,592,592,592,0,0.0,335,335,335,0,0.0,0,0,0,0,0.0,41,41,0,16,16,0,0,0,0,0.008378623188405798,0.008378623188405798,0.008378623188405798,0.0,0.0,0.0,0.004741281702898551,0.004741281702898551,0.004741281702898551,0.0,0.0,0.0,0.0,0.0,0.0,0.0,0.0,0.0,4.068452380952381,4.068452380952381,14.439024390243903,14.439024390243903,20.9375,20.9375,0.0,0.0,1262,1262,0,0.0,25,25,41,41,16,16,0,0,0.0
CFD,45,17,0,0.0013576381927204036,ok,,cfd1,factor-l,/home/scan_SpTRSV/data/factors/spcg/cfd1/spcg_spilu_l_cfd1_fill10_drop0.0001_permccolamd_sp0.mtx,70656,wavefront-oriented,0.01,0.007505841722738684,0.01,1,1,1,66357,66357,8840714,8774357,1056,1135,68977,68898,79,336,356,1367,1444,77,0.0010897871376811595,0.14519186227704317,0.0014519186227704318,63082,48197,-14885,-0.21066859148550723,27499,17695,9804,592,630,630,38,0.0005726600057266001,335,352,352,17,0.0002561900025619,0,0,0,0,0.0,41,45,4,16,17,1,0,0,0,0.008378623188405798,0.008916440217391304,0.008916440217391304,0.0005378170289855062,0.07165312683802116,0.0007165312683802116,0.004741281702898551,0.004981884057971014,0.004981884057971014,0.0002406023550724631,0.032055346217009444,0.0003205534621700944,0.0,0.0,0.0,0.0,0.0,0.0,4.068452380952381,4.056179775280899,14.439024390243903,14.0,20.9375,20.705882352941178,0.0,0.0,1262,1334,72,0.0013576381927204036,25,25,41,45,16,17,0,0,0.0011603900116039002
CFD,41,16,0,0.0,ok,,cfd1,factor-l,/home/scan_SpTRSV/data/factors/spcg/cfd1/spcg_spilu_l_cfd1_fill10_drop0.0001_permccolamd_sp0.mtx,70656,wavefront-oriented,0.01,0.009999984164174976,0.01,-1,1,1,88407,5718,8840714,8752307,1056,1056,68977,68977,0,336,336,1367,1367,0,0.0,0.0,0.0,63082,60029,-3053,-0.043209352355072464,27499,25780,1719,592,592,592,0,0.0,335,335,335,0,0.0,0,0,0,0,0.0,41,41,0,16,16,0,0,0,0,0.008378623188405798,0.008378623188405798,0.008378623188405798,0.0,0.0,0.0,0.004741281702898551,0.004741281702898551,0.004741281702898551,0.0,0.0,0.0,0.0,0.0,0.0,0.0,0.0,0.0,4.068452380952381,4.068452380952381,14.439024390243903,14.439024390243903,20.9375,20.9375,0.0,0.0,1262,1262,0,0.0,25,25,41,41,16,16,0,0,0.0
CFD,41,17,0,0.001012746777834149,ok,,cfd1,factor-l,/home/scan_SpTRSV/data/factors/spcg/cfd1/spcg_spilu_l_cfd1_fill10_drop0.0001_permccolamd_sp0.mtx,70656,wavefront-oriented,0.02,0.004611731586385444,0.0001,1,1,1,40771,40771,8840714,8799943,1056,1058,68977,68975,2,336,337,1367,1370,3,4.245923913043478e-05,0.009206788889401353,9.206788889401354e-05,63082,59940,-3142,-0.04446897644927536,27499,25584,1915,592,593,593,1,2.4527237497240686e-05,335,351,351,16,0.00039243579995585097,0,0,0,0,0.0,41,41,0,16,17,1,0,0,0,0.008378623188405798,0.008392776268115942,0.008392776268115942,1.4153079710144123e-05,0.003068929629800277,3.0689296298002766e-05,0.004741281702898551,0.00496773097826087,0.00496773097826087,0.00022644927536231898,0.04910287407680725,0.0004910287407680725,0.0,0.0,0.0,0.0,0.0,0.0,4.068452380952381,4.0652818991097925,14.439024390243903,14.463414634146341,20.9375,20.647058823529413,0.0,0.0,1262,1295,33,0.001012746777834149,25,25,41,41,16,17,0,0,7.358171249172206e-05
CFD,41,16,0,0.0,ok,,cfd1,factor-l,/home/scan_SpTRSV/data/factors/spcg/cfd1/spcg_spilu_l_cfd1_fill10_drop0.0001_permccolamd_sp0.mtx,70656,wavefront-oriented,0.02,0.01999996832834995,0.0001,-1,1,1,176814,9506,8840714,8663900,1056,1056,68977,68977,0,336,336,1367,1367,0,0.0,0.0,0.0,63082,61197,-1885,-0.026678555253623188,27499,26397,1102,592,592,592,0,0.0,335,335,335,0,0.0,0,0,0,0,0.0,41,41,0,16,16,0,0,0,0,0.008378623188405798,0.008378623188405798,0.008378623188405798,0.0,0.0,0.0,0.004741281702898551,0.004741281702898551,0.004741281702898551,0.0,0.0,0.0,0.0,0.0,0.0,0.0,0.0,0.0,4.068452380952381,4.068452380952381,14.439024390243903,14.439024390243903,20.9375,20.9375,0.0,0.0,1262,1262,0,0.0,25,25,41,41,16,16,0,0,0.0
CFD,41,17,0,0.00071027077992455,ok,,cfd1,factor-l,/home/scan_SpTRSV/data/factors/spcg/cfd1/spcg_spilu_l_cfd1_fill10_drop0.0001_permccolamd_sp0.mtx,70656,wavefront-oriented,0.02,0.006974210454042513,0.001,1,1,1,61657,61657,8840714,8779057,1056,1076,68977,68957,20,336,343,1367,1388,21,0.0002972146739130435,0.042616246795472996,0.00042616246795473,63082,56398,-6684,-0.09459918478260869,27499,23048,4451,592,595,595,3,4.865627584864655e-05,335,351,351,16,0.0002595001378594482,0,0,0,0,0.0,41,41,0,16,17,1,0,0,0,0.008378623188405798,0.008421082427536232,0.008421082427536232,4.2459239130434104e-05,0.006088035256496044,6.088035256496045e-05,0.004741281702898551,0.00496773097826087,0.00496773097826087,0.00022644927536231898,0.03246952136797945,0.00032469521367979446,0.0,0.0,0.0,0.0,0.0,0.0,4.068452380952381,4.0466472303206995,14.439024390243903,14.512195121951219,20.9375,20.647058823529413,0.0,0.0,1262,1297,35,0.00071027077992455,25,25,41,41,16,17,0,0,0.0003405939309405258
CFD,41,16,0,0.0,ok,,cfd1,factor-l,/home/scan_SpTRSV/data/factors/spcg/cfd1/spcg_spilu_l_cfd1_fill10_drop0.0001_permccolamd_sp0.mtx,70656,wavefront-oriented,0.02,0.01999996832834995,0.001,-1,1,1,176814,6480,8840714,8663900,1056,1056,68977,68977,0,336,336,1367,1367,0,0.0,0.0,0.0,63082,60695,-2387,-0.033783401268115944,27499,26070,1429,592,592,592,0,0.0,335,335,335,0,0.0,0,0,0,0,0.0,41,41,0,16,16,0,0,0,0,0.008378623188405798,0.008378623188405798,0.008378623188405798,0.0,0.0,0.0,0.004741281702898551,0.004741281702898551,0.004741281702898551,0.0,0.0,0.0,0.0,0.0,0.0,0.0,0.0,0.0,4.068452380952381,4.068452380952381,14.439024390243903,14.439024390243903,20.9375,20.9375,0.0,0.0,1262,1262,0,0.0,25,25,41,41,16,16,0,0,0.0
CFD,45,17,0,0.0013576381927204036,ok,,cfd1,factor-l,/home/scan_SpTRSV/data/factors/spcg/cfd1/spcg_spilu_l_cfd1_fill10_drop0.0001_permccolamd_sp0.mtx,70656,wavefront-oriented,0.02,0.007505841722738684,0.01,1,1,1,66357,66357,8840714,8774357,1056,1135,68977,68898,79,336,356,1367,1444,77,0.0010897871376811595,0.14519186227704317,0.0014519186227704318,63082,48197,-14885,-0.21066859148550723,27499,17695,9804,592,630,630,38,0.0005726600057266001,335,352,352,17,0.0002561900025619,0,0,0,0,0.0,41,45,4,16,17,1,0,0,0,0.008378623188405798,0.008916440217391304,0.008916440217391304,0.0005378170289855062,0.07165312683802116,0.0007165312683802116,0.004741281702898551,0.004981884057971014,0.004981884057971014,0.0002406023550724631,0.032055346217009444,0.0003205534621700944,0.0,0.0,0.0,0.0,0.0,0.0,4.068452380952381,4.056179775280899,14.439024390243903,14.0,20.9375,20.705882352941178,0.0,0.0,1262,1334,72,0.0013576381927204036,25,25,41,45,16,17,0,0,0.0011603900116039002
CFD,41,16,0,0.0,ok,,cfd1,factor-l,/home/scan_SpTRSV/data/factors/spcg/cfd1/spcg_spilu_l_cfd1_fill10_drop0.0001_permccolamd_sp0.mtx,70656,wavefront-oriented,0.02,0.01999996832834995,0.01,-1,1,1,176814,6894,8840714,8663900,1056,1056,68977,68977,0,336,336,1367,1367,0,0.0,0.0,0.0,63082,59290,-3792,-0.05366847826086957,27499,25338,2161,592,592,592,0,0.0,335,335,335,0,0.0,0,0,0,0,0.0,41,41,0,16,16,0,0,0,0,0.008378623188405798,0.008378623188405798,0.008378623188405798,0.0,0.0,0.0,0.004741281702898551,0.004741281702898551,0.004741281702898551,0.0,0.0,0.0,0.0,0.0,0.0,0.0,0.0,0.0,4.068452380952381,4.068452380952381,14.439024390243903,14.439024390243903,20.9375,20.9375,0.0,0.0,1262,1262,0,0.0,25,25,41,41,16,16,0,0,0.0
CFD,41,17,0,0.001012746777834149,ok,,cfd1,factor-l,/home/scan_SpTRSV/data/factors/spcg/cfd1/spcg_spilu_l_cfd1_fill10_drop0.0001_permccolamd_sp0.mtx,70656,wavefront-oriented,0.05,0.004611731586385444,0.0001,1,1,1,40771,40771,8840714,8799943,1056,1058,68977,68975,2,336,337,1367,1370,3,4.245923913043478e-05,0.009206788889401353,9.206788889401354e-05,63082,59940,-3142,-0.04446897644927536,27499,25584,1915,592,593,593,1,2.4527237497240686e-05,335,351,351,16,0.00039243579995585097,0,0,0,0,0.0,41,41,0,16,17,1,0,0,0,0.008378623188405798,0.008392776268115942,0.008392776268115942,1.4153079710144123e-05,0.003068929629800277,3.0689296298002766e-05,0.004741281702898551,0.00496773097826087,0.00496773097826087,0.00022644927536231898,0.04910287407680725,0.0004910287407680725,0.0,0.0,0.0,0.0,0.0,0.0,4.068452380952381,4.0652818991097925,14.439024390243903,14.463414634146341,20.9375,20.647058823529413,0.0,0.0,1262,1295,33,0.001012746777834149,25,25,41,41,16,17,0,0,7.358171249172206e-05
CFD,41,17,0,9.341047401014872e-05,ok,,cfd1,factor-l,/home/scan_SpTRSV/data/factors/spcg/cfd1/spcg_spilu_l_cfd1_fill10_drop0.0001_permccolamd_sp0.mtx,70656,wavefront-oriented,0.05,0.04999992082087488,0.0001,-1,1,1,442035,17270,8840714,8398679,1056,1058,68977,68975,2,336,337,1367,1370,3,4.245923913043478e-05,0.0008491861273649883,8.491861273649883e-06,63082,59796,-3286,-0.04650701992753623,27499,25607,1892,592,593,593,1,2.2622643003382084e-06,335,351,351,16,3.6196228805411335e-05,0,0,0,0,0.0,41,41,0,16,17,1,0,0,0,0.008378623188405798,0.008392776268115942,0.008392776268115942,1.4153079710144123e-05,0.00028306204245498,2.8306204245498002e-06,0.004741281702898551,0.00496773097826087,0.00496773097826087,0.00022644927536231898,0.00452899267927994,4.5289926792799406e-05,0.0,0.0,0.0,0.0,0.0,0.0,4.068452380952381,4.0652818991097925,14.439024390243903,14.463414634146341,20.9375,20.647058823529413,0.0,0.0,1262,1295,33,9.341047401014872e-05,25,25,41,41,16,17,0,0,6.786792901014625e-06
CFD,41,17,0,0.00071027077992455,ok,,cfd1,factor-l,/home/scan_SpTRSV/data/factors/spcg/cfd1/spcg_spilu_l_cfd1_fill10_drop0.0001_permccolamd_sp0.mtx,70656,wavefront-oriented,0.05,0.006974210454042513,0.001,1,1,1,61657,61657,8840714,8779057,1056,1076,68977,68957,20,336,343,1367,1388,21,0.0002972146739130435,0.042616246795472996,0.00042616246795473,63082,56398,-6684,-0.09459918478260869,27499,23048,4451,592,595,595,3,4.865627584864655e-05,335,351,351,16,0.0002595001378594482,0,0,0,0,0.0,41,41,0,16,17,1,0,0,0,0.008378623188405798,0.008421082427536232,0.008421082427536232,4.2459239130434104e-05,0.006088035256496044,6.088035256496045e-05,0.004741281702898551,0.00496773097826087,0.00496773097826087,0.00022644927536231898,0.03246952136797945,0.00032469521367979446,0.0,0.0,0.0,0.0,0.0,0.0,4.068452380952381,4.0466472303206995,14.439024390243903,14.512195121951219,20.9375,20.647058823529413,0.0,0.0,1262,1297,35,0.00071027077992455,25,25,41,41,16,17,0,0,0.0003405939309405258
CFD,41,16,0,0.0,ok,,cfd1,factor-l,/home/scan_SpTRSV/data/factors/spcg/cfd1/spcg_spilu_l_cfd1_fill10_drop0.0001_permccolamd_sp0.mtx,70656,wavefront-oriented,0.05,0.04999992082087488,0.001,-1,1,1,442035,12822,8840714,8398679,1056,1056,68977,68977,0,336,336,1367,1367,0,0.0,0.0,0.0,63082,59038,-4044,-0.05723505434782609,27499,24976,2523,592,592,592,0,0.0,335,335,335,0,0.0,0,0,0,0,0.0,41,41,0,16,16,0,0,0,0,0.008378623188405798,0.008378623188405798,0.008378623188405798,0.0,0.0,0.0,0.004741281702898551,0.004741281702898551,0.004741281702898551,0.0,0.0,0.0,0.0,0.0,0.0,0.0,0.0,0.0,4.068452380952381,4.068452380952381,14.439024390243903,14.439024390243903,20.9375,20.9375,0.0,0.0,1262,1262,0,0.0,25,25,41,41,16,16,0,0,0.0
CFD,45,17,0,0.0013576381927204036,ok,,cfd1,factor-l,/home/scan_SpTRSV/data/factors/spcg/cfd1/spcg_spilu_l_cfd1_fill10_drop0.0001_permccolamd_sp0.mtx,70656,wavefront-oriented,0.05,0.007505841722738684,0.01,1,1,1,66357,66357,8840714,8774357,1056,1135,68977,68898,79,336,356,1367,1444,77,0.0010897871376811595,0.14519186227704317,0.0014519186227704318,63082,48197,-14885,-0.21066859148550723,27499,17695,9804,592,630,630,38,0.0005726600057266001,335,352,352,17,0.0002561900025619,0,0,0,0,0.0,41,45,4,16,17,1,0,0,0,0.008378623188405798,0.008916440217391304,0.008916440217391304,0.0005378170289855062,0.07165312683802116,0.0007165312683802116,0.004741281702898551,0.004981884057971014,0.004981884057971014,0.0002406023550724631,0.032055346217009444,0.0003205534621700944,0.0,0.0,0.0,0.0,0.0,0.0,4.068452380952381,4.056179775280899,14.439024390243903,14.0,20.9375,20.705882352941178,0.0,0.0,1262,1334,72,0.0013576381927204036,25,25,41,45,16,17,0,0,0.0011603900116039002
CFD,41,16,0,0.0,ok,,cfd1,factor-l,/home/scan_SpTRSV/data/factors/spcg/cfd1/spcg_spilu_l_cfd1_fill10_drop0.0001_permccolamd_sp0.mtx,70656,wavefront-oriented,0.05,0.04999992082087488,0.01,-1,1,1,442035,12137,8840714,8398679,1056,1057,68977,68976,1,336,337,1367,1369,2,2.8306159420289855e-05,0.0005661240849099922,5.661240849099922e-06,63082,57129,-5953,-0.08425328351449275,27499,23800,3699,592,592,592,0,0.0,335,335,335,0,0.0,0,0,0,0,0.0,41,41,0,16,16,0,0,0,0,0.008378623188405798,0.008378623188405798,0.008378623188405798,0.0,0.0,0.0,0.004741281702898551,0.004741281702898551,0.004741281702898551,0.0,0.0,0.0,0.0,0.0,0.0,0.0,0.0,0.0,4.068452380952381,4.062314540059347,14.439024390243903,14.439024390243903,20.9375,20.9375,0.0,0.0,1262,1262,0,0.0,25,25,41,41,16,16,0,0,4.524528600676417e-06
CFD,41,17,0,0.001012746777834149,ok,,cfd1,factor-l,/home/scan_SpTRSV/data/factors/spcg/cfd1/spcg_spilu_l_cfd1_fill10_drop0.0001_permccolamd_sp0.mtx,70656,wavefront-oriented,0.1,0.004611731586385444,0.0001,1,1,1,40771,40771,8840714,8799943,1056,1058,68977,68975,2,336,337,1367,1370,3,4.245923913043478e-05,0.009206788889401353,9.206788889401354e-05,63082,59940,-3142,-0.04446897644927536,27499,25584,1915,592,593,593,1,2.4527237497240686e-05,335,351,351,16,0.00039243579995585097,0,0,0,0,0.0,41,41,0,16,17,1,0,0,0,0.008378623188405798,0.008392776268115942,0.008392776268115942,1.4153079710144123e-05,0.003068929629800277,3.0689296298002766e-05,0.004741281702898551,0.00496773097826087,0.00496773097826087,0.00022644927536231898,0.04910287407680725,0.0004910287407680725,0.0,0.0,0.0,0.0,0.0,0.0,4.068452380952381,4.0652818991097925,14.439024390243903,14.463414634146341,20.9375,20.647058823529413,0.0,0.0,1262,1295,33,0.001012746777834149,25,25,41,41,16,17,0,0,7.358171249172206e-05
CFD,41,17,0,4.670518417533896e-05,ok,,cfd1,factor-l,/home/scan_SpTRSV/data/factors/spcg/cfd1/spcg_spilu_l_cfd1_fill10_drop0.0001_permccolamd_sp0.mtx,70656,wavefront-oriented,0.1,0.09999995475478564,0.0001,-1,1,1,884071,27656,8840714,7956643,1056,1060,68977,68973,4,336,339,1367,1374,7,9.90715579710145e-05,0.0009907160279617356,9.907160279617356e-06,63082,60107,-2975,-0.04210541213768116,27499,25674,1825,592,593,593,1,1.1311308707106103e-06,335,351,351,16,1.8098093931369764e-05,0,0,0,0,0.0,41,41,0,16,17,1,0,0,0,0.008378623188405798,0.008392776268115942,0.008392776268115942,1.4153079710144123e-05,0.00014153086113738274,1.4153086113738274e-06,0.004741281702898551,0.00496773097826087,0.00496773097826087,0.00022644927536231898,0.002264493778198254,2.264493778198254e-05,0.0,0.0,0.0,0.0,0.0,0.0,4.068452380952381,4.053097345132743,14.439024390243903,14.463414634146341,20.9375,20.647058823529413,0.0,0.0,1262,1295,33,4.670518417533896e-05,25,25,41,41,16,17,0,0,7.917916094974272e-06
CFD,41,17,0,0.00071027077992455,ok,,cfd1,factor-l,/home/scan_SpTRSV/data/factors/spcg/cfd1/spcg_spilu_l_cfd1_fill10_drop0.0001_permccolamd_sp0.mtx,70656,wavefront-oriented,0.1,0.006974210454042513,0.001,1,1,1,61657,61657,8840714,8779057,1056,1076,68977,68957,20,336,343,1367,1388,21,0.0002972146739130435,0.042616246795472996,0.00042616246795473,63082,56398,-6684,-0.09459918478260869,27499,23048,4451,592,595,595,3,4.865627584864655e-05,335,351,351,16,0.0002595001378594482,0,0,0,0,0.0,41,41,0,16,17,1,0,0,0,0.008378623188405798,0.008421082427536232,0.008421082427536232,4.2459239130434104e-05,0.006088035256496044,6.088035256496045e-05,0.004741281702898551,0.00496773097826087,0.00496773097826087,0.00022644927536231898,0.03246952136797945,0.00032469521367979446,0.0,0.0,0.0,0.0,0.0,0.0,4.068452380952381,4.0466472303206995,14.439024390243903,14.512195121951219,20.9375,20.647058823529413,0.0,0.0,1262,1297,35,0.00071027077992455,25,25,41,41,16,17,0,0,0.0003405939309405258
CFD,41,17,0,4.812049278671287e-05,ok,,cfd1,factor-l,/home/scan_SpTRSV/data/factors/spcg/cfd1/spcg_spilu_l_cfd1_fill10_drop0.0001_permccolamd_sp0.mtx,70656,wavefront-oriented,0.1,0.09999995475478564,0.001,-1,1,1,884071,20787,8840714,7956643,1056,1070,68977,68963,14,336,341,1367,1384,17,0.00024060235507246378,0.0024060246393356436,2.4060246393356435e-05,63082,55911,-7171,-0.10149173460144928,27499,22962,4537,592,594,594,2,2.2622617414212205e-06,335,351,351,16,1.8098093931369764e-05,0,0,0,0,0.0,41,41,0,16,17,1,0,0,0,0.008378623188405798,0.008406929347826086,0.008406929347826086,2.8306159420288246e-05,0.0002830617222747655,2.830617222747655e-06,0.004741281702898551,0.00496773097826087,0.00496773097826087,0.00022644927536231898,0.002264493778198254,2.264493778198254e-05,0.0,0.0,0.0,0.0,0.0,0.0,4.068452380952381,4.058651026392962,14.439024390243903,14.487804878048781,20.9375,20.647058823529413,0.0,0.0,1262,1296,34,4.812049278671287e-05,25,25,41,41,16,17,0,0,1.9229224802080375e-05
CFD,45,17,0,0.0013576381927204036,ok,,cfd1,factor-l,/home/scan_SpTRSV/data/factors/spcg/cfd1/spcg_spilu_l_cfd1_fill10_drop0.0001_permccolamd_sp0.mtx,70656,wavefront-oriented,0.1,0.007505841722738684,0.01,1,1,1,66357,66357,8840714,8774357,1056,1135,68977,68898,79,336,356,1367,1444,77,0.0010897871376811595,0.14519186227704317,0.0014519186227704318,63082,48197,-14885,-0.21066859148550723,27499,17695,9804,592,630,630,38,0.0005726600057266001,335,352,352,17,0.0002561900025619,0,0,0,0,0.0,41,45,4,16,17,1,0,0,0,0.008378623188405798,0.008916440217391304,0.008916440217391304,0.0005378170289855062,0.07165312683802116,0.0007165312683802116,0.004741281702898551,0.004981884057971014,0.004981884057971014,0.0002406023550724631,0.032055346217009444,0.0003205534621700944,0.0,0.0,0.0,0.0,0.0,0.0,4.068452380952381,4.056179775280899,14.439024390243903,14.0,20.9375,20.705882352941178,0.0,0.0,1262,1334,72,0.0013576381927204036,25,25,41,45,16,17,0,0,0.0011603900116039002
CFD,41,16,0,0.0,ok,,cfd1,factor-l,/home/scan_SpTRSV/data/factors/spcg/cfd1/spcg_spilu_l_cfd1_fill10_drop0.0001_permccolamd_sp0.mtx,70656,wavefront-oriented,0.1,0.09999995475478564,0.01,-1,1,1,884071,17991,8840714,7956643,1056,1057,68977,68976,1,336,337,1367,1369,2,2.8306159420289855e-05,0.0002830617222747816,2.830617222747816e-06,63082,54192,-8890,-0.12582087862318841,27499,21887,5612,592,592,592,0,0.0,335,335,335,0,0.0,0,0,0,0,0.0,41,41,0,16,16,0,0,0,0,0.008378623188405798,0.008378623188405798,0.008378623188405798,0.0,0.0,0.0,0.004741281702898551,0.004741281702898551,0.004741281702898551,0.0,0.0,0.0,0.0,0.0,0.0,0.0,0.0,0.0,4.068452380952381,4.062314540059347,14.439024390243903,14.439024390243903,20.9375,20.9375,0.0,0.0,1262,1262,0,0.0,25,25,41,41,16,16,0,0,2.2622617414212205e-06
CFD,41,16,0,0.0,ok,,cfd1,factor-l,/home/scan_SpTRSV/data/factors/spcg/cfd1/spcg_spilu_l_cfd1_fill10_drop0.0001_permccolamd_sp0.mtx,70656,scan-chain-aware,0.01,0.0,0.0001,1,1,1,0,0,8840714,8840714,1056,1056,68977,68977,0,336,336,1367,1367,0,0.0,0.0,0.0,63082,63082,0,0.0,27499,27499,0,592,592,592,0,0.0,335,335,335,0,0.0,0,0,0,0,0.0,41,41,0,16,16,0,0,0,0,0.008378623188405798,0.008378623188405798,0.008378623188405798,0.0,0.0,0.0,0.004741281702898551,0.004741281702898551,0.004741281702898551,0.0,0.0,0.0,0.0,0.0,0.0,0.0,0.0,0.0,4.068452380952381,4.068452380952381,14.439024390243903,14.439024390243903,20.9375,20.9375,0.0,0.0,1262,1262,0,0.0,25,25,41,41,16,16,0,0,0.0
CFD,41,16,0,0.0,ok,,cfd1,factor-l,/home/scan_SpTRSV/data/factors/spcg/cfd1/spcg_spilu_l_cfd1_fill10_drop0.0001_permccolamd_sp0.mtx,70656,scan-chain-aware,0.01,0.009999984164174976,0.0001,-1,1,1,88407,2606,8840714,8752307,1056,1056,68977,68977,0,336,336,1367,1367,0,0.0,0.0,0.0,63082,62836,-246,-0.003481657608695652,27499,27321,178,592,592,592,0,0.0,335,335,335,0,0.0,0,0,0,0,0.0,41,41,0,16,16,0,0,0,0,0.008378623188405798,0.008378623188405798,0.008378623188405798,0.0,0.0,0.0,0.004741281702898551,0.004741281702898551,0.004741281702898551,0.0,0.0,0.0,0.0,0.0,0.0,0.0,0.0,0.0,4.068452380952381,4.068452380952381,14.439024390243903,14.439024390243903,20.9375,20.9375,0.0,0.0,1262,1262,0,0.0,25,25,41,41,16,16,0,0,0.0
CFD,41,16,0,0.15640416242074276,ok,,cfd1,factor-l,/home/scan_SpTRSV/data/factors/spcg/cfd1/spcg_spilu_l_cfd1_fill10_drop0.0001_permccolamd_sp0.mtx,70656,scan-chain-aware,0.01,9.049042871424186e-07,0.001,1,1,1,8,8,8840714,8840706,1056,1064,68977,68969,8,336,337,1367,1372,5,7.076539855072464e-05,78.20208121037138,0.7820208121037138,63082,63088,6,8.491847826086956e-05,27499,27495,4,592,593,593,1,0.125,335,335,335,0,0.0,0,0,0,0,0.0,41,41,0,16,16,0,0,0,0,0.008378623188405798,0.008392776268115942,0.008392776268115942,1.4153079710144123e-05,15.640416242073385,0.15640416242073385,0.004741281702898551,0.004741281702898551,0.004741281702898551,0.0,0.0,0.0,0.0,0.0,0.0,0.0,0.0,0.0,4.068452380952381,4.071216617210682,14.439024390243903,14.463414634146341,20.9375,20.9375,0.0,0.0,1262,1263,1,0.15640416242074276,25,25,41,41,16,16,0,0,0.625
CFD,41,16,0,1.4153102122749805e-05,ok,,cfd1,factor-l,/home/scan_SpTRSV/data/factors/spcg/cfd1/spcg_spilu_l_cfd1_fill10_drop0.0001_permccolamd_sp0.mtx,70656,scan-chain-aware,0.01,0.009999984164174976,0.001,-1,1,1,88407,1790,8840714,8752307,1056,1060,68977,68973,4,336,336,1367,1371,4,5.661231884057971e-05,0.005661240849099922,5.661240849099922e-05,63082,63094,12,0.00016983695652173913,27499,27430,69,592,593,593,1,1.1311321501691042e-05,335,335,335,0,0.0,0,0,0,0,0.0,41,41,0,16,16,0,0,0,0,0.008378623188405798,0.008392776268115942,0.008392776268115942,1.4153079710144123e-05,0.0014153102122749,1.4153102122749e-05,0.004741281702898551,0.004741281702898551,0.004741281702898551,0.0,0.0,0.0,0.0,0.0,0.0,0.0,0.0,0.0,4.068452380952381,4.080357142857143,14.439024390243903,14.463414634146341,20.9375,20.9375,0.0,0.0,1262,1263,1,1.4153102122749805e-05,25,25,41,41,16,16,0,0,4.524528600676417e-05
CFD,41,16,0,0.06951296107588566,ok,,cfd1,factor-l,/home/scan_SpTRSV/data/factors/spcg/cfd1/spcg_spilu_l_cfd1_fill10_drop0.0001_permccolamd_sp0.mtx,70656,scan-chain-aware,0.01,2.036034646070442e-06,0.01,1,1,1,18,18,8840714,8840696,1056,1074,68977,68959,18,336,339,1367,1384,17,0.00024060235507246378,118.17203382900563,1.1817203382900563,63082,63083,1,1.4153079710144928e-05,27499,27487,12,592,593,593,1,0.05555555555555555,335,335,335,0,0.0,0,0,0,0,0.0,41,41,0,16,16,0,0,0,0,0.008378623188405798,0.008392776268115942,0.008392776268115942,1.4153079710144123e-05,6.951296107588171,0.06951296107588172,0.004741281702898551,0.004741281702898551,0.004741281702898551,0.0,0.0,0.0,0.0,0.0,0.0,0.0,0.0,0.0,4.068452380952381,4.0825958702064895,14.439024390243903,14.463414634146341,20.9375,20.9375,0.0,0.0,1262,1263,1,0.06951296107588566,25,25,41,41,16,16,0,0,0.9444444444444444
CFD,41,16,0,1.4153102122749805e-05,ok,,cfd1,factor-l,/home/scan_SpTRSV/data/factors/spcg/cfd1/spcg_spilu_l_cfd1_fill10_drop0.0001_permccolamd_sp0.mtx,70656,scan-chain-aware,0.01,0.009999984164174976,0.01,-1,1,1,88407,1630,8840714,8752307,1056,1064,68977,68969,8,336,335,1367,1374,7,9.90715579710145e-05,0.009907171485924864,9.907171485924863e-05,63082,63089,7,9.90715579710145e-05,27499,27377,122,592,593,593,1,1.1311321501691042e-05,335,335,335,0,0.0,0,0,0,0,0.0,41,41,0,16,16,0,0,0,0,0.008378623188405798,0.008392776268115942,0.008392776268115942,1.4153079710144123e-05,0.0014153102122749,1.4153102122749e-05,0.004741281702898551,0.004741281702898551,0.004741281702898551,0.0,0.0,0.0,0.0,0.0,0.0,0.0,0.0,0.0,4.068452380952381,4.101492537313433,14.439024390243903,14.463414634146341,20.9375,20.9375,0.0,0.0,1262,1263,1,1.4153102122749805e-05,25,25,41,41,16,16,0,0,7.91792505118373e-05
CFD,41,16,0,0.0,ok,,cfd1,factor-l,/home/scan_SpTRSV/data/factors/spcg/cfd1/spcg_spilu_l_cfd1_fill10_drop0.0001_permccolamd_sp0.mtx,70656,scan-chain-aware,0.02,0.0,0.0001,1,1,1,0,0,8840714,8840714,1056,1056,68977,68977,0,336,336,1367,1367,0,0.0,0.0,0.0,63082,63082,0,0.0,27499,27499,0,592,592,592,0,0.0,335,335,335,0,0.0,0,0,0,0,0.0,41,41,0,16,16,0,0,0,0,0.008378623188405798,0.008378623188405798,0.008378623188405798,0.0,0.0,0.0,0.004741281702898551,0.004741281702898551,0.004741281702898551,0.0,0.0,0.0,0.0,0.0,0.0,0.0,0.0,0.0,4.068452380952381,4.068452380952381,14.439024390243903,14.439024390243903,20.9375,20.9375,0.0,0.0,1262,1262,0,0.0,25,25,41,41,16,16,0,0,0.0
CFD,41,16,0,0.0,ok,,cfd1,factor-l,/home/scan_SpTRSV/data/factors/spcg/cfd1/spcg_spilu_l_cfd1_fill10_drop0.0001_permccolamd_sp0.mtx,70656,scan-chain-aware,0.02,0.01999996832834995,0.0001,-1,1,1,176814,5183,8840714,8663900,1056,1056,68977,68977,0,336,336,1367,1367,0,0.0,0.0,0.0,63082,62747,-335,-0.004741281702898551,27499,27243,256,592,592,592,0,0.0,335,335,335,0,0.0,0,0,0,0,0.0,41,41,0,16,16,0,0,0,0,0.008378623188405798,0.008378623188405798,0.008378623188405798,0.0,0.0,0.0,0.004741281702898551,0.004741281702898551,0.004741281702898551,0.0,0.0,0.0,0.0,0.0,0.0,0.0,0.0,0.0,4.068452380952381,4.068452380952381,14.439024390243903,14.439024390243903,20.9375,20.9375,0.0,0.0,1262,1262,0,0.0,25,25,41,41,16,16,0,0,0.0
CFD,41,16,0,0.15640416242074276,ok,,cfd1,factor-l,/home/scan_SpTRSV/data/factors/spcg/cfd1/spcg_spilu_l_cfd1_fill10_drop0.0001_permccolamd_sp0.mtx,70656,scan-chain-aware,0.02,9.049042871424186e-07,0.001,1,1,1,8,8,8840714,8840706,1056,1064,68977,68969,8,336,337,1367,1372,5,7.076539855072464e-05,78.20208121037138,0.7820208121037138,63082,63088,6,8.491847826086956e-05,27499,27495,4,592,593,593,1,0.125,335,335,335,0,0.0,0,0,0,0,0.0,41,41,0,16,16,0,0,0,0,0.008378623188405798,0.008392776268115942,0.008392776268115942,1.4153079710144123e-05,15.640416242073385,0.15640416242073385,0.004741281702898551,0.004741281702898551,0.004741281702898551,0.0,0.0,0.0,0.0,0.0,0.0,0.0,0.0,0.0,4.068452380952381,4.071216617210682,14.439024390243903,14.463414634146341,20.9375,20.9375,0.0,0.0,1262,1263,1,0.15640416242074276,25,25,41,41,16,16,0,0,0.625
CFD,41,16,0,7.076551061374902e-06,ok,,cfd1,factor-l,/home/scan_SpTRSV/data/factors/spcg/cfd1/spcg_spilu_l_cfd1_fill10_drop0.0001_permccolamd_sp0.mtx,70656,scan-chain-aware,0.02,0.01999996832834995,0.001,-1,1,1,176814,3156,8840714,8663900,1056,1060,68977,68973,4,336,336,1367,1371,4,5.661231884057971e-05,0.002830620424549961,2.830620424549961e-05,63082,62777,-305,-0.004316689311594203,27499,27230,269,592,593,593,1,5.655660750845521e-06,335,335,335,0,0.0,0,0,0,0,0.0,41,41,0,16,16,0,0,0,0,0.008378623188405798,0.008392776268115942,0.008392776268115942,1.4153079710144123e-05,0.00070765510613745,7.0765510613745e-06,0.004741281702898551,0.004741281702898551,0.004741281702898551,0.0,0.0,0.0,0.0,0.0,0.0,0.0,0.0,0.0,4.068452380952381,4.080357142857143,14.439024390243903,14.463414634146341,20.9375,20.9375,0.0,0.0,1262,1263,1,7.076551061374902e-06,25,25,41,41,16,16,0,0,2.2622643003382084e-05
CFD,41,16,0,0.06951296107588566,ok,,cfd1,factor-l,/home/scan_SpTRSV/data/factors/spcg/cfd1/spcg_spilu_l_cfd1_fill10_drop0.0001_permccolamd_sp0.mtx,70656,scan-chain-aware,0.02,2.036034646070442e-06,0.01,1,1,1,18,18,8840714,8840696,1056,1074,68977,68959,18,336,339,1367,1384,17,0.00024060235507246378,118.17203382900563,1.1817203382900563,63082,63083,1,1.4153079710144928e-05,27499,27487,12,592,593,593,1,0.05555555555555555,335,335,335,0,0.0,0,0,0,0,0.0,41,41,0,16,16,0,0,0,0,0.008378623188405798,0.008392776268115942,0.008392776268115942,1.4153079710144123e-05,6.951296107588171,0.06951296107588172,0.004741281702898551,0.004741281702898551,0.004741281702898551,0.0,0.0,0.0,0.0,0.0,0.0,0.0,0.0,0.0,4.068452380952381,4.0825958702064895,14.439024390243903,14.463414634146341,20.9375,20.9375,0.0,0.0,1262,1263,1,0.06951296107588566,25,25,41,41,16,16,0,0,0.9444444444444444
CFD,41,16,0,7.076551061374902e-06,ok,,cfd1,factor-l,/home/scan_SpTRSV/data/factors/spcg/cfd1/spcg_spilu_l_cfd1_fill10_drop0.0001_permccolamd_sp0.mtx,70656,scan-chain-aware,0.02,0.01999996832834995,0.01,-1,1,1,176814,2249,8840714,8663900,1056,1064,68977,68969,8,336,335,1367,1374,7,9.90715579710145e-05,0.004953585742962432,4.953585742962432e-05,63082,63088,6,8.491847826086956e-05,27499,27339,160,592,593,593,1,5.655660750845521e-06,335,335,335,0,0.0,0,0,0,0,0.0,41,41,0,16,16,0,0,0,0,0.008378623188405798,0.008392776268115942,0.008392776268115942,1.4153079710144123e-05,0.00070765510613745,7.0765510613745e-06,0.004741281702898551,0.004741281702898551,0.004741281702898551,0.0,0.0,0.0,0.0,0.0,0.0,0.0,0.0,0.0,4.068452380952381,4.101492537313433,14.439024390243903,14.463414634146341,20.9375,20.9375,0.0,0.0,1262,1263,1,7.076551061374902e-06,25,25,41,41,16,16,0,0,3.958962525591865e-05
CFD,41,16,0,0.0,ok,,cfd1,factor-l,/home/scan_SpTRSV/data/factors/spcg/cfd1/spcg_spilu_l_cfd1_fill10_drop0.0001_permccolamd_sp0.mtx,70656,scan-chain-aware,0.05,0.0,0.0001,1,1,1,0,0,8840714,8840714,1056,1056,68977,68977,0,336,336,1367,1367,0,0.0,0.0,0.0,63082,63082,0,0.0,27499,27499,0,592,592,592,0,0.0,335,335,335,0,0.0,0,0,0,0,0.0,41,41,0,16,16,0,0,0,0,0.008378623188405798,0.008378623188405798,0.008378623188405798,0.0,0.0,0.0,0.004741281702898551,0.004741281702898551,0.004741281702898551,0.0,0.0,0.0,0.0,0.0,0.0,0.0,0.0,0.0,4.068452380952381,4.068452380952381,14.439024390243903,14.439024390243903,20.9375,20.9375,0.0,0.0,1262,1262,0,0.0,25,25,41,41,16,16,0,0,0.0
CFD,41,16,0,0.0,ok,,cfd1,factor-l,/home/scan_SpTRSV/data/factors/spcg/cfd1/spcg_spilu_l_cfd1_fill10_drop0.0001_permccolamd_sp0.mtx,70656,scan-chain-aware,0.05,0.04999992082087488,0.0001,-1,1,1,442035,11912,8840714,8398679,1056,1059,68977,68974,3,336,339,1367,1373,6,8.491847826086956e-05,0.0016983722547299766,1.6983722547299766e-05,63082,62560,-522,-0.007387907608695652,27499,26940,559,592,592,592,0,0.0,335,335,335,0,0.0,0,0,0,0,0.0,41,41,0,16,16,0,0,0,0,0.008378623188405798,0.008378623188405798,0.008378623188405798,0.0,0.0,0.0,0.004741281702898551,0.004741281702898551,0.004741281702898551,0.0,0.0,0.0,0.0,0.0,0.0,0.0,0.0,0.0,4.068452380952381,4.050147492625369,14.439024390243903,14.439024390243903,20.9375,20.9375,0.0,0.0,1262,1262,0,0.0,25,25,41,41,16,16,0,0,1.357358580202925e-05
CFD,41,16,0,0.15640416242074276,ok,,cfd1,factor-l,/home/scan_SpTRSV/data/factors/spcg/cfd1/spcg_spilu_l_cfd1_fill10_drop0.0001_permccolamd_sp0.mtx,70656,scan-chain-aware,0.05,9.049042871424186e-07,0.001,1,1,1,8,8,8840714,8840706,1056,1064,68977,68969,8,336,337,1367,1372,5,7.076539855072464e-05,78.20208121037138,0.7820208121037138,63082,63088,6,8.491847826086956e-05,27499,27495,4,592,593,593,1,0.125,335,335,335,0,0.0,0,0,0,0,0.0,41,41,0,16,16,0,0,0,0,0.008378623188405798,0.008392776268115942,0.008392776268115942,1.4153079710144123e-05,15.640416242073385,0.15640416242073385,0.004741281702898551,0.004741281702898551,0.004741281702898551,0.0,0.0,0.0,0.0,0.0,0.0,0.0,0.0,0.0,4.068452380952381,4.071216617210682,14.439024390243903,14.463414634146341,20.9375,20.9375,0.0,0.0,1262,1263,1,0.15640416242074276,25,25,41,41,16,16,0,0,0.625
CFD,41,16,0,2.830620424549961e-06,ok,,cfd1,factor-l,/home/scan_SpTRSV/data/factors/spcg/cfd1/spcg_spilu_l_cfd1_fill10_drop0.0001_permccolamd_sp0.mtx,70656,scan-chain-aware,0.05,0.04999992082087488,0.001,-1,1,1,442035,7909,8840714,8398679,1056,1064,68977,68969,8,336,337,1367,1372,5,7.076539855072464e-05,0.0014153102122749805,1.4153102122749805e-05,63082,62519,-563,-0.007968183876811594,27499,27009,490,592,593,593,1,2.2622643003382084e-06,335,335,335,0,0.0,0,0,0,0,0.0,41,41,0,16,16,0,0,0,0,0.008378623188405798,0.008392776268115942,0.008392776268115942,1.4153079710144123e-05,0.00028306204245498,2.8306204245498002e-06,0.004741281702898551,0.004741281702898551,0.004741281702898551,0.0,0.0,0.0,0.0,0.0,0.0,0.0,0.0,0.0,4.068452380952381,4.071216617210682,14.439024390243903,14.463414634146341,20.9375,20.9375,0.0,0.0,1262,1263,1,2.830620424549961e-06,25,25,41,41,16,16,0,0,1.1311321501691042e-05
CFD,41,16,0,0.06951296107588566,ok,,cfd1,factor-l,/home/scan_SpTRSV/data/factors/spcg/cfd1/spcg_spilu_l_cfd1_fill10_drop0.0001_permccolamd_sp0.mtx,70656,scan-chain-aware,0.05,2.036034646070442e-06,0.01,1,1,1,18,18,8840714,8840696,1056,1074,68977,68959,18,336,339,1367,1384,17,0.00024060235507246378,118.17203382900563,1.1817203382900563,63082,63083,1,1.4153079710144928e-05,27499,27487,12,592,593,593,1,0.05555555555555555,335,335,335,0,0.0,0,0,0,0,0.0,41,41,0,16,16,0,0,0,0,0.008378623188405798,0.008392776268115942,0.008392776268115942,1.4153079710144123e-05,6.951296107588171,0.06951296107588172,0.004741281702898551,0.004741281702898551,0.004741281702898551,0.0,0.0,0.0,0.0,0.0,0.0,0.0,0.0,0.0,4.068452380952381,4.0825958702064895,14.439024390243903,14.463414634146341,20.9375,20.9375,0.0,0.0,1262,1263,1,0.06951296107588566,25,25,41,41,16,16,0,0,0.9444444444444444
CFD,41,16,0,2.830620424549961e-06,ok,,cfd1,factor-l,/home/scan_SpTRSV/data/factors/spcg/cfd1/spcg_spilu_l_cfd1_fill10_drop0.0001_permccolamd_sp0.mtx,70656,scan-chain-aware,0.05,0.04999992082087488,0.01,-1,1,1,442035,5294,8840714,8398679,1056,1074,68977,68959,18,336,339,1367,1384,17,0.00024060235507246378,0.004812054721734934,4.8120547217349335e-05,63082,62059,-1023,-0.01447860054347826,27499,26562,937,592,593,593,1,2.2622643003382084e-06,335,335,335,0,0.0,0,0,0,0,0.0,41,41,0,16,16,0,0,0,0,0.008378623188405798,0.008392776268115942,0.008392776268115942,1.4153079710144123e-05,0.00028306204245498,2.8306204245498002e-06,0.004741281702898551,0.004741281702898551,0.004741281702898551,0.0,0.0,0.0,0.0,0.0,0.0,0.0,0.0,0.0,4.068452380952381,4.0825958702064895,14.439024390243903,14.463414634146341,20.9375,20.9375,0.0,0.0,1262,1263,1,2.830620424549961e-06,25,25,41,41,16,16,0,0,3.845849310574954e-05
CFD,41,16,0,0.0,ok,,cfd1,factor-l,/home/scan_SpTRSV/data/factors/spcg/cfd1/spcg_spilu_l_cfd1_fill10_drop0.0001_permccolamd_sp0.mtx,70656,scan-chain-aware,0.1,0.0,0.0001,1,1,1,0,0,8840714,8840714,1056,1056,68977,68977,0,336,336,1367,1367,0,0.0,0.0,0.0,63082,63082,0,0.0,27499,27499,0,592,592,592,0,0.0,335,335,335,0,0.0,0,0,0,0,0.0,41,41,0,16,16,0,0,0,0,0.008378623188405798,0.008378623188405798,0.008378623188405798,0.0,0.0,0.0,0.004741281702898551,0.004741281702898551,0.004741281702898551,0.0,0.0,0.0,0.0,0.0,0.0,0.0,0.0,0.0,4.068452380952381,4.068452380952381,14.439024390243903,14.439024390243903,20.9375,20.9375,0.0,0.0,1262,1262,0,0.0,25,25,41,41,16,16,0,0,0.0
CFD,41,16,0,0.0,ok,,cfd1,factor-l,/home/scan_SpTRSV/data/factors/spcg/cfd1/spcg_spilu_l_cfd1_fill10_drop0.0001_permccolamd_sp0.mtx,70656,scan-chain-aware,0.1,0.09999995475478564,0.0001,-1,1,1,884071,22391,8840714,7956643,1056,1059,68977,68974,3,336,339,1367,1373,6,8.491847826086956e-05,0.0008491851668243447,8.491851668243447e-06,63082,62567,-515,-0.007288836050724638,27499,26802,697,592,592,592,0,0.0,335,335,335,0,0.0,0,0,0,0,0.0,41,41,0,16,16,0,0,0,0,0.008378623188405798,0.008378623188405798,0.008378623188405798,0.0,0.0,0.0,0.004741281702898551,0.004741281702898551,0.004741281702898551,0.0,0.0,0.0,0.0,0.0,0.0,0.0,0.0,0.0,4.068452380952381,4.050147492625369,14.439024390243903,14.439024390243903,20.9375,20.9375,0.0,0.0,1262,1262,0,0.0,25,25,41,41,16,16,0,0,6.7867852242636625e-06
CFD,41,16,0,0.15640416242074276,ok,,cfd1,factor-l,/home/scan_SpTRSV/data/factors/spcg/cfd1/spcg_spilu_l_cfd1_fill10_drop0.0001_permccolamd_sp0.mtx,70656,scan-chain-aware,0.1,9.049042871424186e-07,0.001,1,1,1,8,8,8840714,8840706,1056,1064,68977,68969,8,336,337,1367,1372,5,7.076539855072464e-05,78.20208121037138,0.7820208121037138,63082,63088,6,8.491847826086956e-05,27499,27495,4,592,593,593,1,0.125,335,335,335,0,0.0,0,0,0,0,0.0,41,41,0,16,16,0,0,0,0,0.008378623188405798,0.008392776268115942,0.008392776268115942,1.4153079710144123e-05,15.640416242073385,0.15640416242073385,0.004741281702898551,0.004741281702898551,0.004741281702898551,0.0,0.0,0.0,0.0,0.0,0.0,0.0,0.0,0.0,4.068452380952381,4.071216617210682,14.439024390243903,14.463414634146341,20.9375,20.9375,0.0,0.0,1262,1263,1,0.15640416242074276,25,25,41,41,16,16,0,0,0.625
CFD,41,16,0,1.415308611373908e-06,ok,,cfd1,factor-l,/home/scan_SpTRSV/data/factors/spcg/cfd1/spcg_spilu_l_cfd1_fill10_drop0.0001_permccolamd_sp0.mtx,70656,scan-chain-aware,0.1,0.09999995475478564,0.001,-1,1,1,884071,14823,8840714,7956643,1056,1068,68977,68965,12,336,341,1367,1380,13,0.00018399003623188406,0.0018399011947860802,1.8399011947860803e-05,63082,62154,-928,-0.013134057971014492,27499,26384,1115,592,593,593,1,1.1311308707106103e-06,335,335,335,0,0.0,0,0,0,0,0.0,41,41,0,16,16,0,0,0,0,0.008378623188405798,0.008392776268115942,0.008392776268115942,1.4153079710144123e-05,0.00014153086113738274,1.4153086113738274e-06,0.004741281702898551,0.004741281702898551,0.004741281702898551,0.0,0.0,0.0,0.0,0.0,0.0,0.0,0.0,0.0,4.068452380952381,4.0469208211143695,14.439024390243903,14.463414634146341,20.9375,20.9375,0.0,0.0,1262,1263,1,1.415308611373908e-06,25,25,41,41,16,16,0,0,1.4704701319237935e-05
CFD,41,16,0,0.06951296107588566,ok,,cfd1,factor-l,/home/scan_SpTRSV/data/factors/spcg/cfd1/spcg_spilu_l_cfd1_fill10_drop0.0001_permccolamd_sp0.mtx,70656,scan-chain-aware,0.1,2.036034646070442e-06,0.01,1,1,1,18,18,8840714,8840696,1056,1074,68977,68959,18,336,339,1367,1384,17,0.00024060235507246378,118.17203382900563,1.1817203382900563,63082,63083,1,1.4153079710144928e-05,27499,27487,12,592,593,593,1,0.05555555555555555,335,335,335,0,0.0,0,0,0,0,0.0,41,41,0,16,16,0,0,0,0,0.008378623188405798,0.008392776268115942,0.008392776268115942,1.4153079710144123e-05,6.951296107588171,0.06951296107588172,0.004741281702898551,0.004741281702898551,0.004741281702898551,0.0,0.0,0.0,0.0,0.0,0.0,0.0,0.0,0.0,4.068452380952381,4.0825958702064895,14.439024390243903,14.463414634146341,20.9375,20.9375,0.0,0.0,1262,1263,1,0.06951296107588566,25,25,41,41,16,16,0,0,0.9444444444444444
CFD,41,16,0,1.415308611373908e-06,ok,,cfd1,factor-l,/home/scan_SpTRSV/data/factors/spcg/cfd1/spcg_spilu_l_cfd1_fill10_drop0.0001_permccolamd_sp0.mtx,70656,scan-chain-aware,0.1,0.09999995475478564,0.01,-1,1,1,884071,12314,8840714,7956643,1056,1095,68977,68938,39,336,351,1367,1417,50,0.0007076539855072464,0.007076543056869539,7.07654305686954e-05,63082,60908,-2174,-0.030768795289855072,27499,25385,2114,592,593,593,1,1.1311308707106103e-06,335,335,335,0,0.0,0,0,0,0,0.0,41,41,0,16,16,0,0,0,0,0.008378623188405798,0.008392776268115942,0.008392776268115942,1.4153079710144123e-05,0.00014153086113738274,1.4153086113738274e-06,0.004741281702898551,0.004741281702898551,0.004741281702898551,0.0,0.0,0.0,0.0,0.0,0.0,0.0,0.0,0.0,4.068452380952381,4.037037037037037,14.439024390243903,14.463414634146341,20.9375,20.9375,0.0,0.0,1262,1263,1,1.415308611373908e-06,25,25,41,41,16,16,0,0,5.655654353553052e-05
CFD,41,16,0,0.0,ok,,cfd1,factor-l,/home/scan_SpTRSV/data/factors/spcg/cfd1/spcg_spilu_l_cfd1_fill10_drop0.0001_permccolamd_sp0.mtx,70656,long-chain-aware-drop,0.01,0.0,0.0001,1,1,1,0,0,8840714,8840714,1056,1056,68977,68977,0,336,336,1367,1367,0,0.0,0.0,0.0,63082,63082,0,0.0,27499,27499,0,592,592,592,0,0.0,335,335,335,0,0.0,0,0,0,0,0.0,41,41,0,16,16,0,0,0,0,0.008378623188405798,0.008378623188405798,0.008378623188405798,0.0,0.0,0.0,0.004741281702898551,0.004741281702898551,0.004741281702898551,0.0,0.0,0.0,0.0,0.0,0.0,0.0,0.0,0.0,4.068452380952381,4.068452380952381,14.439024390243903,14.439024390243903,20.9375,20.9375,0.0,0.0,1262,1262,0,0.0,25,25,41,41,16,16,0,0,0.0
CFD,41,16,0,0.0,ok,,cfd1,factor-l,/home/scan_SpTRSV/data/factors/spcg/cfd1/spcg_spilu_l_cfd1_fill10_drop0.0001_permccolamd_sp0.mtx,70656,long-chain-aware-drop,0.01,0.008189610024710674,0.0001,-1,1,1,72402,2048,8840714,8768312,1056,1056,68977,68977,0,336,336,1367,1367,0,0.0,0.0,0.0,63082,62879,-203,-0.0028730751811594205,27499,27356,143,592,592,592,0,0.0,335,335,335,0,0.0,0,0,0,0,0.0,41,41,0,16,16,0,0,0,0,0.008378623188405798,0.008378623188405798,0.008378623188405798,0.0,0.0,0.0,0.004741281702898551,0.004741281702898551,0.004741281702898551,0.0,0.0,0.0,0.0,0.0,0.0,0.0,0.0,0.0,4.068452380952381,4.068452380952381,14.439024390243903,14.439024390243903,20.9375,20.9375,0.0,0.0,1262,1262,0,0.0,25,25,41,41,16,16,0,0,0.0
CFD,41,16,0,1.251233299365942,ok,,cfd1,factor-l,/home/scan_SpTRSV/data/factors/spcg/cfd1/spcg_spilu_l_cfd1_fill10_drop0.0001_permccolamd_sp0.mtx,70656,long-chain-aware-drop,0.01,1.1311303589280233e-07,0.001,1,1,1,1,1,8840714,8840713,1056,1057,68977,68976,1,336,336,1367,1368,1,1.4153079710144928e-05,125.1233299365942,1.251233299365942,63082,63083,1,1.4153079710144928e-05,27499,27499,0,592,593,593,1,1.0,335,335,335,0,0.0,0,0,0,0,0.0,41,41,0,16,16,0,0,0,0,0.008378623188405798,0.008392776268115942,0.008392776268115942,1.4153079710144123e-05,125.12332993658708,1.2512332993658708,0.004741281702898551,0.004741281702898551,0.004741281702898551,0.0,0.0,0.0,0.0,0.0,0.0,0.0,0.0,0.0,4.068452380952381,4.071428571428571,14.439024390243903,14.463414634146341,20.9375,20.9375,0.0,0.0,1262,1263,1,1.251233299365942,25,25,41,41,16,16,0,0,1.0
CFD,41,16,0,1.4153102122749805e-05,ok,,cfd1,factor-l,/home/scan_SpTRSV/data/factors/spcg/cfd1/spcg_spilu_l_cfd1_fill10_drop0.0001_permccolamd_sp0.mtx,70656,long-chain-aware-drop,0.01,0.009999984164174976,0.001,-1,1,1,88407,1378,8840714,8752307,1056,1057,68977,68976,1,336,336,1367,1368,1,1.4153079710144928e-05,0.0014153102122749805,1.4153102122749805e-05,63082,62981,-101,-0.0014294610507246377,27499,27421,78,592,593,593,1,1.1311321501691042e-05,335,335,335,0,0.0,0,0,0,0,0.0,41,41,0,16,16,0,0,0,0,0.008378623188405798,0.008392776268115942,0.008392776268115942,1.4153079710144123e-05,0.0014153102122749,1.4153102122749e-05,0.004741281702898551,0.004741281702898551,0.004741281702898551,0.0,0.0,0.0,0.0,0.0,0.0,0.0,0.0,0.0,4.068452380952381,4.071428571428571,14.439024390243903,14.463414634146341,20.9375,20.9375,0.0,0.0,1262,1263,1,1.4153102122749805e-05,25,25,41,41,16,16,0,0,1.1311321501691042e-05
CFD,41,16,0,1.251233299365942,ok,,cfd1,factor-l,/home/scan_SpTRSV/data/factors/spcg/cfd1/spcg_spilu_l_cfd1_fill10_drop0.0001_permccolamd_sp0.mtx,70656,long-chain-aware-drop,0.01,1.1311303589280233e-07,0.01,1,1,1,1,1,8840714,8840713,1056,1057,68977,68976,1,336,336,1367,1368,1,1.4153079710144928e-05,125.1233299365942,1.251233299365942,63082,63083,1,1.4153079710144928e-05,27499,27499,0,592,593,593,1,1.0,335,335,335,0,0.0,0,0,0,0,0.0,41,41,0,16,16,0,0,0,0,0.008378623188405798,0.008392776268115942,0.008392776268115942,1.4153079710144123e-05,125.12332993658708,1.2512332993658708,0.004741281702898551,0.004741281702898551,0.004741281702898551,0.0,0.0,0.0,0.0,0.0,0.0,0.0,0.0,0.0,4.068452380952381,4.071428571428571,14.439024390243903,14.463414634146341,20.9375,20.9375,0.0,0.0,1262,1263,1,1.251233299365942,25,25,41,41,16,16,0,0,1.0
CFD,41,16,0,1.4153102122749805e-05,ok,,cfd1,factor-l,/home/scan_SpTRSV/data/factors/spcg/cfd1/spcg_spilu_l_cfd1_fill10_drop0.0001_permccolamd_sp0.mtx,70656,long-chain-aware-drop,0.01,0.009999984164174976,0.01,-1,1,1,88407,1191,8840714,8752307,1056,1057,68977,68976,1,336,336,1367,1368,1,1.4153079710144928e-05,0.0014153102122749805,1.4153102122749805e-05,63082,62874,-208,-0.002943840579710145,27499,27331,168,592,593,593,1,1.1311321501691042e-05,335,335,335,0,0.0,0,0,0,0,0.0,41,41,0,16,16,0,0,0,0,0.008378623188405798,0.008392776268115942,0.008392776268115942,1.4153079710144123e-05,0.0014153102122749,1.4153102122749e-05,0.004741281702898551,0.004741281702898551,0.004741281702898551,0.0,0.0,0.0,0.0,0.0,0.0,0.0,0.0,0.0,4.068452380952381,4.071428571428571,14.439024390243903,14.463414634146341,20.9375,20.9375,0.0,0.0,1262,1263,1,1.4153102122749805e-05,25,25,41,41,16,16,0,0,1.1311321501691042e-05
CFD,41,16,0,0.0,ok,,cfd1,factor-l,/home/scan_SpTRSV/data/factors/spcg/cfd1/spcg_spilu_l_cfd1_fill10_drop0.0001_permccolamd_sp0.mtx,70656,long-chain-aware-drop,0.02,0.0,0.0001,1,1,1,0,0,8840714,8840714,1056,1056,68977,68977,0,336,336,1367,1367,0,0.0,0.0,0.0,63082,63082,0,0.0,27499,27499,0,592,592,592,0,0.0,335,335,335,0,0.0,0,0,0,0,0.0,41,41,0,16,16,0,0,0,0,0.008378623188405798,0.008378623188405798,0.008378623188405798,0.0,0.0,0.0,0.004741281702898551,0.004741281702898551,0.004741281702898551,0.0,0.0,0.0,0.0,0.0,0.0,0.0,0.0,0.0,4.068452380952381,4.068452380952381,14.439024390243903,14.439024390243903,20.9375,20.9375,0.0,0.0,1262,1262,0,0.0,25,25,41,41,16,16,0,0,0.0
CFD,41,16,0,0.0,ok,,cfd1,factor-l,/home/scan_SpTRSV/data/factors/spcg/cfd1/spcg_spilu_l_cfd1_fill10_drop0.0001_permccolamd_sp0.mtx,70656,long-chain-aware-drop,0.02,0.008189610024710674,0.0001,-1,1,1,72402,2048,8840714,8768312,1056,1056,68977,68977,0,336,336,1367,1367,0,0.0,0.0,0.0,63082,62879,-203,-0.0028730751811594205,27499,27356,143,592,592,592,0,0.0,335,335,335,0,0.0,0,0,0,0,0.0,41,41,0,16,16,0,0,0,0,0.008378623188405798,0.008378623188405798,0.008378623188405798,0.0,0.0,0.0,0.004741281702898551,0.004741281702898551,0.004741281702898551,0.0,0.0,0.0,0.0,0.0,0.0,0.0,0.0,0.0,4.068452380952381,4.068452380952381,14.439024390243903,14.439024390243903,20.9375,20.9375,0.0,0.0,1262,1262,0,0.0,25,25,41,41,16,16,0,0,0.0
CFD,41,16,0,1.251233299365942,ok,,cfd1,factor-l,/home/scan_SpTRSV/data/factors/spcg/cfd1/spcg_spilu_l_cfd1_fill10_drop0.0001_permccolamd_sp0.mtx,70656,long-chain-aware-drop,0.02,1.1311303589280233e-07,0.001,1,1,1,1,1,8840714,8840713,1056,1057,68977,68976,1,336,336,1367,1368,1,1.4153079710144928e-05,125.1233299365942,1.251233299365942,63082,63083,1,1.4153079710144928e-05,27499,27499,0,592,593,593,1,1.0,335,335,335,0,0.0,0,0,0,0,0.0,41,41,0,16,16,0,0,0,0,0.008378623188405798,0.008392776268115942,0.008392776268115942,1.4153079710144123e-05,125.12332993658708,1.2512332993658708,0.004741281702898551,0.004741281702898551,0.004741281702898551,0.0,0.0,0.0,0.0,0.0,0.0,0.0,0.0,0.0,4.068452380952381,4.071428571428571,14.439024390243903,14.463414634146341,20.9375,20.9375,0.0,0.0,1262,1263,1,1.251233299365942,25,25,41,41,16,16,0,0,1.0
CFD,41,16,0,7.622824606385542e-06,ok,,cfd1,factor-l,/home/scan_SpTRSV/data/factors/spcg/cfd1/spcg_spilu_l_cfd1_fill10_drop0.0001_permccolamd_sp0.mtx,70656,long-chain-aware-drop,0.02,0.018566713050552252,0.001,-1,1,1,164143,2804,8840714,8676571,1056,1057,68977,68976,1,336,336,1367,1368,1,1.4153079710144928e-05,0.0007622824606385542,7.622824606385542e-06,63082,62771,-311,-0.004401607789855072,27499,27238,261,592,593,593,1,6.092248831811286e-06,335,335,335,0,0.0,0,0,0,0,0.0,41,41,0,16,16,0,0,0,0,0.008378623188405798,0.008392776268115942,0.008392776268115942,1.4153079710144123e-05,0.0007622824606385108,7.622824606385108e-06,0.004741281702898551,0.004741281702898551,0.004741281702898551,0.0,0.0,0.0,0.0,0.0,0.0,0.0,0.0,0.0,4.068452380952381,4.071428571428571,14.439024390243903,14.463414634146341,20.9375,20.9375,0.0,0.0,1262,1263,1,7.622824606385542e-06,25,25,41,41,16,16,0,0,6.092248831811286e-06
CFD,41,16,0,1.251233299365942,ok,,cfd1,factor-l,/home/scan_SpTRSV/data/factors/spcg/cfd1/spcg_spilu_l_cfd1_fill10_drop0.0001_permccolamd_sp0.mtx,70656,long-chain-aware-drop,0.02,1.1311303589280233e-07,0.01,1,1,1,1,1,8840714,8840713,1056,1057,68977,68976,1,336,336,1367,1368,1,1.4153079710144928e-05,125.1233299365942,1.251233299365942,63082,63083,1,1.4153079710144928e-05,27499,27499,0,592,593,593,1,1.0,335,335,335,0,0.0,0,0,0,0,0.0,41,41,0,16,16,0,0,0,0,0.008378623188405798,0.008392776268115942,0.008392776268115942,1.4153079710144123e-05,125.12332993658708,1.2512332993658708,0.004741281702898551,0.004741281702898551,0.004741281702898551,0.0,0.0,0.0,0.0,0.0,0.0,0.0,0.0,0.0,4.068452380952381,4.071428571428571,14.439024390243903,14.463414634146341,20.9375,20.9375,0.0,0.0,1262,1263,1,1.251233299365942,25,25,41,41,16,16,0,0,1.0
CFD,41,16,0,7.076551061374902e-06,ok,,cfd1,factor-l,/home/scan_SpTRSV/data/factors/spcg/cfd1/spcg_spilu_l_cfd1_fill10_drop0.0001_permccolamd_sp0.mtx,70656,long-chain-aware-drop,0.02,0.01999996832834995,0.01,-1,1,1,176814,1865,8840714,8663900,1056,1057,68977,68976,1,336,336,1367,1368,1,1.4153079710144928e-05,0.0007076551061374902,7.076551061374902e-06,63082,62695,-387,-0.005477241847826087,27499,27191,308,592,593,593,1,5.655660750845521e-06,335,335,335,0,0.0,0,0,0,0,0.0,41,41,0,16,16,0,0,0,0,0.008378623188405798,0.008392776268115942,0.008392776268115942,1.4153079710144123e-05,0.00070765510613745,7.0765510613745e-06,0.004741281702898551,0.004741281702898551,0.004741281702898551,0.0,0.0,0.0,0.0,0.0,0.0,0.0,0.0,0.0,4.068452380952381,4.071428571428571,14.439024390243903,14.463414634146341,20.9375,20.9375,0.0,0.0,1262,1263,1,7.076551061374902e-06,25,25,41,41,16,16,0,0,5.655660750845521e-06
CFD,41,16,0,0.0,ok,,cfd1,factor-l,/home/scan_SpTRSV/data/factors/spcg/cfd1/spcg_spilu_l_cfd1_fill10_drop0.0001_permccolamd_sp0.mtx,70656,long-chain-aware-drop,0.05,0.0,0.0001,1,1,1,0,0,8840714,8840714,1056,1056,68977,68977,0,336,336,1367,1367,0,0.0,0.0,0.0,63082,63082,0,0.0,27499,27499,0,592,592,592,0,0.0,335,335,335,0,0.0,0,0,0,0,0.0,41,41,0,16,16,0,0,0,0,0.008378623188405798,0.008378623188405798,0.008378623188405798,0.0,0.0,0.0,0.004741281702898551,0.004741281702898551,0.004741281702898551,0.0,0.0,0.0,0.0,0.0,0.0,0.0,0.0,0.0,4.068452380952381,4.068452380952381,14.439024390243903,14.439024390243903,20.9375,20.9375,0.0,0.0,1262,1262,0,0.0,25,25,41,41,16,16,0,0,0.0
CFD,41,16,0,0.0,ok,,cfd1,factor-l,/home/scan_SpTRSV/data/factors/spcg/cfd1/spcg_spilu_l_cfd1_fill10_drop0.0001_permccolamd_sp0.mtx,70656,long-chain-aware-drop,0.05,0.008189610024710674,0.0001,-1,1,1,72402,2048,8840714,8768312,1056,1056,68977,68977,0,336,336,1367,1367,0,0.0,0.0,0.0,63082,62879,-203,-0.0028730751811594205,27499,27356,143,592,592,592,0,0.0,335,335,335,0,0.0,0,0,0,0,0.0,41,41,0,16,16,0,0,0,0,0.008378623188405798,0.008378623188405798,0.008378623188405798,0.0,0.0,0.0,0.004741281702898551,0.004741281702898551,0.004741281702898551,0.0,0.0,0.0,0.0,0.0,0.0,0.0,0.0,0.0,4.068452380952381,4.068452380952381,14.439024390243903,14.439024390243903,20.9375,20.9375,0.0,0.0,1262,1262,0,0.0,25,25,41,41,16,16,0,0,0.0
CFD,41,16,0,1.251233299365942,ok,,cfd1,factor-l,/home/scan_SpTRSV/data/factors/spcg/cfd1/spcg_spilu_l_cfd1_fill10_drop0.0001_permccolamd_sp0.mtx,70656,long-chain-aware-drop,0.05,1.1311303589280233e-07,0.001,1,1,1,1,1,8840714,8840713,1056,1057,68977,68976,1,336,336,1367,1368,1,1.4153079710144928e-05,125.1233299365942,1.251233299365942,63082,63083,1,1.4153079710144928e-05,27499,27499,0,592,593,593,1,1.0,335,335,335,0,0.0,0,0,0,0,0.0,41,41,0,16,16,0,0,0,0,0.008378623188405798,0.008392776268115942,0.008392776268115942,1.4153079710144123e-05,125.12332993658708,1.2512332993658708,0.004741281702898551,0.004741281702898551,0.004741281702898551,0.0,0.0,0.0,0.0,0.0,0.0,0.0,0.0,0.0,4.068452380952381,4.071428571428571,14.439024390243903,14.463414634146341,20.9375,20.9375,0.0,0.0,1262,1263,1,1.251233299365942,25,25,41,41,16,16,0,0,1.0
CFD,41,16,0,7.622824606385542e-06,ok,,cfd1,factor-l,/home/scan_SpTRSV/data/factors/spcg/cfd1/spcg_spilu_l_cfd1_fill10_drop0.0001_permccolamd_sp0.mtx,70656,long-chain-aware-drop,0.05,0.018566713050552252,0.001,-1,1,1,164143,2804,8840714,8676571,1056,1057,68977,68976,1,336,336,1367,1368,1,1.4153079710144928e-05,0.0007622824606385542,7.622824606385542e-06,63082,62771,-311,-0.004401607789855072,27499,27238,261,592,593,593,1,6.092248831811286e-06,335,335,335,0,0.0,0,0,0,0,0.0,41,41,0,16,16,0,0,0,0,0.008378623188405798,0.008392776268115942,0.008392776268115942,1.4153079710144123e-05,0.0007622824606385108,7.622824606385108e-06,0.004741281702898551,0.004741281702898551,0.004741281702898551,0.0,0.0,0.0,0.0,0.0,0.0,0.0,0.0,0.0,4.068452380952381,4.071428571428571,14.439024390243903,14.463414634146341,20.9375,20.9375,0.0,0.0,1262,1263,1,7.622824606385542e-06,25,25,41,41,16,16,0,0,6.092248831811286e-06
CFD,41,16,0,1.251233299365942,ok,,cfd1,factor-l,/home/scan_SpTRSV/data/factors/spcg/cfd1/spcg_spilu_l_cfd1_fill10_drop0.0001_permccolamd_sp0.mtx,70656,long-chain-aware-drop,0.05,1.1311303589280233e-07,0.01,1,1,1,1,1,8840714,8840713,1056,1057,68977,68976,1,336,336,1367,1368,1,1.4153079710144928e-05,125.1233299365942,1.251233299365942,63082,63083,1,1.4153079710144928e-05,27499,27499,0,592,593,593,1,1.0,335,335,335,0,0.0,0,0,0,0,0.0,41,41,0,16,16,0,0,0,0,0.008378623188405798,0.008392776268115942,0.008392776268115942,1.4153079710144123e-05,125.12332993658708,1.2512332993658708,0.004741281702898551,0.004741281702898551,0.004741281702898551,0.0,0.0,0.0,0.0,0.0,0.0,0.0,0.0,0.0,4.068452380952381,4.071428571428571,14.439024390243903,14.463414634146341,20.9375,20.9375,0.0,0.0,1262,1263,1,1.251233299365942,25,25,41,41,16,16,0,0,1.0
CFD,41,16,0,4.74011258742927e-06,ok,,cfd1,factor-l,/home/scan_SpTRSV/data/factors/spcg/cfd1/spcg_spilu_l_cfd1_fill10_drop0.0001_permccolamd_sp0.mtx,70656,long-chain-aware-drop,0.05,0.029858108745515352,0.01,-1,1,1,263967,2971,8840714,8576747,1056,1057,68977,68976,1,336,336,1367,1368,1,1.4153079710144928e-05,0.00047401125874292697,4.74011258742927e-06,63082,62357,-725,-0.010260982789855072,27499,26908,591,592,593,593,1,3.788352331920278e-06,335,335,335,0,0.0,0,0,0,0,0.0,41,41,0,16,16,0,0,0,0,0.008378623188405798,0.008392776268115942,0.008392776268115942,1.4153079710144123e-05,0.00047401125874290003,4.740112587429e-06,0.004741281702898551,0.004741281702898551,0.004741281702898551,0.0,0.0,0.0,0.0,0.0,0.0,0.0,0.0,0.0,4.068452380952381,4.071428571428571,14.439024390243903,14.463414634146341,20.9375,20.9375,0.0,0.0,1262,1263,1,4.74011258742927e-06,25,25,41,41,16,16,0,0,3.788352331920278e-06
CFD,41,16,0,0.0,ok,,cfd1,factor-l,/home/scan_SpTRSV/data/factors/spcg/cfd1/spcg_spilu_l_cfd1_fill10_drop0.0001_permccolamd_sp0.mtx,70656,long-chain-aware-drop,0.1,0.0,0.0001,1,1,1,0,0,8840714,8840714,1056,1056,68977,68977,0,336,336,1367,1367,0,0.0,0.0,0.0,63082,63082,0,0.0,27499,27499,0,592,592,592,0,0.0,335,335,335,0,0.0,0,0,0,0,0.0,41,41,0,16,16,0,0,0,0,0.008378623188405798,0.008378623188405798,0.008378623188405798,0.0,0.0,0.0,0.004741281702898551,0.004741281702898551,0.004741281702898551,0.0,0.0,0.0,0.0,0.0,0.0,0.0,0.0,0.0,4.068452380952381,4.068452380952381,14.439024390243903,14.439024390243903,20.9375,20.9375,0.0,0.0,1262,1262,0,0.0,25,25,41,41,16,16,0,0,0.0
CFD,41,16,0,0.0,ok,,cfd1,factor-l,/home/scan_SpTRSV/data/factors/spcg/cfd1/spcg_spilu_l_cfd1_fill10_drop0.0001_permccolamd_sp0.mtx,70656,long-chain-aware-drop,0.1,0.008189610024710674,0.0001,-1,1,1,72402,2048,8840714,8768312,1056,1056,68977,68977,0,336,336,1367,1367,0,0.0,0.0,0.0,63082,62879,-203,-0.0028730751811594205,27499,27356,143,592,592,592,0,0.0,335,335,335,0,0.0,0,0,0,0,0.0,41,41,0,16,16,0,0,0,0,0.008378623188405798,0.008378623188405798,0.008378623188405798,0.0,0.0,0.0,0.004741281702898551,0.004741281702898551,0.004741281702898551,0.0,0.0,0.0,0.0,0.0,0.0,0.0,0.0,0.0,4.068452380952381,4.068452380952381,14.439024390243903,14.439024390243903,20.9375,20.9375,0.0,0.0,1262,1262,0,0.0,25,25,41,41,16,16,0,0,0.0
CFD,41,16,0,1.251233299365942,ok,,cfd1,factor-l,/home/scan_SpTRSV/data/factors/spcg/cfd1/spcg_spilu_l_cfd1_fill10_drop0.0001_permccolamd_sp0.mtx,70656,long-chain-aware-drop,0.1,1.1311303589280233e-07,0.001,1,1,1,1,1,8840714,8840713,1056,1057,68977,68976,1,336,336,1367,1368,1,1.4153079710144928e-05,125.1233299365942,1.251233299365942,63082,63083,1,1.4153079710144928e-05,27499,27499,0,592,593,593,1,1.0,335,335,335,0,0.0,0,0,0,0,0.0,41,41,0,16,16,0,0,0,0,0.008378623188405798,0.008392776268115942,0.008392776268115942,1.4153079710144123e-05,125.12332993658708,1.2512332993658708,0.004741281702898551,0.004741281702898551,0.004741281702898551,0.0,0.0,0.0,0.0,0.0,0.0,0.0,0.0,0.0,4.068452380952381,4.071428571428571,14.439024390243903,14.463414634146341,20.9375,20.9375,0.0,0.0,1262,1263,1,1.251233299365942,25,25,41,41,16,16,0,0,1.0
CFD,41,16,0,7.622824606385542e-06,ok,,cfd1,factor-l,/home/scan_SpTRSV/data/factors/spcg/cfd1/spcg_spilu_l_cfd1_fill10_drop0.0001_permccolamd_sp0.mtx,70656,long-chain-aware-drop,0.1,0.018566713050552252,0.001,-1,1,1,164143,2804,8840714,8676571,1056,1057,68977,68976,1,336,336,1367,1368,1,1.4153079710144928e-05,0.0007622824606385542,7.622824606385542e-06,63082,62771,-311,-0.004401607789855072,27499,27238,261,592,593,593,1,6.092248831811286e-06,335,335,335,0,0.0,0,0,0,0,0.0,41,41,0,16,16,0,0,0,0,0.008378623188405798,0.008392776268115942,0.008392776268115942,1.4153079710144123e-05,0.0007622824606385108,7.622824606385108e-06,0.004741281702898551,0.004741281702898551,0.004741281702898551,0.0,0.0,0.0,0.0,0.0,0.0,0.0,0.0,0.0,4.068452380952381,4.071428571428571,14.439024390243903,14.463414634146341,20.9375,20.9375,0.0,0.0,1262,1263,1,7.622824606385542e-06,25,25,41,41,16,16,0,0,6.092248831811286e-06
CFD,41,16,0,1.251233299365942,ok,,cfd1,factor-l,/home/scan_SpTRSV/data/factors/spcg/cfd1/spcg_spilu_l_cfd1_fill10_drop0.0001_permccolamd_sp0.mtx,70656,long-chain-aware-drop,0.1,1.1311303589280233e-07,0.01,1,1,1,1,1,8840714,8840713,1056,1057,68977,68976,1,336,336,1367,1368,1,1.4153079710144928e-05,125.1233299365942,1.251233299365942,63082,63083,1,1.4153079710144928e-05,27499,27499,0,592,593,593,1,1.0,335,335,335,0,0.0,0,0,0,0,0.0,41,41,0,16,16,0,0,0,0,0.008378623188405798,0.008392776268115942,0.008392776268115942,1.4153079710144123e-05,125.12332993658708,1.2512332993658708,0.004741281702898551,0.004741281702898551,0.004741281702898551,0.0,0.0,0.0,0.0,0.0,0.0,0.0,0.0,0.0,4.068452380952381,4.071428571428571,14.439024390243903,14.463414634146341,20.9375,20.9375,0.0,0.0,1262,1263,1,1.251233299365942,25,25,41,41,16,16,0,0,1.0
CFD,41,16,0,4.74011258742927e-06,ok,,cfd1,factor-l,/home/scan_SpTRSV/data/factors/spcg/cfd1/spcg_spilu_l_cfd1_fill10_drop0.0001_permccolamd_sp0.mtx,70656,long-chain-aware-drop,0.1,0.029858108745515352,0.01,-1,1,1,263967,2971,8840714,8576747,1056,1057,68977,68976,1,336,336,1367,1368,1,1.4153079710144928e-05,0.00047401125874292697,4.74011258742927e-06,63082,62357,-725,-0.010260982789855072,27499,26908,591,592,593,593,1,3.788352331920278e-06,335,335,335,0,0.0,0,0,0,0,0.0,41,41,0,16,16,0,0,0,0,0.008378623188405798,0.008392776268115942,0.008392776268115942,1.4153079710144123e-05,0.00047401125874290003,4.740112587429e-06,0.004741281702898551,0.004741281702898551,0.004741281702898551,0.0,0.0,0.0,0.0,0.0,0.0,0.0,0.0,0.0,4.068452380952381,4.071428571428571,14.439024390243903,14.463414634146341,20.9375,20.9375,0.0,0.0,1262,1263,1,4.74011258742927e-06,25,25,41,41,16,16,0,0,3.788352331920278e-06
CFD,59,24,0,0.0,ok,,cfd2,factor-l,/home/scan_SpTRSV/data/factors/spcg/cfd2/spcg_spilu_l_cfd2_fill10_drop0.0001_permccolamd_sp0.mtx,123440,no-drop,0.0,0.0,,0,1,1,0,0,14970022,14970022,1497,1497,121031,121031,0,537,537,1974,1974,0,0.0,0.0,0.0,108451,108451,0,0.0,46700,46700,0,823,823,823,0,0.0,484,484,484,0,0.0,0,0,0,0,0.0,59,59,0,24,24,0,0,0,0,0.006667206740116656,0.006667206740116656,0.006667206740116656,0.0,0.0,0.0,0.003920933246921581,0.003920933246921581,0.003920933246921581,0.0,0.0,0.0,0.0,0.0,0.0,0.0,0.0,0.0,3.6759776536312847,3.6759776536312847,13.94915254237288,13.94915254237288,20.166666666666668,20.166666666666668,0.0,0.0,1791,1791,0,0.0,21,21,59,59,24,24,0,0,0.0
CFD,63,24,0,0.0006358457695702353,ok,,cfd2,factor-l,/home/scan_SpTRSV/data/factors/spcg/cfd2/spcg_spilu_l_cfd2_fill10_drop0.0001_permccolamd_sp0.mtx,123440,magnitude-drop,0.01,0.004077014716478039,0.0001,1,1,1,61033,61033,14970022,14908989,1497,1529,121031,120999,32,537,543,1974,2012,38,0.00030784186649384314,0.07550668513646543,0.0007550668513646543,108451,107830,-621,-0.005030784186649384,46700,46248,452,823,855,855,32,0.000524306522700834,484,484,484,0,0.0,0,0,0,0,0.0,59,63,4,24,24,0,0,0,0,0.006667206740116656,0.006926441996111471,0.006926441996111471,0.00025923525599481564,0.0635845769570236,0.0006358457695702361,0.003920933246921581,0.003920933246921581,0.003920933246921581,0.0,0.0,0.0,0.0,0.0,0.0,0.0,0.0,0.0,3.6759776536312847,3.705340699815838,13.94915254237288,13.571428571428571,20.166666666666668,20.166666666666668,0.0,0.0,1791,1823,32,0.0006358457695702353,21,21,59,63,24,24,0,0,0.0006226139957072403
CFD,59,24,0,0.0,ok,,cfd2,factor-l,/home/scan_SpTRSV/data/factors/spcg/cfd2/spcg_spilu_l_cfd2_fill10_drop0.0001_permccolamd_sp0.mtx,123440,magnitude-drop,0.01,0.009999985303962813,0.0001,-1,1,1,149700,25508,14970022,14820322,1497,1506,121031,121022,9,537,538,1974,1983,9,7.29099157485418e-05,0.007291002289738259,7.291002289738259e-05,108451,107942,-509,-0.00412346079066753,46700,46289,411,823,823,823,0,0.0,484,484,484,0,0.0,0,0,0,0,0.0,59,59,0,24,24,0,0,0,0,0.006667206740116656,0.006667206740116656,0.006667206740116656,0.0,0.0,0.0,0.003920933246921581,0.003920933246921581,0.003920933246921581,0.0,0.0,0.0,0.0,0.0,0.0,0.0,0.0,0.0,3.6759776536312847,3.6858736059479553,13.94915254237288,13.94915254237288,20.166666666666668,20.166666666666668,0.0,0.0,1791,1791,0,0.0,21,21,59,59,24,24,0,0,6.0120240480961926e-05
CFD,63,24,0,0.00039569479529742577,ok,,cfd2,factor-l,/home/scan_SpTRSV/data/factors/spcg/cfd2/spcg_spilu_l_cfd2_fill10_drop0.0001_permccolamd_sp0.mtx,123440,magnitude-drop,0.01,0.007165587331802184,0.001,1,1,1,107269,107269,14970022,14862753,1497,1570,121031,120958,73,537,551,1974,2049,75,0.0006075826312378483,0.08479174184944836,0.0008479174184944838,108451,107339,-1112,-0.009008425145819832,46700,45539,1161,823,858,858,35,0.0003262825233758122,484,484,484,0,0.0,0,0,0,0,0.0,59,63,4,24,24,0,0,0,0,0.006667206740116656,0.006950745301360985,0.006950745301360985,0.0002835385612443295,0.039569479529742616,0.00039569479529742615,0.003920933246921581,0.003920933246921581,0.003920933246921581,0.0,0.0,0.0,0.0,0.0,0.0,0.0,0.0,0.0,3.6759776536312847,3.7186932849364793,13.94915254237288,13.619047619047619,20.166666666666668,20.166666666666668,0.0,0.0,1791,1826,35,0.00039569479529742577,21,21,59,63,24,24,0,0,0.0006991768358053119
CFD,59,24,0,0.0,ok,,cfd2,factor-l,/home/scan_SpTRSV/data/factors/spcg/cfd2/spcg_spilu_l_cfd2_fill10_drop0.0001_permccolamd_sp0.mtx,123440,magnitude-drop,0.01,0.009999985303962813,0.001,-1,1,1,149700,25508,14970022,14820322,1497,1506,121031,121022,9,537,538,1974,1983,9,7.29099157485418e-05,0.007291002289738259,7.291002289738259e-05,108451,107942,-509,-0.00412346079066753,46700,46289,411,823,823,823,0,0.0,484,484,484,0,0.0,0,0,0,0,0.0,59,59,0,24,24,0,0,0,0,0.006667206740116656,0.006667206740116656,0.006667206740116656,0.0,0.0,0.0,0.003920933246921581,0.003920933246921581,0.003920933246921581,0.0,0.0,0.0,0.0,0.0,0.0,0.0,0.0,0.0,3.6759776536312847,3.6858736059479553,13.94915254237288,13.94915254237288,20.166666666666668,20.166666666666668,0.0,0.0,1791,1791,0,0.0,21,21,59,59,24,24,0,0,6.0120240480961926e-05
CFD,66,24,0,0.0006428501002879038,ok,,cfd2,factor-l,/home/scan_SpTRSV/data/factors/spcg/cfd2/spcg_spilu_l_cfd2_fill10_drop0.0001_permccolamd_sp0.mtx,123440,magnitude-drop,0.01,0.00781314817039013,0.01,1,1,1,116963,116963,14970022,14853059,1497,1685,121031,120843,188,537,522,1974,2035,61,0.0004941672067401167,0.06324815502832601,0.0006324815502832601,108451,106629,-1822,-0.014760207388204796,46700,44972,1728,823,885,885,62,0.0005300821627352239,484,484,484,0,0.0,0,0,0,0,0.0,59,66,7,24,24,0,0,0,0,0.006667206740116656,0.007169475048606611,0.007169475048606611,0.0005022683084899551,0.06428501002879043,0.0006428501002879043,0.003920933246921581,0.003920933246921581,0.003920933246921581,0.0,0.0,0.0,0.0,0.0,0.0,0.0,0.0,0.0,3.6759776536312847,3.8984674329501914,13.94915254237288,13.409090909090908,20.166666666666668,20.166666666666668,0.0,0.0,1791,1853,62,0.0006428501002879038,21,21,59,66,24,24,0,0,0.000521532450433043
CFD,59,24,0,0.0,ok,,cfd2,factor-l,/home/scan_SpTRSV/data/factors/spcg/cfd2/spcg_spilu_l_cfd2_fill10_drop0.0001_permccolamd_sp0.mtx,123440,magnitude-drop,0.01,0.009999985303962813,0.01,-1,1,1,149700,25508,14970022,14820322,1497,1506,121031,121022,9,537,538,1974,1983,9,7.29099157485418e-05,0.007291002289738259,7.291002289738259e-05,108451,107942,-509,-0.00412346079066753,46700,46289,411,823,823,823,0,0.0,484,484,484,0,0.0,0,0,0,0,0.0,59,59,0,24,24,0,0,0,0,0.006667206740116656,0.006667206740116656,0.006667206740116656,0.0,0.0,0.0,0.003920933246921581,0.003920933246921581,0.003920933246921581,0.0,0.0,0.0,0.0,0.0,0.0,0.0,0.0,0.0,3.6759776536312847,3.6858736059479553,13.94915254237288,13.94915254237288,20.166666666666668,20.166666666666668,0.0,0.0,1791,1791,0,0.0,21,21,59,59,24,24,0,0,6.0120240480961926e-05
CFD,63,24,0,0.0006358457695702353,ok,,cfd2,factor-l,/home/scan_SpTRSV/data/factors/spcg/cfd2/spcg_spilu_l_cfd2_fill10_drop0.0001_permccolamd_sp0.mtx,123440,magnitude-drop,0.02,0.004077014716478039,0.0001,1,1,1,61033,61033,14970022,14908989,1497,1529,121031,120999,32,537,543,1974,2012,38,0.00030784186649384314,0.07550668513646543,0.0007550668513646543,108451,107830,-621,-0.005030784186649384,46700,46248,452,823,855,855,32,0.000524306522700834,484,484,484,0,0.0,0,0,0,0,0.0,59,63,4,24,24,0,0,0,0,0.006667206740116656,0.006926441996111471,0.006926441996111471,0.00025923525599481564,0.0635845769570236,0.0006358457695702361,0.003920933246921581,0.003920933246921581,0.003920933246921581,0.0,0.0,0.0,0.0,0.0,0.0,0.0,0.0,0.0,3.6759776536312847,3.705340699815838,13.94915254237288,13.571428571428571,20.166666666666668,20.166666666666668,0.0,0.0,1791,1823,32,0.0006358457695702353,21,21,59,63,24,24,0,0,0.0006226139957072403
CFD,59,24,0,0.0,ok,,cfd2,factor-l,/home/scan_SpTRSV/data/factors/spcg/cfd2/spcg_spilu_l_cfd2_fill10_drop0.0001_permccolamd_sp0.mtx,123440,magnitude-drop,0.02,0.019999970607925625,0.0001,-1,1,1,299400,38548,14970022,14670622,1497,1513,121031,121015,16,537,541,1974,1993,19,0.00015392093324692157,0.007696057972501494,7.696057972501495e-05,108451,107625,-826,-0.0066915100453661695,46700,46111,589,823,823,823,0,0.0,484,484,484,0,0.0,0,0,0,0,0.0,59,59,0,24,24,0,0,0,0,0.006667206740116656,0.006667206740116656,0.006667206740116656,0.0,0.0,0.0,0.003920933246921581,0.003920933246921581,0.003920933246921581,0.0,0.0,0.0,0.0,0.0,0.0,0.0,0.0,0.0,3.6759776536312847,3.6839186691312387,13.94915254237288,13.94915254237288,20.166666666666668,20.166666666666668,0.0,0.0,1791,1791,0,0.0,21,21,59,59,24,24,0,0,6.346025384101537e-05
CFD,63,24,0,0.00039569479529742577,ok,,cfd2,factor-l,/home/scan_SpTRSV/data/factors/spcg/cfd2/spcg_spilu_l_cfd2_fill10_drop0.0001_permccolamd_sp0.mtx,123440,magnitude-drop,0.02,0.007165587331802184,0.001,1,1,1,107269,107269,14970022,14862753,1497,1570,121031,120958,73,537,551,1974,2049,75,0.0006075826312378483,0.08479174184944836,0.0008479174184944838,108451,107339,-1112,-0.009008425145819832,46700,45539,1161,823,858,858,35,0.0003262825233758122,484,484,484,0,0.0,0,0,0,0,0.0,59,63,4,24,24,0,0,0,0,0.006667206740116656,0.006950745301360985,0.006950745301360985,0.0002835385612443295,0.039569479529742616,0.00039569479529742615,0.003920933246921581,0.003920933246921581,0.003920933246921581,0.0,0.0,0.0,0.0,0.0,0.0,0.0,0.0,0.0,3.6759776536312847,3.7186932849364793,13.94915254237288,13.619047619047619,20.166666666666668,20.166666666666668,0.0,0.0,1791,1826,35,0.00039569479529742577,21,21,59,63,24,24,0,0,0.0006991768358053119
CFD,59,24,0,0.0,ok,,cfd2,factor-l,/home/scan_SpTRSV/data/factors/spcg/cfd2/spcg_spilu_l_cfd2_fill10_drop0.0001_permccolamd_sp0.mtx,123440,magnitude-drop,0.02,0.019999970607925625,0.001,-1,1,1,299400,38548,14970022,14670622,1497,1513,121031,121015,16,537,541,1974,1993,19,0.00015392093324692157,0.007696057972501494,7.696057972501495e-05,108451,107625,-826,-0.0066915100453661695,46700,46111,589,823,823,823,0,0.0,484,484,484,0,0.0,0,0,0,0,0.0,59,59,0,24,24,0,0,0,0,0.006667206740116656,0.006667206740116656,0.006667206740116656,0.0,0.0,0.0,0.003920933246921581,0.003920933246921581,0.003920933246921581,0.0,0.0,0.0,0.0,0.0,0.0,0.0,0.0,0.0,3.6759776536312847,3.6839186691312387,13.94915254237288,13.94915254237288,20.166666666666668,20.166666666666668,0.0,0.0,1791,1791,0,0.0,21,21,59,59,24,24,0,0,6.346025384101537e-05
CFD,66,24,0,0.0006428501002879038,ok,,cfd2,factor-l,/home/scan_SpTRSV/data/factors/spcg/cfd2/spcg_spilu_l_cfd2_fill10_drop0.0001_permccolamd_sp0.mtx,123440,magnitude-drop,0.02,0.00781314817039013,0.01,1,1,1,116963,116963,14970022,14853059,1497,1685,121031,120843,188,537,522,1974,2035,61,0.0004941672067401167,0.06324815502832601,0.0006324815502832601,108451,106629,-1822,-0.014760207388204796,46700,44972,1728,823,885,885,62,0.0005300821627352239,484,484,484,0,0.0,0,0,0,0,0.0,59,66,7,24,24,0,0,0,0,0.006667206740116656,0.007169475048606611,0.007169475048606611,0.0005022683084899551,0.06428501002879043,0.0006428501002879043,0.003920933246921581,0.003920933246921581,0.003920933246921581,0.0,0.0,0.0,0.0,0.0,0.0,0.0,0.0,0.0,3.6759776536312847,3.8984674329501914,13.94915254237288,13.409090909090908,20.166666666666668,20.166666666666668,0.0,0.0,1791,1853,62,0.0006428501002879038,21,21,59,66,24,24,0,0,0.000521532450433043
CFD,59,24,0,0.0,ok,,cfd2,factor-l,/home/scan_SpTRSV/data/factors/spcg/cfd2/spcg_spilu_l_cfd2_fill10_drop0.0001_permccolamd_sp0.mtx,123440,magnitude-drop,0.02,0.019999970607925625,0.01,-1,1,1,299400,38548,14970022,14670622,1497,1513,121031,121015,16,537,541,1974,1993,19,0.00015392093324692157,0.007696057972501494,7.696057972501495e-05,108451,107625,-826,-0.0066915100453661695,46700,46111,589,823,823,823,0,0.0,484,484,484,0,0.0,0,0,0,0,0.0,59,59,0,24,24,0,0,0,0,0.006667206740116656,0.006667206740116656,0.006667206740116656,0.0,0.0,0.0,0.003920933246921581,0.003920933246921581,0.003920933246921581,0.0,0.0,0.0,0.0,0.0,0.0,0.0,0.0,0.0,3.6759776536312847,3.6839186691312387,13.94915254237288,13.94915254237288,20.166666666666668,20.166666666666668,0.0,0.0,1791,1791,0,0.0,21,21,59,59,24,24,0,0,6.346025384101537e-05
CFD,63,24,0,0.0006358457695702353,ok,,cfd2,factor-l,/home/scan_SpTRSV/data/factors/spcg/cfd2/spcg_spilu_l_cfd2_fill10_drop0.0001_permccolamd_sp0.mtx,123440,magnitude-drop,0.05,0.004077014716478039,0.0001,1,1,1,61033,61033,14970022,14908989,1497,1529,121031,120999,32,537,543,1974,2012,38,0.00030784186649384314,0.07550668513646543,0.0007550668513646543,108451,107830,-621,-0.005030784186649384,46700,46248,452,823,855,855,32,0.000524306522700834,484,484,484,0,0.0,0,0,0,0,0.0,59,63,4,24,24,0,0,0,0,0.006667206740116656,0.006926441996111471,0.006926441996111471,0.00025923525599481564,0.0635845769570236,0.0006358457695702361,0.003920933246921581,0.003920933246921581,0.003920933246921581,0.0,0.0,0.0,0.0,0.0,0.0,0.0,0.0,0.0,3.6759776536312847,3.705340699815838,13.94915254237288,13.571428571428571,20.166666666666668,20.166666666666668,0.0,0.0,1791,1823,32,0.0006358457695702353,21,21,59,63,24,24,0,0,0.0006226139957072403
CFD,60,24,0,1.2961764531436889e-05,ok,,cfd2,factor-l,/home/scan_SpTRSV/data/factors/spcg/cfd2/spcg_spilu_l_cfd2_fill10_drop0.0001_permccolamd_sp0.mtx,123440,magnitude-drop,0.05,0.049999993319983095,0.0001,-1,1,1,748501,51305,14970022,14221521,1497,1520,121031,121008,23,537,544,1974,2003,29,0.00023493195074530135,0.0046986396426458715,4.698639642645872e-05,108451,106955,-1496,-0.012119248217757615,46700,45647,1053,823,831,831,8,1.0688028472907852e-05,484,484,484,0,0.0,0,0,0,0,0.0,59,60,1,24,24,0,0,0,0,0.006667206740116656,0.0067320155541153595,0.0067320155541153595,6.480881399870391e-05,0.0012961764531436906,1.2961764531436906e-05,0.003920933246921581,0.003920933246921581,0.003920933246921581,0.0,0.0,0.0,0.0,0.0,0.0,0.0,0.0,0.0,3.6759776536312847,3.681985294117647,13.94915254237288,13.85,20.166666666666668,20.166666666666668,0.0,0.0,1791,1799,8,1.2961764531436889e-05,21,21,59,60,24,24,0,0,3.874410321429096e-05
CFD,63,24,0,0.00039569479529742577,ok,,cfd2,factor-l,/home/scan_SpTRSV/data/factors/spcg/cfd2/spcg_spilu_l_cfd2_fill10_drop0.0001_permccolamd_sp0.mtx,123440,magnitude-drop,0.05,0.007165587331802184,0.001,1,1,1,107269,107269,14970022,14862753,1497,1570,121031,120958,73,537,551,1974,2049,75,0.0006075826312378483,0.08479174184944836,0.0008479174184944838,108451,107339,-1112,-0.009008425145819832,46700,45539,1161,823,858,858,35,0.0003262825233758122,484,484,484,0,0.0,0,0,0,0,0.0,59,63,4,24,24,0,0,0,0,0.006667206740116656,0.006950745301360985,0.006950745301360985,0.0002835385612443295,0.039569479529742616,0.00039569479529742615,0.003920933246921581,0.003920933246921581,0.003920933246921581,0.0,0.0,0.0,0.0,0.0,0.0,0.0,0.0,0.0,3.6759776536312847,3.7186932849364793,13.94915254237288,13.619047619047619,20.166666666666668,20.166666666666668,0.0,0.0,1791,1826,35,0.00039569479529742577,21,21,59,63,24,24,0,0,0.0006991768358053119
CFD,60,24,0,1.2961764531436889e-05,ok,,cfd2,factor-l,/home/scan_SpTRSV/data/factors/spcg/cfd2/spcg_spilu_l_cfd2_fill10_drop0.0001_permccolamd_sp0.mtx,123440,magnitude-drop,0.05,0.049999993319983095,0.001,-1,1,1,748501,51305,14970022,14221521,1497,1520,121031,121008,23,537,544,1974,2003,29,0.00023493195074530135,0.0046986396426458715,4.698639642645872e-05,108451,106955,-1496,-0.012119248217757615,46700,45647,1053,823,831,831,8,1.0688028472907852e-05,484,484,484,0,0.0,0,0,0,0,0.0,59,60,1,24,24,0,0,0,0,0.006667206740116656,0.0067320155541153595,0.0067320155541153595,6.480881399870391e-05,0.0012961764531436906,1.2961764531436906e-05,0.003920933246921581,0.003920933246921581,0.003920933246921581,0.0,0.0,0.0,0.0,0.0,0.0,0.0,0.0,0.0,3.6759776536312847,3.681985294117647,13.94915254237288,13.85,20.166666666666668,20.166666666666668,0.0,0.0,1791,1799,8,1.2961764531436889e-05,21,21,59,60,24,24,0,0,3.874410321429096e-05
CFD,66,24,0,0.0006428501002879038,ok,,cfd2,factor-l,/home/scan_SpTRSV/data/factors/spcg/cfd2/spcg_spilu_l_cfd2_fill10_drop0.0001_permccolamd_sp0.mtx,123440,magnitude-drop,0.05,0.00781314817039013,0.01,1,1,1,116963,116963,14970022,14853059,1497,1685,121031,120843,188,537,522,1974,2035,61,0.0004941672067401167,0.06324815502832601,0.0006324815502832601,108451,106629,-1822,-0.014760207388204796,46700,44972,1728,823,885,885,62,0.0005300821627352239,484,484,484,0,0.0,0,0,0,0,0.0,59,66,7,24,24,0,0,0,0,0.006667206740116656,0.007169475048606611,0.007169475048606611,0.0005022683084899551,0.06428501002879043,0.0006428501002879043,0.003920933246921581,0.003920933246921581,0.003920933246921581,0.0,0.0,0.0,0.0,0.0,0.0,0.0,0.0,0.0,3.6759776536312847,3.8984674329501914,13.94915254237288,13.409090909090908,20.166666666666668,20.166666666666668,0.0,0.0,1791,1853,62,0.0006428501002879038,21,21,59,66,24,24,0,0,0.000521532450433043
CFD,60,24,0,1.2961764531436889e-05,ok,,cfd2,factor-l,/home/scan_SpTRSV/data/factors/spcg/cfd2/spcg_spilu_l_cfd2_fill10_drop0.0001_permccolamd_sp0.mtx,123440,magnitude-drop,0.05,0.049999993319983095,0.01,-1,1,1,748501,51305,14970022,14221521,1497,1520,121031,121008,23,537,544,1974,2003,29,0.00023493195074530135,0.0046986396426458715,4.698639642645872e-05,108451,106955,-1496,-0.012119248217757615,46700,45647,1053,823,831,831,8,1.0688028472907852e-05,484,484,484,0,0.0,0,0,0,0,0.0,59,60,1,24,24,0,0,0,0,0.006667206740116656,0.0067320155541153595,0.0067320155541153595,6.480881399870391e-05,0.0012961764531436906,1.2961764531436906e-05,0.003920933246921581,0.003920933246921581,0.003920933246921581,0.0,0.0,0.0,0.0,0.0,0.0,0.0,0.0,0.0,3.6759776536312847,3.681985294117647,13.94915254237288,13.85,20.166666666666668,20.166666666666668,0.0,0.0,1791,1799,8,1.2961764531436889e-05,21,21,59,60,24,24,0,0,3.874410321429096e-05
CFD,63,24,0,0.0006358457695702353,ok,,cfd2,factor-l,/home/scan_SpTRSV/data/factors/spcg/cfd2/spcg_spilu_l_cfd2_fill10_drop0.0001_permccolamd_sp0.mtx,123440,magnitude-drop,0.1,0.004077014716478039,0.0001,1,1,1,61033,61033,14970022,14908989,1497,1529,121031,120999,32,537,543,1974,2012,38,0.00030784186649384314,0.07550668513646543,0.0007550668513646543,108451,107830,-621,-0.005030784186649384,46700,46248,452,823,855,855,32,0.000524306522700834,484,484,484,0,0.0,0,0,0,0,0.0,59,63,4,24,24,0,0,0,0,0.006667206740116656,0.006926441996111471,0.006926441996111471,0.00025923525599481564,0.0635845769570236,0.0006358457695702361,0.003920933246921581,0.003920933246921581,0.003920933246921581,0.0,0.0,0.0,0.0,0.0,0.0,0.0,0.0,0.0,3.6759776536312847,3.705340699815838,13.94915254237288,13.571428571428571,20.166666666666668,20.166666666666668,0.0,0.0,1791,1823,32,0.0006358457695702353,21,21,59,63,24,24,0,0,0.0006226139957072403
CFD,62,24,0,1.9442646797155333e-05,ok,,cfd2,factor-l,/home/scan_SpTRSV/data/factors/spcg/cfd2/spcg_spilu_l_cfd2_fill10_drop0.0001_permccolamd_sp0.mtx,123440,magnitude-drop,0.1,0.09999998663996619,0.0001,-1,1,1,1497002,57999,14970022,13473020,1497,1527,121031,121001,30,537,545,1974,2011,37,0.0002997407647440052,0.0029974080478947806,2.9974080478947807e-05,108451,106177,-2274,-0.018421905379131562,46700,45048,1652,823,847,847,24,1.603204270936178e-05,484,484,484,0,0.0,0,0,0,0,0.0,59,62,3,24,24,0,0,0,0,0.006667206740116656,0.006861633182112767,0.006861633182112767,0.00019442644199611173,0.0019442646797155358,1.944264679715536e-05,0.003920933246921581,0.003920933246921581,0.003920933246921581,0.0,0.0,0.0,0.0,0.0,0.0,0.0,0.0,0.0,3.6759776536312847,3.689908256880734,13.94915254237288,13.661290322580646,20.166666666666668,20.166666666666668,0.0,0.0,1791,1815,24,1.9442646797155333e-05,21,21,59,62,24,24,0,0,2.4716065843599407e-05
CFD,63,24,0,0.00039569479529742577,ok,,cfd2,factor-l,/home/scan_SpTRSV/data/factors/spcg/cfd2/spcg_spilu_l_cfd2_fill10_drop0.0001_permccolamd_sp0.mtx,123440,magnitude-drop,0.1,0.007165587331802184,0.001,1,1,1,107269,107269,14970022,14862753,1497,1570,121031,120958,73,537,551,1974,2049,75,0.0006075826312378483,0.08479174184944836,0.0008479174184944838,108451,107339,-1112,-0.009008425145819832,46700,45539,1161,823,858,858,35,0.0003262825233758122,484,484,484,0,0.0,0,0,0,0,0.0,59,63,4,24,24,0,0,0,0,0.006667206740116656,0.006950745301360985,0.006950745301360985,0.0002835385612443295,0.039569479529742616,0.00039569479529742615,0.003920933246921581,0.003920933246921581,0.003920933246921581,0.0,0.0,0.0,0.0,0.0,0.0,0.0,0.0,0.0,3.6759776536312847,3.7186932849364793,13.94915254237288,13.619047619047619,20.166666666666668,20.166666666666668,0.0,0.0,1791,1826,35,0.00039569479529742577,21,21,59,63,24,24,0,0,0.0006991768358053119
CFD,62,24,0,1.9442646797155333e-05,ok,,cfd2,factor-l,/home/scan_SpTRSV/data/factors/spcg/cfd2/spcg_spilu_l_cfd2_fill10_drop0.0001_permccolamd_sp0.mtx,123440,magnitude-drop,0.1,0.09999998663996619,0.001,-1,1,1,1497002,57999,14970022,13473020,1497,1527,121031,121001,30,537,545,1974,2011,37,0.0002997407647440052,0.0029974080478947806,2.9974080478947807e-05,108451,106177,-2274,-0.018421905379131562,46700,45048,1652,823,847,847,24,1.603204270936178e-05,484,484,484,0,0.0,0,0,0,0,0.0,59,62,3,24,24,0,0,0,0,0.006667206740116656,0.006861633182112767,0.006861633182112767,0.00019442644199611173,0.0019442646797155358,1.944264679715536e-05,0.003920933246921581,0.003920933246921581,0.003920933246921581,0.0,0.0,0.0,0.0,0.0,0.0,0.0,0.0,0.0,3.6759776536312847,3.689908256880734,13.94915254237288,13.661290322580646,20.166666666666668,20.166666666666668,0.0,0.0,1791,1815,24,1.9442646797155333e-05,21,21,59,62,24,24,0,0,2.4716065843599407e-05
CFD,66,24,0,0.0006428501002879038,ok,,cfd2,factor-l,/home/scan_SpTRSV/data/factors/spcg/cfd2/spcg_spilu_l_cfd2_fill10_drop0.0001_permccolamd_sp0.mtx,123440,magnitude-drop,0.1,0.00781314817039013,0.01,1,1,1,116963,116963,14970022,14853059,1497,1685,121031,120843,188,537,522,1974,2035,61,0.0004941672067401167,0.06324815502832601,0.0006324815502832601,108451,106629,-1822,-0.014760207388204796,46700,44972,1728,823,885,885,62,0.0005300821627352239,484,484,484,0,0.0,0,0,0,0,0.0,59,66,7,24,24,0,0,0,0,0.006667206740116656,0.007169475048606611,0.007169475048606611,0.0005022683084899551,0.06428501002879043,0.0006428501002879043,0.003920933246921581,0.003920933246921581,0.003920933246921581,0.0,0.0,0.0,0.0,0.0,0.0,0.0,0.0,0.0,3.6759776536312847,3.8984674329501914,13.94915254237288,13.409090909090908,20.166666666666668,20.166666666666668,0.0,0.0,1791,1853,62,0.0006428501002879038,21,21,59,66,24,24,0,0,0.000521532450433043
CFD,62,24,0,1.9442646797155333e-05,ok,,cfd2,factor-l,/home/scan_SpTRSV/data/factors/spcg/cfd2/spcg_spilu_l_cfd2_fill10_drop0.0001_permccolamd_sp0.mtx,123440,magnitude-drop,0.1,0.09999998663996619,0.01,-1,1,1,1497002,57999,14970022,13473020,1497,1527,121031,121001,30,537,545,1974,2011,37,0.0002997407647440052,0.0029974080478947806,2.9974080478947807e-05,108451,106177,-2274,-0.018421905379131562,46700,45048,1652,823,847,847,24,1.603204270936178e-05,484,484,484,0,0.0,0,0,0,0,0.0,59,62,3,24,24,0,0,0,0,0.006667206740116656,0.006861633182112767,0.006861633182112767,0.00019442644199611173,0.0019442646797155358,1.944264679715536e-05,0.003920933246921581,0.003920933246921581,0.003920933246921581,0.0,0.0,0.0,0.0,0.0,0.0,0.0,0.0,0.0,3.6759776536312847,3.689908256880734,13.94915254237288,13.661290322580646,20.166666666666668,20.166666666666668,0.0,0.0,1791,1815,24,1.9442646797155333e-05,21,21,59,62,24,24,0,0,2.4716065843599407e-05
CFD,63,24,0,0.0006358457695702353,ok,,cfd2,factor-l,/home/scan_SpTRSV/data/factors/spcg/cfd2/spcg_spilu_l_cfd2_fill10_drop0.0001_permccolamd_sp0.mtx,123440,wavefront-oriented,0.01,0.004077014716478039,0.0001,1,1,1,61033,61033,14970022,14908989,1497,1529,121031,120999,32,537,543,1974,2012,38,0.00030784186649384314,0.07550668513646543,0.0007550668513646543,108451,105168,-3283,-0.02659591704471808,46700,44961,1739,823,855,855,32,0.000524306522700834,484,484,484,0,0.0,0,0,0,0,0.0,59,63,4,24,24,0,0,0,0,0.006667206740116656,0.006926441996111471,0.006926441996111471,0.00025923525599481564,0.0635845769570236,0.0006358457695702361,0.003920933246921581,0.003920933246921581,0.003920933246921581,0.0,0.0,0.0,0.0,0.0,0.0,0.0,0.0,0.0,3.6759776536312847,3.705340699815838,13.94915254237288,13.571428571428571,20.166666666666668,20.166666666666668,0.0,0.0,1791,1823,32,0.0006358457695702353,21,21,59,63,24,24,0,0,0.0006226139957072403
CFD,59,24,0,0.0,ok,,cfd2,factor-l,/home/scan_SpTRSV/data/factors/spcg/cfd2/spcg_spilu_l_cfd2_fill10_drop0.0001_permccolamd_sp0.mtx,123440,wavefront-oriented,0.01,0.009999985303962813,0.0001,-1,1,1,149700,10538,14970022,14820322,1497,1498,121031,121030,1,537,537,1974,1974,0,0.0,0.0,0.0,108451,106637,-1814,-0.014695398574206093,46700,45730,970,823,823,823,0,0.0,484,484,484,0,0.0,0,0,0,0,0.0,59,59,0,24,24,0,0,0,0,0.006667206740116656,0.006667206740116656,0.006667206740116656,0.0,0.0,0.0,0.003920933246921581,0.003920933246921581,0.003920933246921581,0.0,0.0,0.0,0.0,0.0,0.0,0.0,0.0,0.0,3.6759776536312847,3.6759776536312847,13.94915254237288,13.94915254237288,20.166666666666668,20.166666666666668,0.0,0.0,1791,1791,0,0.0,21,21,59,59,24,24,0,0,0.0
CFD,63,24,0,0.00039569479529742577,ok,,cfd2,factor-l,/home/scan_SpTRSV/data/factors/spcg/cfd2/spcg_spilu_l_cfd2_fill10_drop0.0001_permccolamd_sp0.mtx,123440,wavefront-oriented,0.01,0.007165587331802184,0.001,1,1,1,107269,107269,14970022,14862753,1497,1570,121031,120958,73,537,551,1974,2049,75,0.0006075826312378483,0.08479174184944836,0.0008479174184944838,108451,100932,-7519,-0.060912184057031755,46700,41549,5151,823,858,858,35,0.0003262825233758122,484,484,484,0,0.0,0,0,0,0,0.0,59,63,4,24,24,0,0,0,0,0.006667206740116656,0.006950745301360985,0.006950745301360985,0.0002835385612443295,0.039569479529742616,0.00039569479529742615,0.003920933246921581,0.003920933246921581,0.003920933246921581,0.0,0.0,0.0,0.0,0.0,0.0,0.0,0.0,0.0,3.6759776536312847,3.7186932849364793,13.94915254237288,13.619047619047619,20.166666666666668,20.166666666666668,0.0,0.0,1791,1826,35,0.00039569479529742577,21,21,59,63,24,24,0,0,0.0006991768358053119
CFD,59,24,0,0.0,ok,,cfd2,factor-l,/home/scan_SpTRSV/data/factors/spcg/cfd2/spcg_spilu_l_cfd2_fill10_drop0.0001_permccolamd_sp0.mtx,123440,wavefront-oriented,0.01,0.009999985303962813,0.001,-1,1,1,149700,8664,14970022,14820322,1497,1498,121031,121030,1,537,537,1974,1974,0,0.0,0.0,0.0,108451,106132,-2319,-0.01878645495787427,46700,45411,1289,823,823,823,0,0.0,484,484,484,0,0.0,0,0,0,0,0.0,59,59,0,24,24,0,0,0,0,0.006667206740116656,0.006667206740116656,0.006667206740116656,0.0,0.0,0.0,0.003920933246921581,0.003920933246921581,0.003920933246921581,0.0,0.0,0.0,0.0,0.0,0.0,0.0,0.0,0.0,3.6759776536312847,3.6759776536312847,13.94915254237288,13.94915254237288,20.166666666666668,20.166666666666668,0.0,0.0,1791,1791,0,0.0,21,21,59,59,24,24,0,0,0.0
CFD,66,24,0,0.0006428501002879038,ok,,cfd2,factor-l,/home/scan_SpTRSV/data/factors/spcg/cfd2/spcg_spilu_l_cfd2_fill10_drop0.0001_permccolamd_sp0.mtx,123440,wavefront-oriented,0.01,0.00781314817039013,0.01,1,1,1,116963,116963,14970022,14853059,1497,1685,121031,120843,188,537,522,1974,2035,61,0.0004941672067401167,0.06324815502832601,0.0006324815502832601,108451,88369,-20082,-0.16268632534024627,46700,33169,13531,823,885,885,62,0.0005300821627352239,484,484,484,0,0.0,0,0,0,0,0.0,59,66,7,24,24,0,0,0,0,0.006667206740116656,0.007169475048606611,0.007169475048606611,0.0005022683084899551,0.06428501002879043,0.0006428501002879043,0.003920933246921581,0.003920933246921581,0.003920933246921581,0.0,0.0,0.0,0.0,0.0,0.0,0.0,0.0,0.0,3.6759776536312847,3.8984674329501914,13.94915254237288,13.409090909090908,20.166666666666668,20.166666666666668,0.0,0.0,1791,1853,62,0.0006428501002879038,21,21,59,66,24,24,0,0,0.000521532450433043
CFD,59,24,0,0.0,ok,,cfd2,factor-l,/home/scan_SpTRSV/data/factors/spcg/cfd2/spcg_spilu_l_cfd2_fill10_drop0.0001_permccolamd_sp0.mtx,123440,wavefront-oriented,0.01,0.009999985303962813,0.01,-1,1,1,149700,8413,14970022,14820322,1497,1498,121031,121030,1,537,537,1974,1974,0,0.0,0.0,0.0,108451,104905,-3546,-0.02872650680492547,46700,44762,1938,823,823,823,0,0.0,484,484,484,0,0.0,0,0,0,0,0.0,59,59,0,24,24,0,0,0,0,0.006667206740116656,0.006667206740116656,0.006667206740116656,0.0,0.0,0.0,0.003920933246921581,0.003920933246921581,0.003920933246921581,0.0,0.0,0.0,0.0,0.0,0.0,0.0,0.0,0.0,3.6759776536312847,3.6759776536312847,13.94915254237288,13.94915254237288,20.166666666666668,20.166666666666668,0.0,0.0,1791,1791,0,0.0,21,21,59,59,24,24,0,0,0.0
CFD,63,24,0,0.0006358457695702353,ok,,cfd2,factor-l,/home/scan_SpTRSV/data/factors/spcg/cfd2/spcg_spilu_l_cfd2_fill10_drop0.0001_permccolamd_sp0.mtx,123440,wavefront-oriented,0.02,0.004077014716478039,0.0001,1,1,1,61033,61033,14970022,14908989,1497,1529,121031,120999,32,537,543,1974,2012,38,0.00030784186649384314,0.07550668513646543,0.0007550668513646543,108451,105168,-3283,-0.02659591704471808,46700,44961,1739,823,855,855,32,0.000524306522700834,484,484,484,0,0.0,0,0,0,0,0.0,59,63,4,24,24,0,0,0,0,0.006667206740116656,0.006926441996111471,0.006926441996111471,0.00025923525599481564,0.0635845769570236,0.0006358457695702361,0.003920933246921581,0.003920933246921581,0.003920933246921581,0.0,0.0,0.0,0.0,0.0,0.0,0.0,0.0,0.0,3.6759776536312847,3.705340699815838,13.94915254237288,13.571428571428571,20.166666666666668,20.166666666666668,0.0,0.0,1791,1823,32,0.0006358457695702353,21,21,59,63,24,24,0,0,0.0006226139957072403
CFD,59,24,0,0.0,ok,,cfd2,factor-l,/home/scan_SpTRSV/data/factors/spcg/cfd2/spcg_spilu_l_cfd2_fill10_drop0.0001_permccolamd_sp0.mtx,123440,wavefront-oriented,0.02,0.019999970607925625,0.0001,-1,1,1,299400,17585,14970022,14670622,1497,1498,121031,121030,1,537,537,1974,1974,0,0.0,0.0,0.0,108451,105239,-3212,-0.026020738820479585,46700,44996,1704,823,823,823,0,0.0,484,484,484,0,0.0,0,0,0,0,0.0,59,59,0,24,24,0,0,0,0,0.006667206740116656,0.006667206740116656,0.006667206740116656,0.0,0.0,0.0,0.003920933246921581,0.003920933246921581,0.003920933246921581,0.0,0.0,0.0,0.0,0.0,0.0,0.0,0.0,0.0,3.6759776536312847,3.6759776536312847,13.94915254237288,13.94915254237288,20.166666666666668,20.166666666666668,0.0,0.0,1791,1791,0,0.0,21,21,59,59,24,24,0,0,0.0
CFD,63,24,0,0.00039569479529742577,ok,,cfd2,factor-l,/home/scan_SpTRSV/data/factors/spcg/cfd2/spcg_spilu_l_cfd2_fill10_drop0.0001_permccolamd_sp0.mtx,123440,wavefront-oriented,0.02,0.007165587331802184,0.001,1,1,1,107269,107269,14970022,14862753,1497,1570,121031,120958,73,537,551,1974,2049,75,0.0006075826312378483,0.08479174184944836,0.0008479174184944838,108451,100932,-7519,-0.060912184057031755,46700,41549,5151,823,858,858,35,0.0003262825233758122,484,484,484,0,0.0,0,0,0,0,0.0,59,63,4,24,24,0,0,0,0,0.006667206740116656,0.006950745301360985,0.006950745301360985,0.0002835385612443295,0.039569479529742616,0.00039569479529742615,0.003920933246921581,0.003920933246921581,0.003920933246921581,0.0,0.0,0.0,0.0,0.0,0.0,0.0,0.0,0.0,3.6759776536312847,3.7186932849364793,13.94915254237288,13.619047619047619,20.166666666666668,20.166666666666668,0.0,0.0,1791,1826,35,0.00039569479529742577,21,21,59,63,24,24,0,0,0.0006991768358053119
CFD,59,24,0,0.0,ok,,cfd2,factor-l,/home/scan_SpTRSV/data/factors/spcg/cfd2/spcg_spilu_l_cfd2_fill10_drop0.0001_permccolamd_sp0.mtx,123440,wavefront-oriented,0.02,0.019999970607925625,0.001,-1,1,1,299400,12523,14970022,14670622,1497,1498,121031,121030,1,537,537,1974,1974,0,0.0,0.0,0.0,108451,105638,-2813,-0.022788399222294232,46700,45085,1615,823,823,823,0,0.0,484,484,484,0,0.0,0,0,0,0,0.0,59,59,0,24,24,0,0,0,0,0.006667206740116656,0.006667206740116656,0.006667206740116656,0.0,0.0,0.0,0.003920933246921581,0.003920933246921581,0.003920933246921581,0.0,0.0,0.0,0.0,0.0,0.0,0.0,0.0,0.0,3.6759776536312847,3.6759776536312847,13.94915254237288,13.94915254237288,20.166666666666668,20.166666666666668,0.0,0.0,1791,1791,0,0.0,21,21,59,59,24,24,0,0,0.0
CFD,66,24,0,0.0006428501002879038,ok,,cfd2,factor-l,/home/scan_SpTRSV/data/factors/spcg/cfd2/spcg_spilu_l_cfd2_fill10_drop0.0001_permccolamd_sp0.mtx,123440,wavefront-oriented,0.02,0.00781314817039013,0.01,1,1,1,116963,116963,14970022,14853059,1497,1685,121031,120843,188,537,522,1974,2035,61,0.0004941672067401167,0.06324815502832601,0.0006324815502832601,108451,88369,-20082,-0.16268632534024627,46700,33169,13531,823,885,885,62,0.0005300821627352239,484,484,484,0,0.0,0,0,0,0,0.0,59,66,7,24,24,0,0,0,0,0.006667206740116656,0.007169475048606611,0.007169475048606611,0.0005022683084899551,0.06428501002879043,0.0006428501002879043,0.003920933246921581,0.003920933246921581,0.003920933246921581,0.0,0.0,0.0,0.0,0.0,0.0,0.0,0.0,0.0,3.6759776536312847,3.8984674329501914,13.94915254237288,13.409090909090908,20.166666666666668,20.166666666666668,0.0,0.0,1791,1853,62,0.0006428501002879038,21,21,59,66,24,24,0,0,0.000521532450433043
CFD,59,24,0,0.0,ok,,cfd2,factor-l,/home/scan_SpTRSV/data/factors/spcg/cfd2/spcg_spilu_l_cfd2_fill10_drop0.0001_permccolamd_sp0.mtx,123440,wavefront-oriented,0.02,0.019999970607925625,0.01,-1,1,1,299400,12009,14970022,14670622,1497,1498,121031,121030,1,537,537,1974,1974,0,0.0,0.0,0.0,108451,104561,-3890,-0.03151328580686973,46700,44347,2353,823,823,823,0,0.0,484,484,484,0,0.0,0,0,0,0,0.0,59,59,0,24,24,0,0,0,0,0.006667206740116656,0.006667206740116656,0.006667206740116656,0.0,0.0,0.0,0.003920933246921581,0.003920933246921581,0.003920933246921581,0.0,0.0,0.0,0.0,0.0,0.0,0.0,0.0,0.0,3.6759776536312847,3.6759776536312847,13.94915254237288,13.94915254237288,20.166666666666668,20.166666666666668,0.0,0.0,1791,1791,0,0.0,21,21,59,59,24,24,0,0,0.0
CFD,63,24,0,0.0006358457695702353,ok,,cfd2,factor-l,/home/scan_SpTRSV/data/factors/spcg/cfd2/spcg_spilu_l_cfd2_fill10_drop0.0001_permccolamd_sp0.mtx,123440,wavefront-oriented,0.05,0.004077014716478039,0.0001,1,1,1,61033,61033,14970022,14908989,1497,1529,121031,120999,32,537,543,1974,2012,38,0.00030784186649384314,0.07550668513646543,0.0007550668513646543,108451,105168,-3283,-0.02659591704471808,46700,44961,1739,823,855,855,32,0.000524306522700834,484,484,484,0,0.0,0,0,0,0,0.0,59,63,4,24,24,0,0,0,0,0.006667206740116656,0.006926441996111471,0.006926441996111471,0.00025923525599481564,0.0635845769570236,0.0006358457695702361,0.003920933246921581,0.003920933246921581,0.003920933246921581,0.0,0.0,0.0,0.0,0.0,0.0,0.0,0.0,0.0,3.6759776536312847,3.705340699815838,13.94915254237288,13.571428571428571,20.166666666666668,20.166666666666668,0.0,0.0,1791,1823,32,0.0006358457695702353,21,21,59,63,24,24,0,0,0.0006226139957072403
CFD,63,24,0,5.1847058125747556e-05,ok,,cfd2,factor-l,/home/scan_SpTRSV/data/factors/spcg/cfd2/spcg_spilu_l_cfd2_fill10_drop0.0001_permccolamd_sp0.mtx,123440,wavefront-oriented,0.05,0.049999993319983095,0.0001,-1,1,1,748501,30632,14970022,14221521,1497,1530,121031,120998,33,537,543,1974,2012,38,0.00030784186649384314,0.006156838152432522,6.156838152432521e-05,108451,105251,-3200,-0.02592352559948153,46700,44765,1935,823,855,855,32,4.275211389163141e-05,484,484,484,0,0.0,0,0,0,0,0.0,59,63,4,24,24,0,0,0,0,0.006667206740116656,0.006926441996111471,0.006926441996111471,0.00025923525599481564,0.005184705812574762,5.1847058125747623e-05,0.003920933246921581,0.003920933246921581,0.003920933246921581,0.0,0.0,0.0,0.0,0.0,0.0,0.0,0.0,0.0,3.6759776536312847,3.705340699815838,13.94915254237288,13.571428571428571,20.166666666666668,20.166666666666668,0.0,0.0,1791,1823,32,5.1847058125747556e-05,21,21,59,63,24,24,0,0,5.07681352463123e-05
CFD,63,24,0,0.00039569479529742577,ok,,cfd2,factor-l,/home/scan_SpTRSV/data/factors/spcg/cfd2/spcg_spilu_l_cfd2_fill10_drop0.0001_permccolamd_sp0.mtx,123440,wavefront-oriented,0.05,0.007165587331802184,0.001,1,1,1,107269,107269,14970022,14862753,1497,1570,121031,120958,73,537,551,1974,2049,75,0.0006075826312378483,0.08479174184944836,0.0008479174184944838,108451,100932,-7519,-0.060912184057031755,46700,41549,5151,823,858,858,35,0.0003262825233758122,484,484,484,0,0.0,0,0,0,0,0.0,59,63,4,24,24,0,0,0,0,0.006667206740116656,0.006950745301360985,0.006950745301360985,0.0002835385612443295,0.039569479529742616,0.00039569479529742615,0.003920933246921581,0.003920933246921581,0.003920933246921581,0.0,0.0,0.0,0.0,0.0,0.0,0.0,0.0,0.0,3.6759776536312847,3.7186932849364793,13.94915254237288,13.619047619047619,20.166666666666668,20.166666666666668,0.0,0.0,1791,1826,35,0.00039569479529742577,21,21,59,63,24,24,0,0,0.0006991768358053119
CFD,59,24,0,0.0,ok,,cfd2,factor-l,/home/scan_SpTRSV/data/factors/spcg/cfd2/spcg_spilu_l_cfd2_fill10_drop0.0001_permccolamd_sp0.mtx,123440,wavefront-oriented,0.05,0.049999993319983095,0.001,-1,1,1,748501,25687,14970022,14221521,1497,1500,121031,121028,3,537,539,1974,1978,4,3.2404406999351915e-05,0.0006480882265718445,6.4808822657184445e-06,108451,100330,-8121,-0.06578904731043422,46700,41777,4923,823,823,823,0,0.0,484,484,484,0,0.0,0,0,0,0,0.0,59,59,0,24,24,0,0,0,0,0.006667206740116656,0.006667206740116656,0.006667206740116656,0.0,0.0,0.0,0.003920933246921581,0.003920933246921581,0.003920933246921581,0.0,0.0,0.0,0.0,0.0,0.0,0.0,0.0,0.0,3.6759776536312847,3.6697588126159553,13.94915254237288,13.94915254237288,20.166666666666668,20.166666666666668,0.0,0.0,1791,1791,0,0.0,21,21,59,59,24,24,0,0,5.344014236453926e-06
CFD,66,24,0,0.0006428501002879038,ok,,cfd2,factor-l,/home/scan_SpTRSV/data/factors/spcg/cfd2/spcg_spilu_l_cfd2_fill10_drop0.0001_permccolamd_sp0.mtx,123440,wavefront-oriented,0.05,0.00781314817039013,0.01,1,1,1,116963,116963,14970022,14853059,1497,1685,121031,120843,188,537,522,1974,2035,61,0.0004941672067401167,0.06324815502832601,0.0006324815502832601,108451,88369,-20082,-0.16268632534024627,46700,33169,13531,823,885,885,62,0.0005300821627352239,484,484,484,0,0.0,0,0,0,0,0.0,59,66,7,24,24,0,0,0,0,0.006667206740116656,0.007169475048606611,0.007169475048606611,0.0005022683084899551,0.06428501002879043,0.0006428501002879043,0.003920933246921581,0.003920933246921581,0.003920933246921581,0.0,0.0,0.0,0.0,0.0,0.0,0.0,0.0,0.0,3.6759776536312847,3.8984674329501914,13.94915254237288,13.409090909090908,20.166666666666668,20.166666666666668,0.0,0.0,1791,1853,62,0.0006428501002879038,21,21,59,66,24,24,0,0,0.000521532450433043
CFD,59,24,0,0.0,ok,,cfd2,factor-l,/home/scan_SpTRSV/data/factors/spcg/cfd2/spcg_spilu_l_cfd2_fill10_drop0.0001_permccolamd_sp0.mtx,123440,wavefront-oriented,0.05,0.049999993319983095,0.01,-1,1,1,748501,20230,14970022,14221521,1497,1498,121031,121030,1,537,537,1974,1974,0,0.0,0.0,0.0,108451,100819,-7632,-0.06182760855476345,46700,42129,4571,823,823,823,0,0.0,484,484,484,0,0.0,0,0,0,0,0.0,59,59,0,24,24,0,0,0,0,0.006667206740116656,0.006667206740116656,0.006667206740116656,0.0,0.0,0.0,0.003920933246921581,0.003920933246921581,0.003920933246921581,0.0,0.0,0.0,0.0,0.0,0.0,0.0,0.0,0.0,3.6759776536312847,3.6759776536312847,13.94915254237288,13.94915254237288,20.166666666666668,20.166666666666668,0.0,0.0,1791,1791,0,0.0,21,21,59,59,24,24,0,0,0.0
CFD,63,24,0,0.0006358457695702353,ok,,cfd2,factor-l,/home/scan_SpTRSV/data/factors/spcg/cfd2/spcg_spilu_l_cfd2_fill10_drop0.0001_permccolamd_sp0.mtx,123440,wavefront-oriented,0.1,0.004077014716478039,0.0001,1,1,1,61033,61033,14970022,14908989,1497,1529,121031,120999,32,537,543,1974,2012,38,0.00030784186649384314,0.07550668513646543,0.0007550668513646543,108451,105168,-3283,-0.02659591704471808,46700,44961,1739,823,855,855,32,0.000524306522700834,484,484,484,0,0.0,0,0,0,0,0.0,59,63,4,24,24,0,0,0,0,0.006667206740116656,0.006926441996111471,0.006926441996111471,0.00025923525599481564,0.0635845769570236,0.0006358457695702361,0.003920933246921581,0.003920933246921581,0.003920933246921581,0.0,0.0,0.0,0.0,0.0,0.0,0.0,0.0,0.0,3.6759776536312847,3.705340699815838,13.94915254237288,13.571428571428571,20.166666666666668,20.166666666666668,0.0,0.0,1791,1823,32,0.0006358457695702353,21,21,59,63,24,24,0,0,0.0006226139957072403
CFD,63,24,0,2.5923529062873778e-05,ok,,cfd2,factor-l,/home/scan_SpTRSV/data/factors/spcg/cfd2/spcg_spilu_l_cfd2_fill10_drop0.0001_permccolamd_sp0.mtx,123440,wavefront-oriented,0.1,0.09999998663996619,0.0001,-1,1,1,1497002,47849,14970022,13473020,1497,1531,121031,120997,34,537,544,1974,2014,40,0.0003240440699935191,0.003240441132859222,3.240441132859222e-05,108451,105465,-2986,-0.024189889825016204,46700,44670,2030,823,855,855,32,2.1376056945815705e-05,484,484,484,0,0.0,0,0,0,0,0.0,59,63,4,24,24,0,0,0,0,0.006667206740116656,0.006926441996111471,0.006926441996111471,0.00025923525599481564,0.002592352906287381,2.5923529062873812e-05,0.003920933246921581,0.003920933246921581,0.003920933246921581,0.0,0.0,0.0,0.0,0.0,0.0,0.0,0.0,0.0,3.6759776536312847,3.702205882352941,13.94915254237288,13.571428571428571,20.166666666666668,20.166666666666668,0.0,0.0,1791,1823,32,2.5923529062873778e-05,21,21,59,63,24,24,0,0,2.672007118226963e-05
CFD,63,24,0,0.00039569479529742577,ok,,cfd2,factor-l,/home/scan_SpTRSV/data/factors/spcg/cfd2/spcg_spilu_l_cfd2_fill10_drop0.0001_permccolamd_sp0.mtx,123440,wavefront-oriented,0.1,0.007165587331802184,0.001,1,1,1,107269,107269,14970022,14862753,1497,1570,121031,120958,73,537,551,1974,2049,75,0.0006075826312378483,0.08479174184944836,0.0008479174184944838,108451,100932,-7519,-0.060912184057031755,46700,41549,5151,823,858,858,35,0.0003262825233758122,484,484,484,0,0.0,0,0,0,0,0.0,59,63,4,24,24,0,0,0,0,0.006667206740116656,0.006950745301360985,0.006950745301360985,0.0002835385612443295,0.039569479529742616,0.00039569479529742615,0.003920933246921581,0.003920933246921581,0.003920933246921581,0.0,0.0,0.0,0.0,0.0,0.0,0.0,0.0,0.0,3.6759776536312847,3.7186932849364793,13.94915254237288,13.619047619047619,20.166666666666668,20.166666666666668,0.0,0.0,1791,1826,35,0.00039569479529742577,21,21,59,63,24,24,0,0,0.0006991768358053119
CFD,63,24,0,2.8353859912518194e-05,ok,,cfd2,factor-l,/home/scan_SpTRSV/data/factors/spcg/cfd2/spcg_spilu_l_cfd2_fill10_drop0.0001_permccolamd_sp0.mtx,123440,wavefront-oriented,0.1,0.09999998663996619,0.001,-1,1,1,1497002,35268,14970022,13473020,1497,1564,121031,120964,67,537,549,1974,2040,66,0.0005346727154893065,0.005346727869217716,5.346727869217716e-05,108451,100193,-8258,-0.06689889825016203,46700,41333,5367,823,858,858,35,2.3380062284485925e-05,484,484,484,0,0.0,0,0,0,0,0.0,59,63,4,24,24,0,0,0,0,0.006667206740116656,0.006950745301360985,0.006950745301360985,0.0002835385612443295,0.002835385991251822,2.835385991251822e-05,0.003920933246921581,0.003920933246921581,0.003920933246921581,0.0,0.0,0.0,0.0,0.0,0.0,0.0,0.0,0.0,3.6759776536312847,3.7158469945355193,13.94915254237288,13.619047619047619,20.166666666666668,20.166666666666668,0.0,0.0,1791,1826,35,2.8353859912518194e-05,21,21,59,63,24,24,0,0,4.408811745074489e-05
CFD,66,24,0,0.0006428501002879038,ok,,cfd2,factor-l,/home/scan_SpTRSV/data/factors/spcg/cfd2/spcg_spilu_l_cfd2_fill10_drop0.0001_permccolamd_sp0.mtx,123440,wavefront-oriented,0.1,0.00781314817039013,0.01,1,1,1,116963,116963,14970022,14853059,1497,1685,121031,120843,188,537,522,1974,2035,61,0.0004941672067401167,0.06324815502832601,0.0006324815502832601,108451,88369,-20082,-0.16268632534024627,46700,33169,13531,823,885,885,62,0.0005300821627352239,484,484,484,0,0.0,0,0,0,0,0.0,59,66,7,24,24,0,0,0,0,0.006667206740116656,0.007169475048606611,0.007169475048606611,0.0005022683084899551,0.06428501002879043,0.0006428501002879043,0.003920933246921581,0.003920933246921581,0.003920933246921581,0.0,0.0,0.0,0.0,0.0,0.0,0.0,0.0,0.0,3.6759776536312847,3.8984674329501914,13.94915254237288,13.409090909090908,20.166666666666668,20.166666666666668,0.0,0.0,1791,1853,62,0.0006428501002879038,21,21,59,66,24,24,0,0,0.000521532450433043
CFD,66,24,0,5.0226837559317945e-05,ok,,cfd2,factor-l,/home/scan_SpTRSV/data/factors/spcg/cfd2/spcg_spilu_l_cfd2_fill10_drop0.0001_permccolamd_sp0.mtx,123440,wavefront-oriented,0.1,0.09999998663996619,0.01,-1,1,1,1497002,38716,14970022,13473020,1497,1663,121031,120865,166,537,517,1974,2009,35,0.00028353856124432923,0.0028353859912518195,2.8353859912518194e-05,108451,86286,-22165,-0.17956092028515877,46700,32613,14087,823,885,885,62,4.141611033251793e-05,484,484,484,0,0.0,0,0,0,0,0.0,59,66,7,24,24,0,0,0,0,0.006667206740116656,0.007169475048606611,0.007169475048606611,0.0005022683084899551,0.005022683755931799,5.0226837559317986e-05,0.003920933246921581,0.003920933246921581,0.003920933246921581,0.0,0.0,0.0,0.0,0.0,0.0,0.0,0.0,0.0,3.6759776536312847,3.885880077369439,13.94915254237288,13.409090909090908,20.166666666666668,20.166666666666668,0.0,0.0,1791,1853,62,5.0226837559317945e-05,21,21,59,66,24,24,0,0,2.3380062284485925e-05
CFD,59,24,0,0.0,ok,,cfd2,factor-l,/home/scan_SpTRSV/data/factors/spcg/cfd2/spcg_spilu_l_cfd2_fill10_drop0.0001_permccolamd_sp0.mtx,123440,scan-chain-aware,0.01,2.6720067612459084e-07,0.0001,1,1,1,4,4,14970022,14970018,1497,1501,121031,121027,4,537,537,1974,1978,4,3.2404406999351915e-05,121.27367141931305,1.2127367141931304,108451,108450,-1,-8.101101749837979e-06,46700,46701,-1,823,823,823,0,0.0,484,484,484,0,0.0,0,0,0,0,0.0,59,59,0,24,24,0,0,0,0,0.006667206740116656,0.006667206740116656,0.006667206740116656,0.0,0.0,0.0,0.003920933246921581,0.003920933246921581,0.003920933246921581,0.0,0.0,0.0,0.0,0.0,0.0,0.0,0.0,0.0,3.6759776536312847,3.6834264432029795,13.94915254237288,13.94915254237288,20.166666666666668,20.166666666666668,0.0,0.0,1791,1791,0,0.0,21,21,59,59,24,24,0,0,1.0
CFD,59,24,0,0.0,ok,,cfd2,factor-l,/home/scan_SpTRSV/data/factors/spcg/cfd2/spcg_spilu_l_cfd2_fill10_drop0.0001_permccolamd_sp0.mtx,123440,scan-chain-aware,0.01,0.009999985303962813,0.0001,-1,1,1,149700,2980,14970022,14820322,1497,1501,121031,121027,4,537,537,1974,1978,4,3.2404406999351915e-05,0.003240445462105893,3.240445462105893e-05,108451,108340,-111,-0.0008992222942320156,46700,46578,122,823,823,823,0,0.0,484,484,484,0,0.0,0,0,0,0,0.0,59,59,0,24,24,0,0,0,0,0.006667206740116656,0.006667206740116656,0.006667206740116656,0.0,0.0,0.0,0.003920933246921581,0.003920933246921581,0.003920933246921581,0.0,0.0,0.0,0.0,0.0,0.0,0.0,0.0,0.0,3.6759776536312847,3.6834264432029795,13.94915254237288,13.94915254237288,20.166666666666668,20.166666666666668,0.0,0.0,1791,1791,0,0.0,21,21,59,59,24,24,0,0,2.672010688042752e-05
CFD,59,24,0,0.0,ok,,cfd2,factor-l,/home/scan_SpTRSV/data/factors/spcg/cfd2/spcg_spilu_l_cfd2_fill10_drop0.0001_permccolamd_sp0.mtx,123440,scan-chain-aware,0.01,1.0688027044983634e-06,0.001,1,1,1,16,16,14970022,14970006,1497,1513,121031,121015,16,537,541,1974,1994,20,0.00016202203499675956,151.5920892741413,1.515920892741413,108451,108453,2,1.6202203499675957e-05,46700,46699,1,823,823,823,0,0.0,484,484,484,0,0.0,0,0,0,0,0.0,59,59,0,24,24,0,0,0,0,0.006667206740116656,0.006667206740116656,0.006667206740116656,0.0,0.0,0.0,0.003920933246921581,0.003920933246921581,0.003920933246921581,0.0,0.0,0.0,0.0,0.0,0.0,0.0,0.0,0.0,3.6759776536312847,3.6857670979667283,13.94915254237288,13.94915254237288,20.166666666666668,20.166666666666668,0.0,0.0,1791,1791,0,0.0,21,21,59,59,24,24,0,0,1.25
CFD,59,24,0,0.0,ok,,cfd2,factor-l,/home/scan_SpTRSV/data/factors/spcg/cfd2/spcg_spilu_l_cfd2_fill10_drop0.0001_permccolamd_sp0.mtx,123440,scan-chain-aware,0.01,0.009999985303962813,0.001,-1,1,1,149700,3661,14970022,14820322,1497,1513,121031,121015,16,537,541,1974,1994,20,0.00016202203499675956,0.016202227310529463,0.00016202227310529462,108451,108258,-193,-0.0015635126377187298,46700,46509,191,823,823,823,0,0.0,484,484,484,0,0.0,0,0,0,0,0.0,59,59,0,24,24,0,0,0,0,0.006667206740116656,0.006667206740116656,0.006667206740116656,0.0,0.0,0.0,0.003920933246921581,0.003920933246921581,0.003920933246921581,0.0,0.0,0.0,0.0,0.0,0.0,0.0,0.0,0.0,3.6759776536312847,3.6857670979667283,13.94915254237288,13.94915254237288,20.166666666666668,20.166666666666668,0.0,0.0,1791,1791,0,0.0,21,21,59,59,24,24,0,0,0.0001336005344021376
CFD,59,24,0,0.0,ok,,cfd2,factor-l,/home/scan_SpTRSV/data/factors/spcg/cfd2/spcg_spilu_l_cfd2_fill10_drop0.0001_permccolamd_sp0.mtx,123440,scan-chain-aware,0.01,2.7388069302770563e-06,0.01,1,1,1,41,41,14970022,14969981,1497,1538,121031,120990,41,537,544,1974,2022,48,0.0003888528839922229,141.97893239334206,1.4197893239334207,108451,108457,6,4.8606610499027866e-05,46700,46689,11,823,823,823,0,0.0,484,484,484,0,0.0,0,0,0,0,0.0,59,59,0,24,24,0,0,0,0,0.006667206740116656,0.006667206740116656,0.006667206740116656,0.0,0.0,0.0,0.003920933246921581,0.003920933246921581,0.003920933246921581,0.0,0.0,0.0,0.0,0.0,0.0,0.0,0.0,0.0,3.6759776536312847,3.7169117647058822,13.94915254237288,13.94915254237288,20.166666666666668,20.166666666666668,0.0,0.0,1791,1791,0,0.0,21,21,59,59,24,24,0,0,1.170731707317073
CFD,59,24,0,0.0,ok,,cfd2,factor-l,/home/scan_SpTRSV/data/factors/spcg/cfd2/spcg_spilu_l_cfd2_fill10_drop0.0001_permccolamd_sp0.mtx,123440,scan-chain-aware,0.01,0.009999985303962813,0.01,-1,1,1,149700,2778,14970022,14820322,1497,1524,121031,121004,27,537,531,1974,1995,21,0.00017012313674659755,0.01701233867605594,0.00017012338676055937,108451,108256,-195,-0.0015797148412184058,46700,46389,311,823,823,823,0,0.0,484,484,484,0,0.0,0,0,0,0,0.0,59,59,0,24,24,0,0,0,0,0.006667206740116656,0.006667206740116656,0.006667206740116656,0.0,0.0,0.0,0.003920933246921581,0.003920933246921581,0.003920933246921581,0.0,0.0,0.0,0.0,0.0,0.0,0.0,0.0,0.0,3.6759776536312847,3.7570621468926553,13.94915254237288,13.94915254237288,20.166666666666668,20.166666666666668,0.0,0.0,1791,1791,0,0.0,21,21,59,59,24,24,0,0,0.00014028056112224449
CFD,59,24,0,0.0,ok,,cfd2,factor-l,/home/scan_SpTRSV/data/factors/spcg/cfd2/spcg_spilu_l_cfd2_fill10_drop0.0001_permccolamd_sp0.mtx,123440,scan-chain-aware,0.02,2.6720067612459084e-07,0.0001,1,1,1,4,4,14970022,14970018,1497,1501,121031,121027,4,537,537,1974,1978,4,3.2404406999351915e-05,121.27367141931305,1.2127367141931304,108451,108450,-1,-8.101101749837979e-06,46700,46701,-1,823,823,823,0,0.0,484,484,484,0,0.0,0,0,0,0,0.0,59,59,0,24,24,0,0,0,0,0.006667206740116656,0.006667206740116656,0.006667206740116656,0.0,0.0,0.0,0.003920933246921581,0.003920933246921581,0.003920933246921581,0.0,0.0,0.0,0.0,0.0,0.0,0.0,0.0,0.0,3.6759776536312847,3.6834264432029795,13.94915254237288,13.94915254237288,20.166666666666668,20.166666666666668,0.0,0.0,1791,1791,0,0.0,21,21,59,59,24,24,0,0,1.0
CFD,59,24,0,0.0,ok,,cfd2,factor-l,/home/scan_SpTRSV/data/factors/spcg/cfd2/spcg_spilu_l_cfd2_fill10_drop0.0001_permccolamd_sp0.mtx,123440,scan-chain-aware,0.02,0.019999970607925625,0.0001,-1,1,1,299400,6590,14970022,14670622,1497,1502,121031,121026,5,537,538,1974,1980,6,4.8606610499027866e-05,0.0024303340965794195,2.4303340965794194e-05,108451,108020,-431,-0.0034915748541801683,46700,46331,369,823,823,823,0,0.0,484,484,484,0,0.0,0,0,0,0,0.0,59,59,0,24,24,0,0,0,0,0.006667206740116656,0.006667206740116656,0.006667206740116656,0.0,0.0,0.0,0.003920933246921581,0.003920933246921581,0.003920933246921581,0.0,0.0,0.0,0.0,0.0,0.0,0.0,0.0,0.0,3.6759776536312847,3.680297397769517,13.94915254237288,13.94915254237288,20.166666666666668,20.166666666666668,0.0,0.0,1791,1791,0,0.0,21,21,59,59,24,24,0,0,2.004008016032064e-05
CFD,59,24,0,0.0,ok,,cfd2,factor-l,/home/scan_SpTRSV/data/factors/spcg/cfd2/spcg_spilu_l_cfd2_fill10_drop0.0001_permccolamd_sp0.mtx,123440,scan-chain-aware,0.02,1.0688027044983634e-06,0.001,1,1,1,16,16,14970022,14970006,1497,1513,121031,121015,16,537,541,1974,1994,20,0.00016202203499675956,151.5920892741413,1.515920892741413,108451,108453,2,1.6202203499675957e-05,46700,46699,1,823,823,823,0,0.0,484,484,484,0,0.0,0,0,0,0,0.0,59,59,0,24,24,0,0,0,0,0.006667206740116656,0.006667206740116656,0.006667206740116656,0.0,0.0,0.0,0.003920933246921581,0.003920933246921581,0.003920933246921581,0.0,0.0,0.0,0.0,0.0,0.0,0.0,0.0,0.0,3.6759776536312847,3.6857670979667283,13.94915254237288,13.94915254237288,20.166666666666668,20.166666666666668,0.0,0.0,1791,1791,0,0.0,21,21,59,59,24,24,0,0,1.25
CFD,59,24,0,0.0,ok,,cfd2,factor-l,/home/scan_SpTRSV/data/factors/spcg/cfd2/spcg_spilu_l_cfd2_fill10_drop0.0001_permccolamd_sp0.mtx,123440,scan-chain-aware,0.02,0.019999970607925625,0.001,-1,1,1,299400,5112,14970022,14670622,1497,1513,121031,121015,16,537,541,1974,1994,20,0.00016202203499675956,0.008101113655264731,8.101113655264731e-05,108451,108220,-231,-0.001871354504212573,46700,46449,251,823,823,823,0,0.0,484,484,484,0,0.0,0,0,0,0,0.0,59,59,0,24,24,0,0,0,0,0.006667206740116656,0.006667206740116656,0.006667206740116656,0.0,0.0,0.0,0.003920933246921581,0.003920933246921581,0.003920933246921581,0.0,0.0,0.0,0.0,0.0,0.0,0.0,0.0,0.0,3.6759776536312847,3.6857670979667283,13.94915254237288,13.94915254237288,20.166666666666668,20.166666666666668,0.0,0.0,1791,1791,0,0.0,21,21,59,59,24,24,0,0,6.68002672010688e-05
CFD,59,24,0,0.0,ok,,cfd2,factor-l,/home/scan_SpTRSV/data/factors/spcg/cfd2/spcg_spilu_l_cfd2_fill10_drop0.0001_permccolamd_sp0.mtx,123440,scan-chain-aware,0.02,2.7388069302770563e-06,0.01,1,1,1,41,41,14970022,14969981,1497,1538,121031,120990,41,537,544,1974,2022,48,0.0003888528839922229,141.97893239334206,1.4197893239334207,108451,108457,6,4.8606610499027866e-05,46700,46689,11,823,823,823,0,0.0,484,484,484,0,0.0,0,0,0,0,0.0,59,59,0,24,24,0,0,0,0,0.006667206740116656,0.006667206740116656,0.006667206740116656,0.0,0.0,0.0,0.003920933246921581,0.003920933246921581,0.003920933246921581,0.0,0.0,0.0,0.0,0.0,0.0,0.0,0.0,0.0,3.6759776536312847,3.7169117647058822,13.94915254237288,13.94915254237288,20.166666666666668,20.166666666666668,0.0,0.0,1791,1791,0,0.0,21,21,59,59,24,24,0,0,1.170731707317073
CFD,59,24,0,0.0,ok,,cfd2,factor-l,/home/scan_SpTRSV/data/factors/spcg/cfd2/spcg_spilu_l_cfd2_fill10_drop0.0001_permccolamd_sp0.mtx,123440,scan-chain-aware,0.02,0.019999970607925625,0.01,-1,1,1,299400,4781,14970022,14670622,1497,1541,121031,120987,44,537,544,1974,2025,51,0.0004131561892417369,0.020657839820925065,0.00020657839820925066,108451,107948,-503,-0.004074854180168503,46700,46154,546,823,823,823,0,0.0,484,484,484,0,0.0,0,0,0,0,0.0,59,59,0,24,24,0,0,0,0,0.006667206740116656,0.006667206740116656,0.006667206740116656,0.0,0.0,0.0,0.003920933246921581,0.003920933246921581,0.003920933246921581,0.0,0.0,0.0,0.0,0.0,0.0,0.0,0.0,0.0,3.6759776536312847,3.7224264705882355,13.94915254237288,13.94915254237288,20.166666666666668,20.166666666666668,0.0,0.0,1791,1791,0,0.0,21,21,59,59,24,24,0,0,0.00017034068136272546
CFD,59,24,0,0.0,ok,,cfd2,factor-l,/home/scan_SpTRSV/data/factors/spcg/cfd2/spcg_spilu_l_cfd2_fill10_drop0.0001_permccolamd_sp0.mtx,123440,scan-chain-aware,0.05,2.6720067612459084e-07,0.0001,1,1,1,4,4,14970022,14970018,1497,1501,121031,121027,4,537,537,1974,1978,4,3.2404406999351915e-05,121.27367141931305,1.2127367141931304,108451,108450,-1,-8.101101749837979e-06,46700,46701,-1,823,823,823,0,0.0,484,484,484,0,0.0,0,0,0,0,0.0,59,59,0,24,24,0,0,0,0,0.006667206740116656,0.006667206740116656,0.006667206740116656,0.0,0.0,0.0,0.003920933246921581,0.003920933246921581,0.003920933246921581,0.0,0.0,0.0,0.0,0.0,0.0,0.0,0.0,0.0,3.6759776536312847,3.6834264432029795,13.94915254237288,13.94915254237288,20.166666666666668,20.166666666666668,0.0,0.0,1791,1791,0,0.0,21,21,59,59,24,24,0,0,1.0
CFD,59,24,0,0.0,ok,,cfd2,factor-l,/home/scan_SpTRSV/data/factors/spcg/cfd2/spcg_spilu_l_cfd2_fill10_drop0.0001_permccolamd_sp0.mtx,123440,scan-chain-aware,0.05,0.049999993319983095,0.0001,-1,1,1,748501,15293,14970022,14221521,1497,1503,121031,121025,6,537,539,1974,1982,8,6.480881399870383e-05,0.001296176453143689,1.2961764531436889e-05,108451,108067,-384,-0.0031108230719377834,46700,46155,545,823,823,823,0,0.0,484,484,484,0,0.0,0,0,0,0,0.0,59,59,0,24,24,0,0,0,0,0.006667206740116656,0.006667206740116656,0.006667206740116656,0.0,0.0,0.0,0.003920933246921581,0.003920933246921581,0.003920933246921581,0.0,0.0,0.0,0.0,0.0,0.0,0.0,0.0,0.0,3.6759776536312847,3.6771799628942485,13.94915254237288,13.94915254237288,20.166666666666668,20.166666666666668,0.0,0.0,1791,1791,0,0.0,21,21,59,59,24,24,0,0,1.0688028472907852e-05
CFD,59,24,0,0.0,ok,,cfd2,factor-l,/home/scan_SpTRSV/data/factors/spcg/cfd2/spcg_spilu_l_cfd2_fill10_drop0.0001_permccolamd_sp0.mtx,123440,scan-chain-aware,0.05,1.0688027044983634e-06,0.001,1,1,1,16,16,14970022,14970006,1497,1513,121031,121015,16,537,541,1974,1994,20,0.00016202203499675956,151.5920892741413,1.515920892741413,108451,108453,2,1.6202203499675957e-05,46700,46699,1,823,823,823,0,0.0,484,484,484,0,0.0,0,0,0,0,0.0,59,59,0,24,24,0,0,0,0,0.006667206740116656,0.006667206740116656,0.006667206740116656,0.0,0.0,0.0,0.003920933246921581,0.003920933246921581,0.003920933246921581,0.0,0.0,0.0,0.0,0.0,0.0,0.0,0.0,0.0,3.6759776536312847,3.6857670979667283,13.94915254237288,13.94915254237288,20.166666666666668,20.166666666666668,0.0,0.0,1791,1791,0,0.0,21,21,59,59,24,24,0,0,1.25
CFD,59,24,0,0.0,ok,,cfd2,factor-l,/home/scan_SpTRSV/data/factors/spcg/cfd2/spcg_spilu_l_cfd2_fill10_drop0.0001_permccolamd_sp0.mtx,123440,scan-chain-aware,0.05,0.049999993319983095,0.001,-1,1,1,748501,13823,14970022,14221521,1497,1515,121031,121013,18,537,542,1974,1997,23,0.0001863253402462735,0.0037265073027881058,3.7265073027881055e-05,108451,107596,-855,-0.006926441996111471,46700,45737,963,823,823,823,0,0.0,484,484,484,0,0.0,0,0,0,0,0.0,59,59,0,24,24,0,0,0,0,0.006667206740116656,0.006667206740116656,0.006667206740116656,0.0,0.0,0.0,0.003920933246921581,0.003920933246921581,0.003920933246921581,0.0,0.0,0.0,0.0,0.0,0.0,0.0,0.0,0.0,3.6759776536312847,3.6845018450184504,13.94915254237288,13.94915254237288,20.166666666666668,20.166666666666668,0.0,0.0,1791,1791,0,0.0,21,21,59,59,24,24,0,0,3.0728081859610075e-05
CFD,59,24,0,0.0,ok,,cfd2,factor-l,/home/scan_SpTRSV/data/factors/spcg/cfd2/spcg_spilu_l_cfd2_fill10_drop0.0001_permccolamd_sp0.mtx,123440,scan-chain-aware,0.05,2.7388069302770563e-06,0.01,1,1,1,41,41,14970022,14969981,1497,1538,121031,120990,41,537,544,1974,2022,48,0.0003888528839922229,141.97893239334206,1.4197893239334207,108451,108457,6,4.8606610499027866e-05,46700,46689,11,823,823,823,0,0.0,484,484,484,0,0.0,0,0,0,0,0.0,59,59,0,24,24,0,0,0,0,0.006667206740116656,0.006667206740116656,0.006667206740116656,0.0,0.0,0.0,0.003920933246921581,0.003920933246921581,0.003920933246921581,0.0,0.0,0.0,0.0,0.0,0.0,0.0,0.0,0.0,3.6759776536312847,3.7169117647058822,13.94915254237288,13.94915254237288,20.166666666666668,20.166666666666668,0.0,0.0,1791,1791,0,0.0,21,21,59,59,24,24,0,0,1.170731707317073
CFD,59,24,0,0.0,ok,,cfd2,factor-l,/home/scan_SpTRSV/data/factors/spcg/cfd2/spcg_spilu_l_cfd2_fill10_drop0.0001_permccolamd_sp0.mtx,123440,scan-chain-aware,0.05,0.049999993319983095,0.01,-1,1,1,748501,7335,14970022,14221521,1497,1541,121031,120987,44,537,544,1974,2025,51,0.0004131561892417369,0.008263124888791017,8.263124888791016e-05,108451,107986,-465,-0.0037670123136746597,46700,46001,699,823,823,823,0,0.0,484,484,484,0,0.0,0,0,0,0,0.0,59,59,0,24,24,0,0,0,0,0.006667206740116656,0.006667206740116656,0.006667206740116656,0.0,0.0,0.0,0.003920933246921581,0.003920933246921581,0.003920933246921581,0.0,0.0,0.0,0.0,0.0,0.0,0.0,0.0,0.0,3.6759776536312847,3.7224264705882355,13.94915254237288,13.94915254237288,20.166666666666668,20.166666666666668,0.0,0.0,1791,1791,0,0.0,21,21,59,59,24,24,0,0,6.813618151478756e-05
CFD,59,24,0,0.0,ok,,cfd2,factor-l,/home/scan_SpTRSV/data/factors/spcg/cfd2/spcg_spilu_l_cfd2_fill10_drop0.0001_permccolamd_sp0.mtx,123440,scan-chain-aware,0.1,2.6720067612459084e-07,0.0001,1,1,1,4,4,14970022,14970018,1497,1501,121031,121027,4,537,537,1974,1978,4,3.2404406999351915e-05,121.27367141931305,1.2127367141931304,108451,108450,-1,-8.101101749837979e-06,46700,46701,-1,823,823,823,0,0.0,484,484,484,0,0.0,0,0,0,0,0.0,59,59,0,24,24,0,0,0,0,0.006667206740116656,0.006667206740116656,0.006667206740116656,0.0,0.0,0.0,0.003920933246921581,0.003920933246921581,0.003920933246921581,0.0,0.0,0.0,0.0,0.0,0.0,0.0,0.0,0.0,3.6759776536312847,3.6834264432029795,13.94915254237288,13.94915254237288,20.166666666666668,20.166666666666668,0.0,0.0,1791,1791,0,0.0,21,21,59,59,24,24,0,0,1.0
CFD,59,24,0,0.0,ok,,cfd2,factor-l,/home/scan_SpTRSV/data/factors/spcg/cfd2/spcg_spilu_l_cfd2_fill10_drop0.0001_permccolamd_sp0.mtx,123440,scan-chain-aware,0.1,0.09999998663996619,0.0001,-1,1,1,1497002,34411,14970022,13473020,1497,1503,121031,121025,6,537,539,1974,1982,8,6.480881399870383e-05,0.0006480882265718445,6.4808822657184445e-06,108451,108108,-343,-0.0027786779001944266,46700,45807,893,823,823,823,0,0.0,484,484,484,0,0.0,0,0,0,0,0.0,59,59,0,24,24,0,0,0,0,0.006667206740116656,0.006667206740116656,0.006667206740116656,0.0,0.0,0.0,0.003920933246921581,0.003920933246921581,0.003920933246921581,0.0,0.0,0.0,0.0,0.0,0.0,0.0,0.0,0.0,3.6759776536312847,3.6771799628942485,13.94915254237288,13.94915254237288,20.166666666666668,20.166666666666668,0.0,0.0,1791,1791,0,0.0,21,21,59,59,24,24,0,0,5.344014236453926e-06
CFD,59,24,0,0.0,ok,,cfd2,factor-l,/home/scan_SpTRSV/data/factors/spcg/cfd2/spcg_spilu_l_cfd2_fill10_drop0.0001_permccolamd_sp0.mtx,123440,scan-chain-aware,0.1,1.0688027044983634e-06,0.001,1,1,1,16,16,14970022,14970006,1497,1513,121031,121015,16,537,541,1974,1994,20,0.00016202203499675956,151.5920892741413,1.515920892741413,108451,108453,2,1.6202203499675957e-05,46700,46699,1,823,823,823,0,0.0,484,484,484,0,0.0,0,0,0,0,0.0,59,59,0,24,24,0,0,0,0,0.006667206740116656,0.006667206740116656,0.006667206740116656,0.0,0.0,0.0,0.003920933246921581,0.003920933246921581,0.003920933246921581,0.0,0.0,0.0,0.0,0.0,0.0,0.0,0.0,0.0,3.6759776536312847,3.6857670979667283,13.94915254237288,13.94915254237288,20.166666666666668,20.166666666666668,0.0,0.0,1791,1791,0,0.0,21,21,59,59,24,24,0,0,1.25
CFD,59,24,0,0.0,ok,,cfd2,factor-l,/home/scan_SpTRSV/data/factors/spcg/cfd2/spcg_spilu_l_cfd2_fill10_drop0.0001_permccolamd_sp0.mtx,123440,scan-chain-aware,0.1,0.09999998663996619,0.001,-1,1,1,1497002,19949,14970022,13473020,1497,1516,121031,121012,19,537,543,1974,1999,25,0.00020252754374594945,0.002025275708037014,2.0252757080370138e-05,108451,107653,-798,-0.006464679196370706,46700,45523,1177,823,823,823,0,0.0,484,484,484,0,0.0,0,0,0,0,0.0,59,59,0,24,24,0,0,0,0,0.006667206740116656,0.006667206740116656,0.006667206740116656,0.0,0.0,0.0,0.003920933246921581,0.003920933246921581,0.003920933246921581,0.0,0.0,0.0,0.0,0.0,0.0,0.0,0.0,0.0,3.6759776536312847,3.6813996316758746,13.94915254237288,13.94915254237288,20.166666666666668,20.166666666666668,0.0,0.0,1791,1791,0,0.0,21,21,59,59,24,24,0,0,1.670004448891852e-05
CFD,59,24,0,0.0,ok,,cfd2,factor-l,/home/scan_SpTRSV/data/factors/spcg/cfd2/spcg_spilu_l_cfd2_fill10_drop0.0001_permccolamd_sp0.mtx,123440,scan-chain-aware,0.1,2.7388069302770563e-06,0.01,1,1,1,41,41,14970022,14969981,1497,1538,121031,120990,41,537,544,1974,2022,48,0.0003888528839922229,141.97893239334206,1.4197893239334207,108451,108457,6,4.8606610499027866e-05,46700,46689,11,823,823,823,0,0.0,484,484,484,0,0.0,0,0,0,0,0.0,59,59,0,24,24,0,0,0,0,0.006667206740116656,0.006667206740116656,0.006667206740116656,0.0,0.0,0.0,0.003920933246921581,0.003920933246921581,0.003920933246921581,0.0,0.0,0.0,0.0,0.0,0.0,0.0,0.0,0.0,3.6759776536312847,3.7169117647058822,13.94915254237288,13.94915254237288,20.166666666666668,20.166666666666668,0.0,0.0,1791,1791,0,0.0,21,21,59,59,24,24,0,0,1.170731707317073
CFD,59,24,0,0.0,ok,,cfd2,factor-l,/home/scan_SpTRSV/data/factors/spcg/cfd2/spcg_spilu_l_cfd2_fill10_drop0.0001_permccolamd_sp0.mtx,123440,scan-chain-aware,0.1,0.09999998663996619,0.01,-1,1,1,1497002,18067,14970022,13473020,1497,1600,121031,120928,103,537,547,1974,2087,113,0.0009154244977316916,0.009154246200327303,9.154246200327303e-05,108451,106503,-1948,-0.01578094620868438,46700,44230,2470,823,823,823,0,0.0,484,484,484,0,0.0,0,0,0,0,0.0,59,59,0,24,24,0,0,0,0,0.006667206740116656,0.006667206740116656,0.006667206740116656,0.0,0.0,0.0,0.003920933246921581,0.003920933246921581,0.003920933246921581,0.0,0.0,0.0,0.0,0.0,0.0,0.0,0.0,0.0,3.6759776536312847,3.8153564899451555,13.94915254237288,13.94915254237288,20.166666666666668,20.166666666666668,0.0,0.0,1791,1791,0,0.0,21,21,59,59,24,24,0,0,7.54842010899117e-05
CFD,59,24,0,0.0,ok,,cfd2,factor-l,/home/scan_SpTRSV/data/factors/spcg/cfd2/spcg_spilu_l_cfd2_fill10_drop0.0001_permccolamd_sp0.mtx,123440,long-chain-aware-drop,0.01,0.0,0.0001,1,1,1,0,0,14970022,14970022,1497,1497,121031,121031,0,537,537,1974,1974,0,0.0,0.0,0.0,108451,108451,0,0.0,46700,46700,0,823,823,823,0,0.0,484,484,484,0,0.0,0,0,0,0,0.0,59,59,0,24,24,0,0,0,0,0.006667206740116656,0.006667206740116656,0.006667206740116656,0.0,0.0,0.0,0.003920933246921581,0.003920933246921581,0.003920933246921581,0.0,0.0,0.0,0.0,0.0,0.0,0.0,0.0,0.0,3.6759776536312847,3.6759776536312847,13.94915254237288,13.94915254237288,20.166666666666668,20.166666666666668,0.0,0.0,1791,1791,0,0.0,21,21,59,59,24,24,0,0,0.0
CFD,59,24,0,0.0,ok,,cfd2,factor-l,/home/scan_SpTRSV/data/factors/spcg/cfd2/spcg_spilu_l_cfd2_fill10_drop0.0001_permccolamd_sp0.mtx,123440,long-chain-aware-drop,0.01,0.0013663306573630954,0.0001,-1,1,1,20454,650,14970022,14949568,1497,1497,121031,121031,0,537,537,1974,1974,0,0.0,0.0,0.0,108451,108414,-37,-0.0002997407647440052,46700,46673,27,823,823,823,0,0.0,484,484,484,0,0.0,0,0,0,0,0.0,59,59,0,24,24,0,0,0,0,0.006667206740116656,0.006667206740116656,0.006667206740116656,0.0,0.0,0.0,0.003920933246921581,0.003920933246921581,0.003920933246921581,0.0,0.0,0.0,0.0,0.0,0.0,0.0,0.0,0.0,3.6759776536312847,3.6759776536312847,13.94915254237288,13.94915254237288,20.166666666666668,20.166666666666668,0.0,0.0,1791,1791,0,0.0,21,21,59,59,24,24,0,0,0.0
CFD,59,24,0,0.0,ok,,cfd2,factor-l,/home/scan_SpTRSV/data/factors/spcg/cfd2/spcg_spilu_l_cfd2_fill10_drop0.0001_permccolamd_sp0.mtx,123440,long-chain-aware-drop,0.01,0.0,0.001,1,1,1,0,0,14970022,14970022,1497,1497,121031,121031,0,537,537,1974,1974,0,0.0,0.0,0.0,108451,108451,0,0.0,46700,46700,0,823,823,823,0,0.0,484,484,484,0,0.0,0,0,0,0,0.0,59,59,0,24,24,0,0,0,0,0.006667206740116656,0.006667206740116656,0.006667206740116656,0.0,0.0,0.0,0.003920933246921581,0.003920933246921581,0.003920933246921581,0.0,0.0,0.0,0.0,0.0,0.0,0.0,0.0,0.0,3.6759776536312847,3.6759776536312847,13.94915254237288,13.94915254237288,20.166666666666668,20.166666666666668,0.0,0.0,1791,1791,0,0.0,21,21,59,59,24,24,0,0,0.0
CFD,59,24,0,0.0,ok,,cfd2,factor-l,/home/scan_SpTRSV/data/factors/spcg/cfd2/spcg_spilu_l_cfd2_fill10_drop0.0001_permccolamd_sp0.mtx,123440,long-chain-aware-drop,0.01,0.003985899285919553,0.001,-1,1,1,59669,2045,14970022,14910353,1497,1497,121031,121031,0,537,537,1974,1974,0,0.0,0.0,0.0,108451,108378,-73,-0.0005913804277381724,46700,46611,89,823,823,823,0,0.0,484,484,484,0,0.0,0,0,0,0,0.0,59,59,0,24,24,0,0,0,0,0.006667206740116656,0.006667206740116656,0.006667206740116656,0.0,0.0,0.0,0.003920933246921581,0.003920933246921581,0.003920933246921581,0.0,0.0,0.0,0.0,0.0,0.0,0.0,0.0,0.0,3.6759776536312847,3.6759776536312847,13.94915254237288,13.94915254237288,20.166666666666668,20.166666666666668,0.0,0.0,1791,1791,0,0.0,21,21,59,59,24,24,0,0,0.0
CFD,59,24,0,0.0,ok,,cfd2,factor-l,/home/scan_SpTRSV/data/factors/spcg/cfd2/spcg_spilu_l_cfd2_fill10_drop0.0001_permccolamd_sp0.mtx,123440,long-chain-aware-drop,0.01,0.0,0.01,1,1,1,0,0,14970022,14970022,1497,1497,121031,121031,0,537,537,1974,1974,0,0.0,0.0,0.0,108451,108451,0,0.0,46700,46700,0,823,823,823,0,0.0,484,484,484,0,0.0,0,0,0,0,0.0,59,59,0,24,24,0,0,0,0,0.006667206740116656,0.006667206740116656,0.006667206740116656,0.0,0.0,0.0,0.003920933246921581,0.003920933246921581,0.003920933246921581,0.0,0.0,0.0,0.0,0.0,0.0,0.0,0.0,0.0,3.6759776536312847,3.6759776536312847,13.94915254237288,13.94915254237288,20.166666666666668,20.166666666666668,0.0,0.0,1791,1791,0,0.0,21,21,59,59,24,24,0,0,0.0
CFD,59,24,0,0.0,ok,,cfd2,factor-l,/home/scan_SpTRSV/data/factors/spcg/cfd2/spcg_spilu_l_cfd2_fill10_drop0.0001_permccolamd_sp0.mtx,123440,long-chain-aware-drop,0.01,0.007338065368240608,0.01,-1,1,1,109851,2208,14970022,14860171,1497,1497,121031,121031,0,537,537,1974,1974,0,0.0,0.0,0.0,108451,108287,-164,-0.0013285806869734284,46700,46439,261,823,823,823,0,0.0,484,484,484,0,0.0,0,0,0,0,0.0,59,59,0,24,24,0,0,0,0,0.006667206740116656,0.006667206740116656,0.006667206740116656,0.0,0.0,0.0,0.003920933246921581,0.003920933246921581,0.003920933246921581,0.0,0.0,0.0,0.0,0.0,0.0,0.0,0.0,0.0,3.6759776536312847,3.6759776536312847,13.94915254237288,13.94915254237288,20.166666666666668,20.166666666666668,0.0,0.0,1791,1791,0,0.0,21,21,59,59,24,24,0,0,0.0
CFD,59,24,0,0.0,ok,,cfd2,factor-l,/home/scan_SpTRSV/data/factors/spcg/cfd2/spcg_spilu_l_cfd2_fill10_drop0.0001_permccolamd_sp0.mtx,123440,long-chain-aware-drop,0.02,0.0,0.0001,1,1,1,0,0,14970022,14970022,1497,1497,121031,121031,0,537,537,1974,1974,0,0.0,0.0,0.0,108451,108451,0,0.0,46700,46700,0,823,823,823,0,0.0,484,484,484,0,0.0,0,0,0,0,0.0,59,59,0,24,24,0,0,0,0,0.006667206740116656,0.006667206740116656,0.006667206740116656,0.0,0.0,0.0,0.003920933246921581,0.003920933246921581,0.003920933246921581,0.0,0.0,0.0,0.0,0.0,0.0,0.0,0.0,0.0,3.6759776536312847,3.6759776536312847,13.94915254237288,13.94915254237288,20.166666666666668,20.166666666666668,0.0,0.0,1791,1791,0,0.0,21,21,59,59,24,24,0,0,0.0
CFD,59,24,0,0.0,ok,,cfd2,factor-l,/home/scan_SpTRSV/data/factors/spcg/cfd2/spcg_spilu_l_cfd2_fill10_drop0.0001_permccolamd_sp0.mtx,123440,long-chain-aware-drop,0.02,0.0013663306573630954,0.0001,-1,1,1,20454,650,14970022,14949568,1497,1497,121031,121031,0,537,537,1974,1974,0,0.0,0.0,0.0,108451,108414,-37,-0.0002997407647440052,46700,46673,27,823,823,823,0,0.0,484,484,484,0,0.0,0,0,0,0,0.0,59,59,0,24,24,0,0,0,0,0.006667206740116656,0.006667206740116656,0.006667206740116656,0.0,0.0,0.0,0.003920933246921581,0.003920933246921581,0.003920933246921581,0.0,0.0,0.0,0.0,0.0,0.0,0.0,0.0,0.0,3.6759776536312847,3.6759776536312847,13.94915254237288,13.94915254237288,20.166666666666668,20.166666666666668,0.0,0.0,1791,1791,0,0.0,21,21,59,59,24,24,0,0,0.0
CFD,59,24,0,0.0,ok,,cfd2,factor-l,/home/scan_SpTRSV/data/factors/spcg/cfd2/spcg_spilu_l_cfd2_fill10_drop0.0001_permccolamd_sp0.mtx,123440,long-chain-aware-drop,0.02,0.0,0.001,1,1,1,0,0,14970022,14970022,1497,1497,121031,121031,0,537,537,1974,1974,0,0.0,0.0,0.0,108451,108451,0,0.0,46700,46700,0,823,823,823,0,0.0,484,484,484,0,0.0,0,0,0,0,0.0,59,59,0,24,24,0,0,0,0,0.006667206740116656,0.006667206740116656,0.006667206740116656,0.0,0.0,0.0,0.003920933246921581,0.003920933246921581,0.003920933246921581,0.0,0.0,0.0,0.0,0.0,0.0,0.0,0.0,0.0,3.6759776536312847,3.6759776536312847,13.94915254237288,13.94915254237288,20.166666666666668,20.166666666666668,0.0,0.0,1791,1791,0,0.0,21,21,59,59,24,24,0,0,0.0
CFD,59,24,0,0.0,ok,,cfd2,factor-l,/home/scan_SpTRSV/data/factors/spcg/cfd2/spcg_spilu_l_cfd2_fill10_drop0.0001_permccolamd_sp0.mtx,123440,long-chain-aware-drop,0.02,0.003985899285919553,0.001,-1,1,1,59669,2045,14970022,14910353,1497,1497,121031,121031,0,537,537,1974,1974,0,0.0,0.0,0.0,108451,108378,-73,-0.0005913804277381724,46700,46611,89,823,823,823,0,0.0,484,484,484,0,0.0,0,0,0,0,0.0,59,59,0,24,24,0,0,0,0,0.006667206740116656,0.006667206740116656,0.006667206740116656,0.0,0.0,0.0,0.003920933246921581,0.003920933246921581,0.003920933246921581,0.0,0.0,0.0,0.0,0.0,0.0,0.0,0.0,0.0,3.6759776536312847,3.6759776536312847,13.94915254237288,13.94915254237288,20.166666666666668,20.166666666666668,0.0,0.0,1791,1791,0,0.0,21,21,59,59,24,24,0,0,0.0
CFD,59,24,0,0.0,ok,,cfd2,factor-l,/home/scan_SpTRSV/data/factors/spcg/cfd2/spcg_spilu_l_cfd2_fill10_drop0.0001_permccolamd_sp0.mtx,123440,long-chain-aware-drop,0.02,0.0,0.01,1,1,1,0,0,14970022,14970022,1497,1497,121031,121031,0,537,537,1974,1974,0,0.0,0.0,0.0,108451,108451,0,0.0,46700,46700,0,823,823,823,0,0.0,484,484,484,0,0.0,0,0,0,0,0.0,59,59,0,24,24,0,0,0,0,0.006667206740116656,0.006667206740116656,0.006667206740116656,0.0,0.0,0.0,0.003920933246921581,0.003920933246921581,0.003920933246921581,0.0,0.0,0.0,0.0,0.0,0.0,0.0,0.0,0.0,3.6759776536312847,3.6759776536312847,13.94915254237288,13.94915254237288,20.166666666666668,20.166666666666668,0.0,0.0,1791,1791,0,0.0,21,21,59,59,24,24,0,0,0.0
CFD,59,24,0,0.0,ok,,cfd2,factor-l,/home/scan_SpTRSV/data/factors/spcg/cfd2/spcg_spilu_l_cfd2_fill10_drop0.0001_permccolamd_sp0.mtx,123440,long-chain-aware-drop,0.02,0.007338065368240608,0.01,-1,1,1,109851,2208,14970022,14860171,1497,1497,121031,121031,0,537,537,1974,1974,0,0.0,0.0,0.0,108451,108287,-164,-0.0013285806869734284,46700,46439,261,823,823,823,0,0.0,484,484,484,0,0.0,0,0,0,0,0.0,59,59,0,24,24,0,0,0,0,0.006667206740116656,0.006667206740116656,0.006667206740116656,0.0,0.0,0.0,0.003920933246921581,0.003920933246921581,0.003920933246921581,0.0,0.0,0.0,0.0,0.0,0.0,0.0,0.0,0.0,3.6759776536312847,3.6759776536312847,13.94915254237288,13.94915254237288,20.166666666666668,20.166666666666668,0.0,0.0,1791,1791,0,0.0,21,21,59,59,24,24,0,0,0.0
CFD,59,24,0,0.0,ok,,cfd2,factor-l,/home/scan_SpTRSV/data/factors/spcg/cfd2/spcg_spilu_l_cfd2_fill10_drop0.0001_permccolamd_sp0.mtx,123440,long-chain-aware-drop,0.05,0.0,0.0001,1,1,1,0,0,14970022,14970022,1497,1497,121031,121031,0,537,537,1974,1974,0,0.0,0.0,0.0,108451,108451,0,0.0,46700,46700,0,823,823,823,0,0.0,484,484,484,0,0.0,0,0,0,0,0.0,59,59,0,24,24,0,0,0,0,0.006667206740116656,0.006667206740116656,0.006667206740116656,0.0,0.0,0.0,0.003920933246921581,0.003920933246921581,0.003920933246921581,0.0,0.0,0.0,0.0,0.0,0.0,0.0,0.0,0.0,3.6759776536312847,3.6759776536312847,13.94915254237288,13.94915254237288,20.166666666666668,20.166666666666668,0.0,0.0,1791,1791,0,0.0,21,21,59,59,24,24,0,0,0.0
CFD,59,24,0,0.0,ok,,cfd2,factor-l,/home/scan_SpTRSV/data/factors/spcg/cfd2/spcg_spilu_l_cfd2_fill10_drop0.0001_permccolamd_sp0.mtx,123440,long-chain-aware-drop,0.05,0.0013663306573630954,0.0001,-1,1,1,20454,650,14970022,14949568,1497,1497,121031,121031,0,537,537,1974,1974,0,0.0,0.0,0.0,108451,108414,-37,-0.0002997407647440052,46700,46673,27,823,823,823,0,0.0,484,484,484,0,0.0,0,0,0,0,0.0,59,59,0,24,24,0,0,0,0,0.006667206740116656,0.006667206740116656,0.006667206740116656,0.0,0.0,0.0,0.003920933246921581,0.003920933246921581,0.003920933246921581,0.0,0.0,0.0,0.0,0.0,0.0,0.0,0.0,0.0,3.6759776536312847,3.6759776536312847,13.94915254237288,13.94915254237288,20.166666666666668,20.166666666666668,0.0,0.0,1791,1791,0,0.0,21,21,59,59,24,24,0,0,0.0
CFD,59,24,0,0.0,ok,,cfd2,factor-l,/home/scan_SpTRSV/data/factors/spcg/cfd2/spcg_spilu_l_cfd2_fill10_drop0.0001_permccolamd_sp0.mtx,123440,long-chain-aware-drop,0.05,0.0,0.001,1,1,1,0,0,14970022,14970022,1497,1497,121031,121031,0,537,537,1974,1974,0,0.0,0.0,0.0,108451,108451,0,0.0,46700,46700,0,823,823,823,0,0.0,484,484,484,0,0.0,0,0,0,0,0.0,59,59,0,24,24,0,0,0,0,0.006667206740116656,0.006667206740116656,0.006667206740116656,0.0,0.0,0.0,0.003920933246921581,0.003920933246921581,0.003920933246921581,0.0,0.0,0.0,0.0,0.0,0.0,0.0,0.0,0.0,3.6759776536312847,3.6759776536312847,13.94915254237288,13.94915254237288,20.166666666666668,20.166666666666668,0.0,0.0,1791,1791,0,0.0,21,21,59,59,24,24,0,0,0.0
CFD,59,24,0,0.0,ok,,cfd2,factor-l,/home/scan_SpTRSV/data/factors/spcg/cfd2/spcg_spilu_l_cfd2_fill10_drop0.0001_permccolamd_sp0.mtx,123440,long-chain-aware-drop,0.05,0.003985899285919553,0.001,-1,1,1,59669,2045,14970022,14910353,1497,1497,121031,121031,0,537,537,1974,1974,0,0.0,0.0,0.0,108451,108378,-73,-0.0005913804277381724,46700,46611,89,823,823,823,0,0.0,484,484,484,0,0.0,0,0,0,0,0.0,59,59,0,24,24,0,0,0,0,0.006667206740116656,0.006667206740116656,0.006667206740116656,0.0,0.0,0.0,0.003920933246921581,0.003920933246921581,0.003920933246921581,0.0,0.0,0.0,0.0,0.0,0.0,0.0,0.0,0.0,3.6759776536312847,3.6759776536312847,13.94915254237288,13.94915254237288,20.166666666666668,20.166666666666668,0.0,0.0,1791,1791,0,0.0,21,21,59,59,24,24,0,0,0.0
CFD,59,24,0,0.0,ok,,cfd2,factor-l,/home/scan_SpTRSV/data/factors/spcg/cfd2/spcg_spilu_l_cfd2_fill10_drop0.0001_permccolamd_sp0.mtx,123440,long-chain-aware-drop,0.05,0.0,0.01,1,1,1,0,0,14970022,14970022,1497,1497,121031,121031,0,537,537,1974,1974,0,0.0,0.0,0.0,108451,108451,0,0.0,46700,46700,0,823,823,823,0,0.0,484,484,484,0,0.0,0,0,0,0,0.0,59,59,0,24,24,0,0,0,0,0.006667206740116656,0.006667206740116656,0.006667206740116656,0.0,0.0,0.0,0.003920933246921581,0.003920933246921581,0.003920933246921581,0.0,0.0,0.0,0.0,0.0,0.0,0.0,0.0,0.0,3.6759776536312847,3.6759776536312847,13.94915254237288,13.94915254237288,20.166666666666668,20.166666666666668,0.0,0.0,1791,1791,0,0.0,21,21,59,59,24,24,0,0,0.0
CFD,59,24,0,0.0,ok,,cfd2,factor-l,/home/scan_SpTRSV/data/factors/spcg/cfd2/spcg_spilu_l_cfd2_fill10_drop0.0001_permccolamd_sp0.mtx,123440,long-chain-aware-drop,0.05,0.007338065368240608,0.01,-1,1,1,109851,2208,14970022,14860171,1497,1497,121031,121031,0,537,537,1974,1974,0,0.0,0.0,0.0,108451,108287,-164,-0.0013285806869734284,46700,46439,261,823,823,823,0,0.0,484,484,484,0,0.0,0,0,0,0,0.0,59,59,0,24,24,0,0,0,0,0.006667206740116656,0.006667206740116656,0.006667206740116656,0.0,0.0,0.0,0.003920933246921581,0.003920933246921581,0.003920933246921581,0.0,0.0,0.0,0.0,0.0,0.0,0.0,0.0,0.0,3.6759776536312847,3.6759776536312847,13.94915254237288,13.94915254237288,20.166666666666668,20.166666666666668,0.0,0.0,1791,1791,0,0.0,21,21,59,59,24,24,0,0,0.0
CFD,59,24,0,0.0,ok,,cfd2,factor-l,/home/scan_SpTRSV/data/factors/spcg/cfd2/spcg_spilu_l_cfd2_fill10_drop0.0001_permccolamd_sp0.mtx,123440,long-chain-aware-drop,0.1,0.0,0.0001,1,1,1,0,0,14970022,14970022,1497,1497,121031,121031,0,537,537,1974,1974,0,0.0,0.0,0.0,108451,108451,0,0.0,46700,46700,0,823,823,823,0,0.0,484,484,484,0,0.0,0,0,0,0,0.0,59,59,0,24,24,0,0,0,0,0.006667206740116656,0.006667206740116656,0.006667206740116656,0.0,0.0,0.0,0.003920933246921581,0.003920933246921581,0.003920933246921581,0.0,0.0,0.0,0.0,0.0,0.0,0.0,0.0,0.0,3.6759776536312847,3.6759776536312847,13.94915254237288,13.94915254237288,20.166666666666668,20.166666666666668,0.0,0.0,1791,1791,0,0.0,21,21,59,59,24,24,0,0,0.0
CFD,59,24,0,0.0,ok,,cfd2,factor-l,/home/scan_SpTRSV/data/factors/spcg/cfd2/spcg_spilu_l_cfd2_fill10_drop0.0001_permccolamd_sp0.mtx,123440,long-chain-aware-drop,0.1,0.0013663306573630954,0.0001,-1,1,1,20454,650,14970022,14949568,1497,1497,121031,121031,0,537,537,1974,1974,0,0.0,0.0,0.0,108451,108414,-37,-0.0002997407647440052,46700,46673,27,823,823,823,0,0.0,484,484,484,0,0.0,0,0,0,0,0.0,59,59,0,24,24,0,0,0,0,0.006667206740116656,0.006667206740116656,0.006667206740116656,0.0,0.0,0.0,0.003920933246921581,0.003920933246921581,0.003920933246921581,0.0,0.0,0.0,0.0,0.0,0.0,0.0,0.0,0.0,3.6759776536312847,3.6759776536312847,13.94915254237288,13.94915254237288,20.166666666666668,20.166666666666668,0.0,0.0,1791,1791,0,0.0,21,21,59,59,24,24,0,0,0.0
CFD,59,24,0,0.0,ok,,cfd2,factor-l,/home/scan_SpTRSV/data/factors/spcg/cfd2/spcg_spilu_l_cfd2_fill10_drop0.0001_permccolamd_sp0.mtx,123440,long-chain-aware-drop,0.1,0.0,0.001,1,1,1,0,0,14970022,14970022,1497,1497,121031,121031,0,537,537,1974,1974,0,0.0,0.0,0.0,108451,108451,0,0.0,46700,46700,0,823,823,823,0,0.0,484,484,484,0,0.0,0,0,0,0,0.0,59,59,0,24,24,0,0,0,0,0.006667206740116656,0.006667206740116656,0.006667206740116656,0.0,0.0,0.0,0.003920933246921581,0.003920933246921581,0.003920933246921581,0.0,0.0,0.0,0.0,0.0,0.0,0.0,0.0,0.0,3.6759776536312847,3.6759776536312847,13.94915254237288,13.94915254237288,20.166666666666668,20.166666666666668,0.0,0.0,1791,1791,0,0.0,21,21,59,59,24,24,0,0,0.0
CFD,59,24,0,0.0,ok,,cfd2,factor-l,/home/scan_SpTRSV/data/factors/spcg/cfd2/spcg_spilu_l_cfd2_fill10_drop0.0001_permccolamd_sp0.mtx,123440,long-chain-aware-drop,0.1,0.003985899285919553,0.001,-1,1,1,59669,2045,14970022,14910353,1497,1497,121031,121031,0,537,537,1974,1974,0,0.0,0.0,0.0,108451,108378,-73,-0.0005913804277381724,46700,46611,89,823,823,823,0,0.0,484,484,484,0,0.0,0,0,0,0,0.0,59,59,0,24,24,0,0,0,0,0.006667206740116656,0.006667206740116656,0.006667206740116656,0.0,0.0,0.0,0.003920933246921581,0.003920933246921581,0.003920933246921581,0.0,0.0,0.0,0.0,0.0,0.0,0.0,0.0,0.0,3.6759776536312847,3.6759776536312847,13.94915254237288,13.94915254237288,20.166666666666668,20.166666666666668,0.0,0.0,1791,1791,0,0.0,21,21,59,59,24,24,0,0,0.0
CFD,59,24,0,0.0,ok,,cfd2,factor-l,/home/scan_SpTRSV/data/factors/spcg/cfd2/spcg_spilu_l_cfd2_fill10_drop0.0001_permccolamd_sp0.mtx,123440,long-chain-aware-drop,0.1,0.0,0.01,1,1,1,0,0,14970022,14970022,1497,1497,121031,121031,0,537,537,1974,1974,0,0.0,0.0,0.0,108451,108451,0,0.0,46700,46700,0,823,823,823,0,0.0,484,484,484,0,0.0,0,0,0,0,0.0,59,59,0,24,24,0,0,0,0,0.006667206740116656,0.006667206740116656,0.006667206740116656,0.0,0.0,0.0,0.003920933246921581,0.003920933246921581,0.003920933246921581,0.0,0.0,0.0,0.0,0.0,0.0,0.0,0.0,0.0,3.6759776536312847,3.6759776536312847,13.94915254237288,13.94915254237288,20.166666666666668,20.166666666666668,0.0,0.0,1791,1791,0,0.0,21,21,59,59,24,24,0,0,0.0
CFD,59,24,0,0.0,ok,,cfd2,factor-l,/home/scan_SpTRSV/data/factors/spcg/cfd2/spcg_spilu_l_cfd2_fill10_drop0.0001_permccolamd_sp0.mtx,123440,long-chain-aware-drop,0.1,0.007338065368240608,0.01,-1,1,1,109851,2208,14970022,14860171,1497,1497,121031,121031,0,537,537,1974,1974,0,0.0,0.0,0.0,108451,108287,-164,-0.0013285806869734284,46700,46439,261,823,823,823,0,0.0,484,484,484,0,0.0,0,0,0,0,0.0,59,59,0,24,24,0,0,0,0,0.006667206740116656,0.006667206740116656,0.006667206740116656,0.0,0.0,0.0,0.003920933246921581,0.003920933246921581,0.003920933246921581,0.0,0.0,0.0,0.0,0.0,0.0,0.0,0.0,0.0,3.6759776536312847,3.6759776536312847,13.94915254237288,13.94915254237288,20.166666666666668,20.166666666666668,0.0,0.0,1791,1791,0,0.0,21,21,59,59,24,24,0,0,0.0
CFD,5,2,0,0.0,ok,,ex11,factor-l,/home/scan_SpTRSV/data/factors/spcg/ex11/spcg_spilu_l_ex11_fill10_drop0.0001_permccolamd_sp0.mtx,16614,no-drop,0.0,0.0,,0,1,1,0,0,5435534,5435534,169,169,16361,16361,0,88,88,257,257,0,0.0,0.0,0.0,15773,15773,0,0.0,7521,7521,0,73,73,73,0,0.0,32,32,32,0,0.0,0,0,0,0,0.0,5,5,0,2,2,0,0,0,0,0.004393884675574816,0.004393884675574816,0.004393884675574816,0.0,0.0,0.0,0.0019260864331286866,0.0019260864331286866,0.0019260864331286866,0.0,0.0,0.0,0.0,0.0,0.0,0.0,0.0,0.0,2.9204545454545454,2.9204545454545454,14.6,14.6,16.0,16.0,0.0,0.0,137,137,0,0.0,16,16,5,5,2,2,0,0,0.0
CFD,5,2,0,0.0,ok,,ex11,factor-l,/home/scan_SpTRSV/data/factors/spcg/ex11/spcg_spilu_l_ex11_fill10_drop0.0001_permccolamd_sp0.mtx,16614,magnitude-drop,0.01,0.0029161808205044803,0.0001,1,1,1,15851,15851,5435534,5419683,169,175,16361,16355,6,88,94,257,269,12,0.0007222824124232575,0.24768094191714332,0.002476809419171433,15773,15640,-133,-0.008005296737691105,7521,7444,77,73,73,73,0,0.0,32,32,32,0,0.0,0,0,0,0,0.0,5,5,0,2,2,0,0,0,0,0.004393884675574816,0.004393884675574816,0.004393884675574816,0.0,0.0,0.0,0.0019260864331286866,0.0019260864331286866,0.0019260864331286866,0.0,0.0,0.0,0.0,0.0,0.0,0.0,0.0,0.0,2.9204545454545454,2.8617021276595747,14.6,14.6,16.0,16.0,0.0,0.0,137,137,0,0.0,16,16,5,5,2,2,0,0,0.000757050028389376
CFD,5,2,0,0.0,ok,,ex11,factor-l,/home/scan_SpTRSV/data/factors/spcg/ex11/spcg_spilu_l_ex11_fill10_drop0.0001_permccolamd_sp0.mtx,16614,magnitude-drop,0.01,0.0099999374486481,0.0001,-1,1,1,54355,1146,5435534,5381179,169,169,16361,16361,0,88,88,257,257,0,0.0,0.0,0.0,15773,15753,-20,-0.001203804020705429,7521,7509,12,73,73,73,0,0.0,32,32,32,0,0.0,0,0,0,0,0.0,5,5,0,2,2,0,0,0,0,0.004393884675574816,0.004393884675574816,0.004393884675574816,0.0,0.0,0.0,0.0019260864331286866,0.0019260864331286866,0.0019260864331286866,0.0,0.0,0.0,0.0,0.0,0.0,0.0,0.0,0.0,2.9204545454545454,2.9204545454545454,14.6,14.6,16.0,16.0,0.0,0.0,137,137,0,0.0,16,16,5,5,2,2,0,0,0.0
CFD,5,2,0,0.0,ok,,ex11,factor-l,/home/scan_SpTRSV/data/factors/spcg/ex11/spcg_spilu_l_ex11_fill10_drop0.0001_permccolamd_sp0.mtx,16614,magnitude-drop,0.01,0.0029496641912275775,0.001,1,1,1,16033,16033,5435534,5419501,169,177,16361,16353,8,88,92,257,265,8,0.00048152160828217165,0.16324624671318066,0.0016324624671318069,15773,15626,-147,-0.008847959552184904,7521,7435,86,73,73,73,0,0.0,32,32,32,0,0.0,0,0,0,0,0.0,5,5,0,2,2,0,0,0,0,0.004393884675574816,0.004393884675574816,0.004393884675574816,0.0,0.0,0.0,0.0019260864331286866,0.0019260864331286866,0.0019260864331286866,0.0,0.0,0.0,0.0,0.0,0.0,0.0,0.0,0.0,2.9204545454545454,2.880434782608696,14.6,14.6,16.0,16.0,0.0,0.0,137,137,0,0.0,16,16,5,5,2,2,0,0,0.0004989708725753134
CFD,5,2,0,0.0,ok,,ex11,factor-l,/home/scan_SpTRSV/data/factors/spcg/ex11/spcg_spilu_l_ex11_fill10_drop0.0001_permccolamd_sp0.mtx,16614,magnitude-drop,0.01,0.0099999374486481,0.001,-1,1,1,54355,1146,5435534,5381179,169,169,16361,16361,0,88,88,257,257,0,0.0,0.0,0.0,15773,15753,-20,-0.001203804020705429,7521,7509,12,73,73,73,0,0.0,32,32,32,0,0.0,0,0,0,0,0.0,5,5,0,2,2,0,0,0,0,0.004393884675574816,0.004393884675574816,0.004393884675574816,0.0,0.0,0.0,0.0019260864331286866,0.0019260864331286866,0.0019260864331286866,0.0,0.0,0.0,0.0,0.0,0.0,0.0,0.0,0.0,2.9204545454545454,2.9204545454545454,14.6,14.6,16.0,16.0,0.0,0.0,137,137,0,0.0,16,16,5,5,2,2,0,0,0.0
CFD,5,2,0,0.0,ok,,ex11,factor-l,/home/scan_SpTRSV/data/factors/spcg/ex11/spcg_spilu_l_ex11_fill10_drop0.0001_permccolamd_sp0.mtx,16614,magnitude-drop,0.01,0.002973396910036806,0.01,1,1,1,16162,16162,5435534,5419372,169,185,16361,16345,16,88,98,257,279,22,0.0013241844227759722,0.4453439829395601,0.004453439829395601,15773,15622,-151,-0.00908872035632599,7521,7425,96,73,73,73,0,0.0,32,32,32,0,0.0,0,0,0,0,0.0,5,5,0,2,2,0,0,0,0,0.004393884675574816,0.004393884675574816,0.004393884675574816,0.0,0.0,0.0,0.0019260864331286866,0.0019260864331286866,0.0019260864331286866,0.0,0.0,0.0,0.0,0.0,0.0,0.0,0.0,0.0,2.9204545454545454,2.8469387755102042,14.6,14.6,16.0,16.0,0.0,0.0,137,137,0,0.0,16,16,5,5,2,2,0,0,0.0013612176710803118
CFD,5,2,0,0.0,ok,,ex11,factor-l,/home/scan_SpTRSV/data/factors/spcg/ex11/spcg_spilu_l_ex11_fill10_drop0.0001_permccolamd_sp0.mtx,16614,magnitude-drop,0.01,0.0099999374486481,0.01,-1,1,1,54355,1146,5435534,5381179,169,169,16361,16361,0,88,88,257,257,0,0.0,0.0,0.0,15773,15753,-20,-0.001203804020705429,7521,7509,12,73,73,73,0,0.0,32,32,32,0,0.0,0,0,0,0,0.0,5,5,0,2,2,0,0,0,0,0.004393884675574816,0.004393884675574816,0.004393884675574816,0.0,0.0,0.0,0.0019260864331286866,0.0019260864331286866,0.0019260864331286866,0.0,0.0,0.0,0.0,0.0,0.0,0.0,0.0,0.0,2.9204545454545454,2.9204545454545454,14.6,14.6,16.0,16.0,0.0,0.0,137,137,0,0.0,16,16,5,5,2,2,0,0,0.0
CFD,5,2,0,0.0,ok,,ex11,factor-l,/home/scan_SpTRSV/data/factors/spcg/ex11/spcg_spilu_l_ex11_fill10_drop0.0001_permccolamd_sp0.mtx,16614,magnitude-drop,0.02,0.0029161808205044803,0.0001,1,1,1,15851,15851,5435534,5419683,169,175,16361,16355,6,88,94,257,269,12,0.0007222824124232575,0.24768094191714332,0.002476809419171433,15773,15640,-133,-0.008005296737691105,7521,7444,77,73,73,73,0,0.0,32,32,32,0,0.0,0,0,0,0,0.0,5,5,0,2,2,0,0,0,0,0.004393884675574816,0.004393884675574816,0.004393884675574816,0.0,0.0,0.0,0.0019260864331286866,0.0019260864331286866,0.0019260864331286866,0.0,0.0,0.0,0.0,0.0,0.0,0.0,0.0,0.0,2.9204545454545454,2.8617021276595747,14.6,14.6,16.0,16.0,0.0,0.0,137,137,0,0.0,16,16,5,5,2,2,0,0,0.000757050028389376
CFD,5,2,0,0.0,ok,,ex11,factor-l,/home/scan_SpTRSV/data/factors/spcg/ex11/spcg_spilu_l_ex11_fill10_drop0.0001_permccolamd_sp0.mtx,16614,magnitude-drop,0.02,0.0199998748972962,0.0001,-1,1,1,108710,1619,5435534,5326824,169,172,16361,16358,3,88,91,257,263,6,0.00036114120621162876,0.018057173260641334,0.00018057173260641334,15773,15699,-74,-0.004454074876610088,7521,7483,38,73,73,73,0,0.0,32,32,32,0,0.0,0,0,0,0,0.0,5,5,0,2,2,0,0,0,0,0.004393884675574816,0.004393884675574816,0.004393884675574816,0.0,0.0,0.0,0.0019260864331286866,0.0019260864331286866,0.0019260864331286866,0.0,0.0,0.0,0.0,0.0,0.0,0.0,0.0,0.0,2.9204545454545454,2.89010989010989,14.6,14.6,16.0,16.0,0.0,0.0,137,137,0,0.0,16,16,5,5,2,2,0,0,5.519271456167786e-05
CFD,5,2,0,0.0,ok,,ex11,factor-l,/home/scan_SpTRSV/data/factors/spcg/ex11/spcg_spilu_l_ex11_fill10_drop0.0001_permccolamd_sp0.mtx,16614,magnitude-drop,0.02,0.0029496641912275775,0.001,1,1,1,16033,16033,5435534,5419501,169,177,16361,16353,8,88,92,257,265,8,0.00048152160828217165,0.16324624671318066,0.0016324624671318069,15773,15626,-147,-0.008847959552184904,7521,7435,86,73,73,73,0,0.0,32,32,32,0,0.0,0,0,0,0,0.0,5,5,0,2,2,0,0,0,0,0.004393884675574816,0.004393884675574816,0.004393884675574816,0.0,0.0,0.0,0.0019260864331286866,0.0019260864331286866,0.0019260864331286866,0.0,0.0,0.0,0.0,0.0,0.0,0.0,0.0,0.0,2.9204545454545454,2.880434782608696,14.6,14.6,16.0,16.0,0.0,0.0,137,137,0,0.0,16,16,5,5,2,2,0,0,0.0004989708725753134
CFD,5,2,0,0.0,ok,,ex11,factor-l,/home/scan_SpTRSV/data/factors/spcg/ex11/spcg_spilu_l_ex11_fill10_drop0.0001_permccolamd_sp0.mtx,16614,magnitude-drop,0.02,0.0199998748972962,0.001,-1,1,1,108710,1619,5435534,5326824,169,172,16361,16358,3,88,91,257,263,6,0.00036114120621162876,0.018057173260641334,0.00018057173260641334,15773,15699,-74,-0.004454074876610088,7521,7483,38,73,73,73,0,0.0,32,32,32,0,0.0,0,0,0,0,0.0,5,5,0,2,2,0,0,0,0,0.004393884675574816,0.004393884675574816,0.004393884675574816,0.0,0.0,0.0,0.0019260864331286866,0.0019260864331286866,0.0019260864331286866,0.0,0.0,0.0,0.0,0.0,0.0,0.0,0.0,0.0,2.9204545454545454,2.89010989010989,14.6,14.6,16.0,16.0,0.0,0.0,137,137,0,0.0,16,16,5,5,2,2,0,0,5.519271456167786e-05
CFD,5,2,0,0.0,ok,,ex11,factor-l,/home/scan_SpTRSV/data/factors/spcg/ex11/spcg_spilu_l_ex11_fill10_drop0.0001_permccolamd_sp0.mtx,16614,magnitude-drop,0.02,0.002973396910036806,0.01,1,1,1,16162,16162,5435534,5419372,169,185,16361,16345,16,88,98,257,279,22,0.0013241844227759722,0.4453439829395601,0.004453439829395601,15773,15622,-151,-0.00908872035632599,7521,7425,96,73,73,73,0,0.0,32,32,32,0,0.0,0,0,0,0,0.0,5,5,0,2,2,0,0,0,0,0.004393884675574816,0.004393884675574816,0.004393884675574816,0.0,0.0,0.0,0.0019260864331286866,0.0019260864331286866,0.0019260864331286866,0.0,0.0,0.0,0.0,0.0,0.0,0.0,0.0,0.0,2.9204545454545454,2.8469387755102042,14.6,14.6,16.0,16.0,0.0,0.0,137,137,0,0.0,16,16,5,5,2,2,0,0,0.0013612176710803118
CFD,5,2,0,0.0,ok,,ex11,factor-l,/home/scan_SpTRSV/data/factors/spcg/ex11/spcg_spilu_l_ex11_fill10_drop0.0001_permccolamd_sp0.mtx,16614,magnitude-drop,0.02,0.0199998748972962,0.01,-1,1,1,108710,1619,5435534,5326824,169,172,16361,16358,3,88,91,257,263,6,0.00036114120621162876,0.018057173260641334,0.00018057173260641334,15773,15699,-74,-0.004454074876610088,7521,7483,38,73,73,73,0,0.0,32,32,32,0,0.0,0,0,0,0,0.0,5,5,0,2,2,0,0,0,0,0.004393884675574816,0.004393884675574816,0.004393884675574816,0.0,0.0,0.0,0.0019260864331286866,0.0019260864331286866,0.0019260864331286866,0.0,0.0,0.0,0.0,0.0,0.0,0.0,0.0,0.0,2.9204545454545454,2.89010989010989,14.6,14.6,16.0,16.0,0.0,0.0,137,137,0,0.0,16,16,5,5,2,2,0,0,5.519271456167786e-05
CFD,5,2,0,0.0,ok,,ex11,factor-l,/home/scan_SpTRSV/data/factors/spcg/ex11/spcg_spilu_l_ex11_fill10_drop0.0001_permccolamd_sp0.mtx,16614,magnitude-drop,0.05,0.0029161808205044803,0.0001,1,1,1,15851,15851,5435534,5419683,169,175,16361,16355,6,88,94,257,269,12,0.0007222824124232575,0.24768094191714332,0.002476809419171433,15773,15640,-133,-0.008005296737691105,7521,7444,77,73,73,73,0,0.0,32,32,32,0,0.0,0,0,0,0,0.0,5,5,0,2,2,0,0,0,0,0.004393884675574816,0.004393884675574816,0.004393884675574816,0.0,0.0,0.0,0.0019260864331286866,0.0019260864331286866,0.0019260864331286866,0.0,0.0,0.0,0.0,0.0,0.0,0.0,0.0,0.0,2.9204545454545454,2.8617021276595747,14.6,14.6,16.0,16.0,0.0,0.0,137,137,0,0.0,16,16,5,5,2,2,0,0,0.000757050028389376
CFD,5,2,0,0.0,ok,,ex11,factor-l,/home/scan_SpTRSV/data/factors/spcg/ex11/spcg_spilu_l_ex11_fill10_drop0.0001_permccolamd_sp0.mtx,16614,magnitude-drop,0.05,0.049999871217804914,0.0001,-1,1,1,271776,4849,5435534,5163758,169,176,16361,16354,7,88,95,257,271,14,0.0008426628144938004,0.0168532996979746,0.00016853299697974598,15773,15489,-284,-0.017094017094017096,7521,7327,194,73,73,73,0,0.0,32,32,32,0,0.0,0,0,0,0,0.0,5,5,0,2,2,0,0,0,0,0.004393884675574816,0.004393884675574816,0.004393884675574816,0.0,0.0,0.0,0.0019260864331286866,0.0019260864331286866,0.0019260864331286866,0.0,0.0,0.0,0.0,0.0,0.0,0.0,0.0,0.0,2.9204545454545454,2.8526315789473684,14.6,14.6,16.0,16.0,0.0,0.0,137,137,0,0.0,16,16,5,5,2,2,0,0,5.151301071470623e-05
CFD,5,2,0,0.0,ok,,ex11,factor-l,/home/scan_SpTRSV/data/factors/spcg/ex11/spcg_spilu_l_ex11_fill10_drop0.0001_permccolamd_sp0.mtx,16614,magnitude-drop,0.05,0.0029496641912275775,0.001,1,1,1,16033,16033,5435534,5419501,169,177,16361,16353,8,88,92,257,265,8,0.00048152160828217165,0.16324624671318066,0.0016324624671318069,15773,15626,-147,-0.008847959552184904,7521,7435,86,73,73,73,0,0.0,32,32,32,0,0.0,0,0,0,0,0.0,5,5,0,2,2,0,0,0,0,0.004393884675574816,0.004393884675574816,0.004393884675574816,0.0,0.0,0.0,0.0019260864331286866,0.0019260864331286866,0.0019260864331286866,0.0,0.0,0.0,0.0,0.0,0.0,0.0,0.0,0.0,2.9204545454545454,2.880434782608696,14.6,14.6,16.0,16.0,0.0,0.0,137,137,0,0.0,16,16,5,5,2,2,0,0,0.0004989708725753134
CFD,5,2,0,0.0,ok,,ex11,factor-l,/home/scan_SpTRSV/data/factors/spcg/ex11/spcg_spilu_l_ex11_fill10_drop0.0001_permccolamd_sp0.mtx,16614,magnitude-drop,0.05,0.049999871217804914,0.001,-1,1,1,271776,4849,5435534,5163758,169,176,16361,16354,7,88,95,257,271,14,0.0008426628144938004,0.0168532996979746,0.00016853299697974598,15773,15489,-284,-0.017094017094017096,7521,7327,194,73,73,73,0,0.0,32,32,32,0,0.0,0,0,0,0,0.0,5,5,0,2,2,0,0,0,0,0.004393884675574816,0.004393884675574816,0.004393884675574816,0.0,0.0,0.0,0.0019260864331286866,0.0019260864331286866,0.0019260864331286866,0.0,0.0,0.0,0.0,0.0,0.0,0.0,0.0,0.0,2.9204545454545454,2.8526315789473684,14.6,14.6,16.0,16.0,0.0,0.0,137,137,0,0.0,16,16,5,5,2,2,0,0,5.151301071470623e-05
CFD,5,2,0,0.0,ok,,ex11,factor-l,/home/scan_SpTRSV/data/factors/spcg/ex11/spcg_spilu_l_ex11_fill10_drop0.0001_permccolamd_sp0.mtx,16614,magnitude-drop,0.05,0.002973396910036806,0.01,1,1,1,16162,16162,5435534,5419372,169,185,16361,16345,16,88,98,257,279,22,0.0013241844227759722,0.4453439829395601,0.004453439829395601,15773,15622,-151,-0.00908872035632599,7521,7425,96,73,73,73,0,0.0,32,32,32,0,0.0,0,0,0,0,0.0,5,5,0,2,2,0,0,0,0,0.004393884675574816,0.004393884675574816,0.004393884675574816,0.0,0.0,0.0,0.0019260864331286866,0.0019260864331286866,0.0019260864331286866,0.0,0.0,0.0,0.0,0.0,0.0,0.0,0.0,0.0,2.9204545454545454,2.8469387755102042,14.6,14.6,16.0,16.0,0.0,0.0,137,137,0,0.0,16,16,5,5,2,2,0,0,0.0013612176710803118
CFD,5,2,0,0.0,ok,,ex11,factor-l,/home/scan_SpTRSV/data/factors/spcg/ex11/spcg_spilu_l_ex11_fill10_drop0.0001_permccolamd_sp0.mtx,16614,magnitude-drop,0.05,0.049999871217804914,0.01,-1,1,1,271776,4849,5435534,5163758,169,176,16361,16354,7,88,95,257,271,14,0.0008426628144938004,0.0168532996979746,0.00016853299697974598,15773,15489,-284,-0.017094017094017096,7521,7327,194,73,73,73,0,0.0,32,32,32,0,0.0,0,0,0,0,0.0,5,5,0,2,2,0,0,0,0,0.004393884675574816,0.004393884675574816,0.004393884675574816,0.0,0.0,0.0,0.0019260864331286866,0.0019260864331286866,0.0019260864331286866,0.0,0.0,0.0,0.0,0.0,0.0,0.0,0.0,0.0,2.9204545454545454,2.8526315789473684,14.6,14.6,16.0,16.0,0.0,0.0,137,137,0,0.0,16,16,5,5,2,2,0,0,5.151301071470623e-05
CFD,5,2,0,0.0,ok,,ex11,factor-l,/home/scan_SpTRSV/data/factors/spcg/ex11/spcg_spilu_l_ex11_fill10_drop0.0001_permccolamd_sp0.mtx,16614,magnitude-drop,0.1,0.0029161808205044803,0.0001,1,1,1,15851,15851,5435534,5419683,169,175,16361,16355,6,88,94,257,269,12,0.0007222824124232575,0.24768094191714332,0.002476809419171433,15773,15640,-133,-0.008005296737691105,7521,7444,77,73,73,73,0,0.0,32,32,32,0,0.0,0,0,0,0,0.0,5,5,0,2,2,0,0,0,0,0.004393884675574816,0.004393884675574816,0.004393884675574816,0.0,0.0,0.0,0.0019260864331286866,0.0019260864331286866,0.0019260864331286866,0.0,0.0,0.0,0.0,0.0,0.0,0.0,0.0,0.0,2.9204545454545454,2.8617021276595747,14.6,14.6,16.0,16.0,0.0,0.0,137,137,0,0.0,16,16,5,5,2,2,0,0,0.000757050028389376
CFD,5,1,0,-0.00019862780958625483,ok,,ex11,factor-l,/home/scan_SpTRSV/data/factors/spcg/ex11/spcg_spilu_l_ex11_fill10_drop0.0001_permccolamd_sp0.mtx,16614,magnitude-drop,0.1,0.09999992641017423,0.0001,-1,1,1,543553,11882,5435534,4891981,169,178,16361,16352,9,88,96,257,272,15,0.0009028530155290719,0.009028536799375219,9.028536799375219e-05,15773,15314,-459,-0.0276273022751896,7521,7253,268,73,72,72,-1,-1.839746997992836e-06,32,16,16,-16,-2.9435951967885375e-05,0,0,0,0,0.0,5,5,0,2,1,-1,0,0,0,0.004393884675574816,0.004333694474539545,0.004333694474539545,-6.019020103527166e-05,-0.0006019024532916832,-6.019024532916833e-06,0.0019260864331286866,0.0009630432165643433,0.0009630432165643433,-0.0009630432165643433,-0.0096304392526669,-9.6304392526669e-05,0.0,0.0,0.0,0.0,0.0,0.0,2.9204545454545454,2.8333333333333335,14.6,14.4,16.0,16.0,0.0,0.0,137,104,-33,-0.00019862780958625483,16,16,5,5,2,1,0,0,2.759620496989254e-05
CFD,5,2,0,0.0,ok,,ex11,factor-l,/home/scan_SpTRSV/data/factors/spcg/ex11/spcg_spilu_l_ex11_fill10_drop0.0001_permccolamd_sp0.mtx,16614,magnitude-drop,0.1,0.0029496641912275775,0.001,1,1,1,16033,16033,5435534,5419501,169,177,16361,16353,8,88,92,257,265,8,0.00048152160828217165,0.16324624671318066,0.0016324624671318069,15773,15626,-147,-0.008847959552184904,7521,7435,86,73,73,73,0,0.0,32,32,32,0,0.0,0,0,0,0,0.0,5,5,0,2,2,0,0,0,0,0.004393884675574816,0.004393884675574816,0.004393884675574816,0.0,0.0,0.0,0.0019260864331286866,0.0019260864331286866,0.0019260864331286866,0.0,0.0,0.0,0.0,0.0,0.0,0.0,0.0,0.0,2.9204545454545454,2.880434782608696,14.6,14.6,16.0,16.0,0.0,0.0,137,137,0,0.0,16,16,5,5,2,2,0,0,0.0004989708725753134
CFD,5,1,0,-0.00019862780958625483,ok,,ex11,factor-l,/home/scan_SpTRSV/data/factors/spcg/ex11/spcg_spilu_l_ex11_fill10_drop0.0001_permccolamd_sp0.mtx,16614,magnitude-drop,0.1,0.09999992641017423,0.001,-1,1,1,543553,11882,5435534,4891981,169,178,16361,16352,9,88,96,257,272,15,0.0009028530155290719,0.009028536799375219,9.028536799375219e-05,15773,15314,-459,-0.0276273022751896,7521,7253,268,73,72,72,-1,-1.839746997992836e-06,32,16,16,-16,-2.9435951967885375e-05,0,0,0,0,0.0,5,5,0,2,1,-1,0,0,0,0.004393884675574816,0.004333694474539545,0.004333694474539545,-6.019020103527166e-05,-0.0006019024532916832,-6.019024532916833e-06,0.0019260864331286866,0.0009630432165643433,0.0009630432165643433,-0.0009630432165643433,-0.0096304392526669,-9.6304392526669e-05,0.0,0.0,0.0,0.0,0.0,0.0,2.9204545454545454,2.8333333333333335,14.6,14.4,16.0,16.0,0.0,0.0,137,104,-33,-0.00019862780958625483,16,16,5,5,2,1,0,0,2.759620496989254e-05
CFD,5,2,0,0.0,ok,,ex11,factor-l,/home/scan_SpTRSV/data/factors/spcg/ex11/spcg_spilu_l_ex11_fill10_drop0.0001_permccolamd_sp0.mtx,16614,magnitude-drop,0.1,0.002973396910036806,0.01,1,1,1,16162,16162,5435534,5419372,169,185,16361,16345,16,88,98,257,279,22,0.0013241844227759722,0.4453439829395601,0.004453439829395601,15773,15622,-151,-0.00908872035632599,7521,7425,96,73,73,73,0,0.0,32,32,32,0,0.0,0,0,0,0,0.0,5,5,0,2,2,0,0,0,0,0.004393884675574816,0.004393884675574816,0.004393884675574816,0.0,0.0,0.0,0.0019260864331286866,0.0019260864331286866,0.0019260864331286866,0.0,0.0,0.0,0.0,0.0,0.0,0.0,0.0,0.0,2.9204545454545454,2.8469387755102042,14.6,14.6,16.0,16.0,0.0,0.0,137,137,0,0.0,16,16,5,5,2,2,0,0,0.0013612176710803118
CFD,5,1,0,-0.00019862780958625483,ok,,ex11,factor-l,/home/scan_SpTRSV/data/factors/spcg/ex11/spcg_spilu_l_ex11_fill10_drop0.0001_permccolamd_sp0.mtx,16614,magnitude-drop,0.1,0.09999992641017423,0.01,-1,1,1,543553,11882,5435534,4891981,169,178,16361,16352,9,88,96,257,272,15,0.0009028530155290719,0.009028536799375219,9.028536799375219e-05,15773,15314,-459,-0.0276273022751896,7521,7253,268,73,72,72,-1,-1.839746997992836e-06,32,16,16,-16,-2.9435951967885375e-05,0,0,0,0,0.0,5,5,0,2,1,-1,0,0,0,0.004393884675574816,0.004333694474539545,0.004333694474539545,-6.019020103527166e-05,-0.0006019024532916832,-6.019024532916833e-06,0.0019260864331286866,0.0009630432165643433,0.0009630432165643433,-0.0009630432165643433,-0.0096304392526669,-9.6304392526669e-05,0.0,0.0,0.0,0.0,0.0,0.0,2.9204545454545454,2.8333333333333335,14.6,14.4,16.0,16.0,0.0,0.0,137,104,-33,-0.00019862780958625483,16,16,5,5,2,1,0,0,2.759620496989254e-05
CFD,5,2,0,0.0,ok,,ex11,factor-l,/home/scan_SpTRSV/data/factors/spcg/ex11/spcg_spilu_l_ex11_fill10_drop0.0001_permccolamd_sp0.mtx,16614,wavefront-oriented,0.01,0.0029161808205044803,0.0001,1,1,1,15851,15851,5435534,5419683,169,175,16361,16355,6,88,94,257,269,12,0.0007222824124232575,0.24768094191714332,0.002476809419171433,15773,14227,-1546,-0.09305405080052967,7521,6388,1133,73,73,73,0,0.0,32,32,32,0,0.0,0,0,0,0,0.0,5,5,0,2,2,0,0,0,0,0.004393884675574816,0.004393884675574816,0.004393884675574816,0.0,0.0,0.0,0.0019260864331286866,0.0019260864331286866,0.0019260864331286866,0.0,0.0,0.0,0.0,0.0,0.0,0.0,0.0,0.0,2.9204545454545454,2.8617021276595747,14.6,14.6,16.0,16.0,0.0,0.0,137,137,0,0.0,16,16,5,5,2,2,0,0,0.000757050028389376
CFD,5,2,0,0.0,ok,,ex11,factor-l,/home/scan_SpTRSV/data/factors/spcg/ex11/spcg_spilu_l_ex11_fill10_drop0.0001_permccolamd_sp0.mtx,16614,wavefront-oriented,0.01,0.0099999374486481,0.0001,-1,1,1,54355,2015,5435534,5381179,169,174,16361,16356,5,88,93,257,267,10,0.0006019020103527145,0.0601905775354711,0.000601905775354711,15773,14772,-1001,-0.06025039123630673,7521,7017,504,73,73,73,0,0.0,32,32,32,0,0.0,0,0,0,0,0.0,5,5,0,2,2,0,0,0,0,0.004393884675574816,0.004393884675574816,0.004393884675574816,0.0,0.0,0.0,0.0019260864331286866,0.0019260864331286866,0.0019260864331286866,0.0,0.0,0.0,0.0,0.0,0.0,0.0,0.0,0.0,2.9204545454545454,2.870967741935484,14.6,14.6,16.0,16.0,0.0,0.0,137,137,0,0.0,16,16,5,5,2,2,0,0,0.00018397571520559287
CFD,5,2,0,0.0,ok,,ex11,factor-l,/home/scan_SpTRSV/data/factors/spcg/ex11/spcg_spilu_l_ex11_fill10_drop0.0001_permccolamd_sp0.mtx,16614,wavefront-oriented,0.01,0.0029496641912275775,0.001,1,1,1,16033,16033,5435534,5419501,169,177,16361,16353,8,88,92,257,265,8,0.00048152160828217165,0.16324624671318066,0.0016324624671318069,15773,12573,-3200,-0.19260864331286867,7521,5148,2373,73,73,73,0,0.0,32,32,32,0,0.0,0,0,0,0,0.0,5,5,0,2,2,0,0,0,0,0.004393884675574816,0.004393884675574816,0.004393884675574816,0.0,0.0,0.0,0.0019260864331286866,0.0019260864331286866,0.0019260864331286866,0.0,0.0,0.0,0.0,0.0,0.0,0.0,0.0,0.0,2.9204545454545454,2.880434782608696,14.6,14.6,16.0,16.0,0.0,0.0,137,137,0,0.0,16,16,5,5,2,2,0,0,0.0004989708725753134
CFD,5,2,0,0.0,ok,,ex11,factor-l,/home/scan_SpTRSV/data/factors/spcg/ex11/spcg_spilu_l_ex11_fill10_drop0.0001_permccolamd_sp0.mtx,16614,wavefront-oriented,0.01,0.0099999374486481,0.001,-1,1,1,54355,2199,5435534,5381179,169,174,16361,16356,5,88,93,257,267,10,0.0006019020103527145,0.0601905775354711,0.000601905775354711,15773,14449,-1324,-0.0796918261706994,7521,6809,712,73,73,73,0,0.0,32,32,32,0,0.0,0,0,0,0,0.0,5,5,0,2,2,0,0,0,0,0.004393884675574816,0.004393884675574816,0.004393884675574816,0.0,0.0,0.0,0.0019260864331286866,0.0019260864331286866,0.0019260864331286866,0.0,0.0,0.0,0.0,0.0,0.0,0.0,0.0,0.0,2.9204545454545454,2.870967741935484,14.6,14.6,16.0,16.0,0.0,0.0,137,137,0,0.0,16,16,5,5,2,2,0,0,0.00018397571520559287
CFD,5,2,0,0.0,ok,,ex11,factor-l,/home/scan_SpTRSV/data/factors/spcg/ex11/spcg_spilu_l_ex11_fill10_drop0.0001_permccolamd_sp0.mtx,16614,wavefront-oriented,0.01,0.002973396910036806,0.01,1,1,1,16162,16162,5435534,5419372,169,185,16361,16345,16,88,98,257,279,22,0.0013241844227759722,0.4453439829395601,0.004453439829395601,15773,10727,-5046,-0.30371975442397975,7521,4068,3453,73,73,73,0,0.0,32,32,32,0,0.0,0,0,0,0,0.0,5,5,0,2,2,0,0,0,0,0.004393884675574816,0.004393884675574816,0.004393884675574816,0.0,0.0,0.0,0.0019260864331286866,0.0019260864331286866,0.0019260864331286866,0.0,0.0,0.0,0.0,0.0,0.0,0.0,0.0,0.0,2.9204545454545454,2.8469387755102042,14.6,14.6,16.0,16.0,0.0,0.0,137,137,0,0.0,16,16,5,5,2,2,0,0,0.0013612176710803118
CFD,5,2,0,0.0,ok,,ex11,factor-l,/home/scan_SpTRSV/data/factors/spcg/ex11/spcg_spilu_l_ex11_fill10_drop0.0001_permccolamd_sp0.mtx,16614,wavefront-oriented,0.01,0.0099999374486481,0.01,-1,1,1,54355,2499,5435534,5381179,169,178,16361,16352,9,88,96,257,274,17,0.0010232334175996147,0.10232398181030088,0.0010232398181030087,15773,14028,-1745,-0.1050319008065487,7521,6556,965,73,73,73,0,0.0,32,32,32,0,0.0,0,0,0,0,0.0,5,5,0,2,2,0,0,0,0,0.004393884675574816,0.004393884675574816,0.004393884675574816,0.0,0.0,0.0,0.0019260864331286866,0.0019260864331286866,0.0019260864331286866,0.0,0.0,0.0,0.0,0.0,0.0,0.0,0.0,0.0,2.9204545454545454,2.8541666666666665,14.6,14.6,16.0,16.0,0.0,0.0,137,137,0,0.0,16,16,5,5,2,2,0,0,0.0003127587158495079
CFD,5,2,0,0.0,ok,,ex11,factor-l,/home/scan_SpTRSV/data/factors/spcg/ex11/spcg_spilu_l_ex11_fill10_drop0.0001_permccolamd_sp0.mtx,16614,wavefront-oriented,0.02,0.0029161808205044803,0.0001,1,1,1,15851,15851,5435534,5419683,169,175,16361,16355,6,88,94,257,269,12,0.0007222824124232575,0.24768094191714332,0.002476809419171433,15773,14227,-1546,-0.09305405080052967,7521,6388,1133,73,73,73,0,0.0,32,32,32,0,0.0,0,0,0,0,0.0,5,5,0,2,2,0,0,0,0,0.004393884675574816,0.004393884675574816,0.004393884675574816,0.0,0.0,0.0,0.0019260864331286866,0.0019260864331286866,0.0019260864331286866,0.0,0.0,0.0,0.0,0.0,0.0,0.0,0.0,0.0,2.9204545454545454,2.8617021276595747,14.6,14.6,16.0,16.0,0.0,0.0,137,137,0,0.0,16,16,5,5,2,2,0,0,0.000757050028389376
CFD,5,2,0,0.0,ok,,ex11,factor-l,/home/scan_SpTRSV/data/factors/spcg/ex11/spcg_spilu_l_ex11_fill10_drop0.0001_permccolamd_sp0.mtx,16614,wavefront-oriented,0.02,0.0199998748972962,0.0001,-1,1,1,108710,2160,5435534,5326824,169,179,16361,16351,10,88,97,257,276,19,0.0011436138196701576,0.057181048658697546,0.0005718104865869755,15773,14713,-1060,-0.06380161309738774,7521,6998,523,73,73,73,0,0.0,32,32,32,0,0.0,0,0,0,0,0.0,5,5,0,2,2,0,0,0,0,0.004393884675574816,0.004393884675574816,0.004393884675574816,0.0,0.0,0.0,0.0019260864331286866,0.0019260864331286866,0.0019260864331286866,0.0,0.0,0.0,0.0,0.0,0.0,0.0,0.0,0.0,2.9204545454545454,2.845360824742268,14.6,14.6,16.0,16.0,0.0,0.0,137,137,0,0.0,16,16,5,5,2,2,0,0,0.00017477692944531322
CFD,5,2,0,0.0,ok,,ex11,factor-l,/home/scan_SpTRSV/data/factors/spcg/ex11/spcg_spilu_l_ex11_fill10_drop0.0001_permccolamd_sp0.mtx,16614,wavefront-oriented,0.02,0.0029496641912275775,0.001,1,1,1,16033,16033,5435534,5419501,169,177,16361,16353,8,88,92,257,265,8,0.00048152160828217165,0.16324624671318066,0.0016324624671318069,15773,12573,-3200,-0.19260864331286867,7521,5148,2373,73,73,73,0,0.0,32,32,32,0,0.0,0,0,0,0,0.0,5,5,0,2,2,0,0,0,0,0.004393884675574816,0.004393884675574816,0.004393884675574816,0.0,0.0,0.0,0.0019260864331286866,0.0019260864331286866,0.0019260864331286866,0.0,0.0,0.0,0.0,0.0,0.0,0.0,0.0,0.0,2.9204545454545454,2.880434782608696,14.6,14.6,16.0,16.0,0.0,0.0,137,137,0,0.0,16,16,5,5,2,2,0,0,0.0004989708725753134
CFD,5,2,0,0.0,ok,,ex11,factor-l,/home/scan_SpTRSV/data/factors/spcg/ex11/spcg_spilu_l_ex11_fill10_drop0.0001_permccolamd_sp0.mtx,16614,wavefront-oriented,0.02,0.0199998748972962,0.001,-1,1,1,108710,2379,5435534,5326824,169,184,16361,16346,15,88,99,257,281,24,0.001444564824846515,0.07222869304256534,0.0007222869304256533,15773,14363,-1410,-0.08486818345973275,7521,6773,748,73,73,73,0,0.0,32,32,32,0,0.0,0,0,0,0,0.0,5,5,0,2,2,0,0,0,0,0.004393884675574816,0.004393884675574816,0.004393884675574816,0.0,0.0,0.0,0.0019260864331286866,0.0019260864331286866,0.0019260864331286866,0.0,0.0,0.0,0.0,0.0,0.0,0.0,0.0,0.0,2.9204545454545454,2.8383838383838382,14.6,14.6,16.0,16.0,0.0,0.0,137,137,0,0.0,16,16,5,5,2,2,0,0,0.00022077085824671143
CFD,5,2,0,0.0,ok,,ex11,factor-l,/home/scan_SpTRSV/data/factors/spcg/ex11/spcg_spilu_l_ex11_fill10_drop0.0001_permccolamd_sp0.mtx,16614,wavefront-oriented,0.02,0.002973396910036806,0.01,1,1,1,16162,16162,5435534,5419372,169,185,16361,16345,16,88,98,257,279,22,0.0013241844227759722,0.4453439829395601,0.004453439829395601,15773,10727,-5046,-0.30371975442397975,7521,4068,3453,73,73,73,0,0.0,32,32,32,0,0.0,0,0,0,0,0.0,5,5,0,2,2,0,0,0,0,0.004393884675574816,0.004393884675574816,0.004393884675574816,0.0,0.0,0.0,0.0019260864331286866,0.0019260864331286866,0.0019260864331286866,0.0,0.0,0.0,0.0,0.0,0.0,0.0,0.0,0.0,2.9204545454545454,2.8469387755102042,14.6,14.6,16.0,16.0,0.0,0.0,137,137,0,0.0,16,16,5,5,2,2,0,0,0.0013612176710803118
CFD,5,2,0,0.0,ok,,ex11,factor-l,/home/scan_SpTRSV/data/factors/spcg/ex11/spcg_spilu_l_ex11_fill10_drop0.0001_permccolamd_sp0.mtx,16614,wavefront-oriented,0.02,0.0199998748972962,0.01,-1,1,1,108710,2684,5435534,5326824,169,186,16361,16344,17,88,102,257,288,31,0.0018658962320934152,0.09329539517998021,0.0009329539517998022,15773,13899,-1874,-0.11279643674009872,7521,6481,1040,73,73,73,0,0.0,32,32,32,0,0.0,0,0,0,0,0.0,5,5,0,2,2,0,0,0,0,0.004393884675574816,0.004393884675574816,0.004393884675574816,0.0,0.0,0.0,0.0019260864331286866,0.0019260864331286866,0.0019260864331286866,0.0,0.0,0.0,0.0,0.0,0.0,0.0,0.0,0.0,2.9204545454545454,2.823529411764706,14.6,14.6,16.0,16.0,0.0,0.0,137,137,0,0.0,16,16,5,5,2,2,0,0,0.00028516235856866894
CFD,5,2,0,0.0,ok,,ex11,factor-l,/home/scan_SpTRSV/data/factors/spcg/ex11/spcg_spilu_l_ex11_fill10_drop0.0001_permccolamd_sp0.mtx,16614,wavefront-oriented,0.05,0.0029161808205044803,0.0001,1,1,1,15851,15851,5435534,5419683,169,175,16361,16355,6,88,94,257,269,12,0.0007222824124232575,0.24768094191714332,0.002476809419171433,15773,14227,-1546,-0.09305405080052967,7521,6388,1133,73,73,73,0,0.0,32,32,32,0,0.0,0,0,0,0,0.0,5,5,0,2,2,0,0,0,0,0.004393884675574816,0.004393884675574816,0.004393884675574816,0.0,0.0,0.0,0.0019260864331286866,0.0019260864331286866,0.0019260864331286866,0.0,0.0,0.0,0.0,0.0,0.0,0.0,0.0,0.0,2.9204545454545454,2.8617021276595747,14.6,14.6,16.0,16.0,0.0,0.0,137,137,0,0.0,16,16,5,5,2,2,0,0,0.000757050028389376
CFD,5,2,0,0.0,ok,,ex11,factor-l,/home/scan_SpTRSV/data/factors/spcg/ex11/spcg_spilu_l_ex11_fill10_drop0.0001_permccolamd_sp0.mtx,16614,wavefront-oriented,0.05,0.049999871217804914,0.0001,-1,1,1,271776,2843,5435534,5163758,169,193,16361,16337,24,88,101,257,284,27,0.0016251354279523294,0.0325027922746653,0.000325027922746653,15773,14591,-1182,-0.07114481762369086,7521,6945,576,73,73,73,0,0.0,32,32,32,0,0.0,0,0,0,0,0.0,5,5,0,2,2,0,0,0,0,0.004393884675574816,0.004393884675574816,0.004393884675574816,0.0,0.0,0.0,0.0019260864331286866,0.0019260864331286866,0.0019260864331286866,0.0,0.0,0.0,0.0,0.0,0.0,0.0,0.0,0.0,2.9204545454545454,2.8118811881188117,14.6,14.6,16.0,16.0,0.0,0.0,137,137,0,0.0,16,16,5,5,2,2,0,0,9.93465206640763e-05
CFD,5,2,0,0.0,ok,,ex11,factor-l,/home/scan_SpTRSV/data/factors/spcg/ex11/spcg_spilu_l_ex11_fill10_drop0.0001_permccolamd_sp0.mtx,16614,wavefront-oriented,0.05,0.0029496641912275775,0.001,1,1,1,16033,16033,5435534,5419501,169,177,16361,16353,8,88,92,257,265,8,0.00048152160828217165,0.16324624671318066,0.0016324624671318069,15773,12573,-3200,-0.19260864331286867,7521,5148,2373,73,73,73,0,0.0,32,32,32,0,0.0,0,0,0,0,0.0,5,5,0,2,2,0,0,0,0,0.004393884675574816,0.004393884675574816,0.004393884675574816,0.0,0.0,0.0,0.0019260864331286866,0.0019260864331286866,0.0019260864331286866,0.0,0.0,0.0,0.0,0.0,0.0,0.0,0.0,0.0,2.9204545454545454,2.880434782608696,14.6,14.6,16.0,16.0,0.0,0.0,137,137,0,0.0,16,16,5,5,2,2,0,0,0.0004989708725753134
CFD,5,2,0,0.0,ok,,ex11,factor-l,/home/scan_SpTRSV/data/factors/spcg/ex11/spcg_spilu_l_ex11_fill10_drop0.0001_permccolamd_sp0.mtx,16614,wavefront-oriented,0.05,0.049999871217804914,0.001,-1,1,1,271776,2905,5435534,5163758,169,221,16361,16309,52,88,106,257,295,38,0.0022872276393403152,0.045744670608788195,0.0004574467060878819,15773,14095,-1678,-0.10099915733718551,7521,6660,861,73,73,73,0,0.0,32,32,32,0,0.0,0,0,0,0,0.0,5,5,0,2,2,0,0,0,0,0.004393884675574816,0.004393884675574816,0.004393884675574816,0.0,0.0,0.0,0.0019260864331286866,0.0019260864331286866,0.0019260864331286866,0.0,0.0,0.0,0.0,0.0,0.0,0.0,0.0,0.0,2.9204545454545454,2.7830188679245285,14.6,14.6,16.0,16.0,0.0,0.0,137,137,0,0.0,16,16,5,5,2,2,0,0,0.00013982102908277405
CFD,5,2,0,0.0,ok,,ex11,factor-l,/home/scan_SpTRSV/data/factors/spcg/ex11/spcg_spilu_l_ex11_fill10_drop0.0001_permccolamd_sp0.mtx,16614,wavefront-oriented,0.05,0.002973396910036806,0.01,1,1,1,16162,16162,5435534,5419372,169,185,16361,16345,16,88,98,257,279,22,0.0013241844227759722,0.4453439829395601,0.004453439829395601,15773,10727,-5046,-0.30371975442397975,7521,4068,3453,73,73,73,0,0.0,32,32,32,0,0.0,0,0,0,0,0.0,5,5,0,2,2,0,0,0,0,0.004393884675574816,0.004393884675574816,0.004393884675574816,0.0,0.0,0.0,0.0019260864331286866,0.0019260864331286866,0.0019260864331286866,0.0,0.0,0.0,0.0,0.0,0.0,0.0,0.0,0.0,2.9204545454545454,2.8469387755102042,14.6,14.6,16.0,16.0,0.0,0.0,137,137,0,0.0,16,16,5,5,2,2,0,0,0.0013612176710803118
CFD,5,2,0,0.0,ok,,ex11,factor-l,/home/scan_SpTRSV/data/factors/spcg/ex11/spcg_spilu_l_ex11_fill10_drop0.0001_permccolamd_sp0.mtx,16614,wavefront-oriented,0.05,0.049999871217804914,0.01,-1,1,1,271776,3096,5435534,5163758,169,325,16361,16205,156,88,114,257,312,55,0.00331046105693993,0.06620939167061449,0.0006620939167061449,15773,13551,-2222,-0.13374262670037318,7521,6326,1195,73,73,73,0,0.0,32,32,32,0,0.0,0,0,0,0,0.0,5,5,0,2,2,0,0,0,0,0.004393884675574816,0.004393884675574816,0.004393884675574816,0.0,0.0,0.0,0.0019260864331286866,0.0019260864331286866,0.0019260864331286866,0.0,0.0,0.0,0.0,0.0,0.0,0.0,0.0,0.0,2.9204545454545454,2.736842105263158,14.6,14.6,16.0,16.0,0.0,0.0,137,137,0,0.0,16,16,5,5,2,2,0,0,0.00020237254209348876
CFD,5,2,0,0.0,ok,,ex11,factor-l,/home/scan_SpTRSV/data/factors/spcg/ex11/spcg_spilu_l_ex11_fill10_drop0.0001_permccolamd_sp0.mtx,16614,wavefront-oriented,0.1,0.0029161808205044803,0.0001,1,1,1,15851,15851,5435534,5419683,169,175,16361,16355,6,88,94,257,269,12,0.0007222824124232575,0.24768094191714332,0.002476809419171433,15773,14227,-1546,-0.09305405080052967,7521,6388,1133,73,73,73,0,0.0,32,32,32,0,0.0,0,0,0,0,0.0,5,5,0,2,2,0,0,0,0,0.004393884675574816,0.004393884675574816,0.004393884675574816,0.0,0.0,0.0,0.0019260864331286866,0.0019260864331286866,0.0019260864331286866,0.0,0.0,0.0,0.0,0.0,0.0,0.0,0.0,0.0,2.9204545454545454,2.8617021276595747,14.6,14.6,16.0,16.0,0.0,0.0,137,137,0,0.0,16,16,5,5,2,2,0,0,0.000757050028389376
CFD,5,2,0,0.0,ok,,ex11,factor-l,/home/scan_SpTRSV/data/factors/spcg/ex11/spcg_spilu_l_ex11_fill10_drop0.0001_permccolamd_sp0.mtx,16614,wavefront-oriented,0.1,0.09999992641017423,0.0001,-1,1,1,543553,4146,5435534,4891981,169,193,16361,16337,24,88,101,257,284,27,0.0016251354279523294,0.016251366238875395,0.00016251366238875393,15773,14521,-1252,-0.07535813169615986,7521,6885,636,73,73,73,0,0.0,32,32,32,0,0.0,0,0,0,0,0.0,5,5,0,2,2,0,0,0,0,0.004393884675574816,0.004393884675574816,0.004393884675574816,0.0,0.0,0.0,0.0019260864331286866,0.0019260864331286866,0.0019260864331286866,0.0,0.0,0.0,0.0,0.0,0.0,0.0,0.0,0.0,2.9204545454545454,2.8118811881188117,14.6,14.6,16.0,16.0,0.0,0.0,137,137,0,0.0,16,16,5,5,2,2,0,0,4.9673168945806574e-05
CFD,5,2,0,0.0,ok,,ex11,factor-l,/home/scan_SpTRSV/data/factors/spcg/ex11/spcg_spilu_l_ex11_fill10_drop0.0001_permccolamd_sp0.mtx,16614,wavefront-oriented,0.1,0.0029496641912275775,0.001,1,1,1,16033,16033,5435534,5419501,169,177,16361,16353,8,88,92,257,265,8,0.00048152160828217165,0.16324624671318066,0.0016324624671318069,15773,12573,-3200,-0.19260864331286867,7521,5148,2373,73,73,73,0,0.0,32,32,32,0,0.0,0,0,0,0,0.0,5,5,0,2,2,0,0,0,0,0.004393884675574816,0.004393884675574816,0.004393884675574816,0.0,0.0,0.0,0.0019260864331286866,0.0019260864331286866,0.0019260864331286866,0.0,0.0,0.0,0.0,0.0,0.0,0.0,0.0,0.0,2.9204545454545454,2.880434782608696,14.6,14.6,16.0,16.0,0.0,0.0,137,137,0,0.0,16,16,5,5,2,2,0,0,0.0004989708725753134
CFD,5,2,0,0.0,ok,,ex11,factor-l,/home/scan_SpTRSV/data/factors/spcg/ex11/spcg_spilu_l_ex11_fill10_drop0.0001_permccolamd_sp0.mtx,16614,wavefront-oriented,0.1,0.09999992641017423,0.001,-1,1,1,543553,3890,5435534,4891981,169,221,16361,16309,52,88,106,257,295,38,0.0022872276393403152,0.022872293225083887,0.00022872293225083886,15773,13899,-1874,-0.11279643674009872,7521,6469,1052,73,73,73,0,0.0,32,32,32,0,0.0,0,0,0,0,0.0,5,5,0,2,2,0,0,0,0,0.004393884675574816,0.004393884675574816,0.004393884675574816,0.0,0.0,0.0,0.0019260864331286866,0.0019260864331286866,0.0019260864331286866,0.0,0.0,0.0,0.0,0.0,0.0,0.0,0.0,0.0,2.9204545454545454,2.7830188679245285,14.6,14.6,16.0,16.0,0.0,0.0,137,137,0,0.0,16,16,5,5,2,2,0,0,6.991038592372778e-05
CFD,5,2,0,0.0,ok,,ex11,factor-l,/home/scan_SpTRSV/data/factors/spcg/ex11/spcg_spilu_l_ex11_fill10_drop0.0001_permccolamd_sp0.mtx,16614,wavefront-oriented,0.1,0.002973396910036806,0.01,1,1,1,16162,16162,5435534,5419372,169,185,16361,16345,16,88,98,257,279,22,0.0013241844227759722,0.4453439829395601,0.004453439829395601,15773,10727,-5046,-0.30371975442397975,7521,4068,3453,73,73,73,0,0.0,32,32,32,0,0.0,0,0,0,0,0.0,5,5,0,2,2,0,0,0,0,0.004393884675574816,0.004393884675574816,0.004393884675574816,0.0,0.0,0.0,0.0019260864331286866,0.0019260864331286866,0.0019260864331286866,0.0,0.0,0.0,0.0,0.0,0.0,0.0,0.0,0.0,2.9204545454545454,2.8469387755102042,14.6,14.6,16.0,16.0,0.0,0.0,137,137,0,0.0,16,16,5,5,2,2,0,0,0.0013612176710803118
CFD,5,2,0,0.0,ok,,ex11,factor-l,/home/scan_SpTRSV/data/factors/spcg/ex11/spcg_spilu_l_ex11_fill10_drop0.0001_permccolamd_sp0.mtx,16614,wavefront-oriented,0.1,0.09999992641017423,0.01,-1,1,1,543553,3863,5435534,4891981,169,338,16361,16192,169,88,116,257,316,59,0.003551221861081016,0.03551224474420919,0.000355122447442092,15773,13412,-2361,-0.14210906464427592,7521,6180,1341,73,73,73,0,0.0,32,32,32,0,0.0,0,0,0,0,0.0,5,5,0,2,2,0,0,0,0,0.004393884675574816,0.004393884675574816,0.004393884675574816,0.0,0.0,0.0,0.0019260864331286866,0.0019260864331286866,0.0019260864331286866,0.0,0.0,0.0,0.0,0.0,0.0,0.0,0.0,0.0,2.9204545454545454,2.7241379310344827,14.6,14.6,16.0,16.0,0.0,0.0,137,137,0,0.0,16,16,5,5,2,2,0,0,0.00010854507288157733
CFD,5,2,0,0.0,ok,,ex11,factor-l,/home/scan_SpTRSV/data/factors/spcg/ex11/spcg_spilu_l_ex11_fill10_drop0.0001_permccolamd_sp0.mtx,16614,scan-chain-aware,0.01,0.0,0.0001,1,1,1,0,0,5435534,5435534,169,169,16361,16361,0,88,88,257,257,0,0.0,0.0,0.0,15773,15773,0,0.0,7521,7521,0,73,73,73,0,0.0,32,32,32,0,0.0,0,0,0,0,0.0,5,5,0,2,2,0,0,0,0,0.004393884675574816,0.004393884675574816,0.004393884675574816,0.0,0.0,0.0,0.0019260864331286866,0.0019260864331286866,0.0019260864331286866,0.0,0.0,0.0,0.0,0.0,0.0,0.0,0.0,0.0,2.9204545454545454,2.9204545454545454,14.6,14.6,16.0,16.0,0.0,0.0,137,137,0,0.0,16,16,5,5,2,2,0,0,0.0
CFD,5,2,0,0.0,ok,,ex11,factor-l,/home/scan_SpTRSV/data/factors/spcg/ex11/spcg_spilu_l_ex11_fill10_drop0.0001_permccolamd_sp0.mtx,16614,scan-chain-aware,0.01,0.0099999374486481,0.0001,-1,1,1,54355,974,5435534,5381179,169,170,16361,16360,1,88,88,257,258,1,6.0190201035271456e-05,0.0060190577535471105,6.0190577535471105e-05,15773,15762,-11,-0.0006620922113879861,7521,7451,70,73,73,73,0,0.0,32,32,32,0,0.0,0,0,0,0,0.0,5,5,0,2,2,0,0,0,0,0.004393884675574816,0.004393884675574816,0.004393884675574816,0.0,0.0,0.0,0.0019260864331286866,0.0019260864331286866,0.0019260864331286866,0.0,0.0,0.0,0.0,0.0,0.0,0.0,0.0,0.0,2.9204545454545454,2.9318181818181817,14.6,14.6,16.0,16.0,0.0,0.0,137,137,0,0.0,16,16,5,5,2,2,0,0,1.8397571520559286e-05
CFD,5,2,0,0.0,ok,,ex11,factor-l,/home/scan_SpTRSV/data/factors/spcg/ex11/spcg_spilu_l_ex11_fill10_drop0.0001_permccolamd_sp0.mtx,16614,scan-chain-aware,0.01,0.0,0.001,1,1,1,0,0,5435534,5435534,169,169,16361,16361,0,88,88,257,257,0,0.0,0.0,0.0,15773,15773,0,0.0,7521,7521,0,73,73,73,0,0.0,32,32,32,0,0.0,0,0,0,0,0.0,5,5,0,2,2,0,0,0,0,0.004393884675574816,0.004393884675574816,0.004393884675574816,0.0,0.0,0.0,0.0019260864331286866,0.0019260864331286866,0.0019260864331286866,0.0,0.0,0.0,0.0,0.0,0.0,0.0,0.0,0.0,2.9204545454545454,2.9204545454545454,14.6,14.6,16.0,16.0,0.0,0.0,137,137,0,0.0,16,16,5,5,2,2,0,0,0.0
CFD,5,2,0,0.0,ok,,ex11,factor-l,/home/scan_SpTRSV/data/factors/spcg/ex11/spcg_spilu_l_ex11_fill10_drop0.0001_permccolamd_sp0.mtx,16614,scan-chain-aware,0.01,0.0099999374486481,0.001,-1,1,1,54355,936,5435534,5381179,169,170,16361,16360,1,88,88,257,258,1,6.0190201035271456e-05,0.0060190577535471105,6.0190577535471105e-05,15773,15729,-44,-0.0026483688455519443,7521,7430,91,73,73,73,0,0.0,32,32,32,0,0.0,0,0,0,0,0.0,5,5,0,2,2,0,0,0,0,0.004393884675574816,0.004393884675574816,0.004393884675574816,0.0,0.0,0.0,0.0019260864331286866,0.0019260864331286866,0.0019260864331286866,0.0,0.0,0.0,0.0,0.0,0.0,0.0,0.0,0.0,2.9204545454545454,2.9318181818181817,14.6,14.6,16.0,16.0,0.0,0.0,137,137,0,0.0,16,16,5,5,2,2,0,0,1.8397571520559286e-05
CFD,5,2,0,0.0,ok,,ex11,factor-l,/home/scan_SpTRSV/data/factors/spcg/ex11/spcg_spilu_l_ex11_fill10_drop0.0001_permccolamd_sp0.mtx,16614,scan-chain-aware,0.01,9.198728220631128e-07,0.01,1,1,1,5,5,5435534,5435529,169,174,16361,16356,5,88,92,257,266,9,0.0005417118093174431,588.8985915492958,5.888985915492958,15773,15776,3,0.00018057060310581438,7521,7518,3,73,73,73,0,0.0,32,32,32,0,0.0,0,0,0,0,0.0,5,5,0,2,2,0,0,0,0,0.004393884675574816,0.004393884675574816,0.004393884675574816,0.0,0.0,0.0,0.0019260864331286866,0.0019260864331286866,0.0019260864331286866,0.0,0.0,0.0,0.0,0.0,0.0,0.0,0.0,0.0,2.9204545454545454,2.891304347826087,14.6,14.6,16.0,16.0,0.0,0.0,137,137,0,0.0,16,16,5,5,2,2,0,0,1.8
CFD,5,2,0,0.0,ok,,ex11,factor-l,/home/scan_SpTRSV/data/factors/spcg/ex11/spcg_spilu_l_ex11_fill10_drop0.0001_permccolamd_sp0.mtx,16614,scan-chain-aware,0.01,0.0099999374486481,0.01,-1,1,1,54355,734,5435534,5381179,169,176,16361,16354,7,88,92,257,268,11,0.0006620922113879861,0.06620963528901823,0.0006620963528901823,15773,15660,-113,-0.006801492716985675,7521,7407,114,73,73,73,0,0.0,32,32,32,0,0.0,0,0,0,0,0.0,5,5,0,2,2,0,0,0,0,0.004393884675574816,0.004393884675574816,0.004393884675574816,0.0,0.0,0.0,0.0019260864331286866,0.0019260864331286866,0.0019260864331286866,0.0,0.0,0.0,0.0,0.0,0.0,0.0,0.0,0.0,2.9204545454545454,2.9130434782608696,14.6,14.6,16.0,16.0,0.0,0.0,137,137,0,0.0,16,16,5,5,2,2,0,0,0.00020237328672615215
CFD,5,2,0,0.0,ok,,ex11,factor-l,/home/scan_SpTRSV/data/factors/spcg/ex11/spcg_spilu_l_ex11_fill10_drop0.0001_permccolamd_sp0.mtx,16614,scan-chain-aware,0.02,0.0,0.0001,1,1,1,0,0,5435534,5435534,169,169,16361,16361,0,88,88,257,257,0,0.0,0.0,0.0,15773,15773,0,0.0,7521,7521,0,73,73,73,0,0.0,32,32,32,0,0.0,0,0,0,0,0.0,5,5,0,2,2,0,0,0,0,0.004393884675574816,0.004393884675574816,0.004393884675574816,0.0,0.0,0.0,0.0019260864331286866,0.0019260864331286866,0.0019260864331286866,0.0,0.0,0.0,0.0,0.0,0.0,0.0,0.0,0.0,2.9204545454545454,2.9204545454545454,14.6,14.6,16.0,16.0,0.0,0.0,137,137,0,0.0,16,16,5,5,2,2,0,0,0.0
CFD,5,2,0,0.0,ok,,ex11,factor-l,/home/scan_SpTRSV/data/factors/spcg/ex11/spcg_spilu_l_ex11_fill10_drop0.0001_permccolamd_sp0.mtx,16614,scan-chain-aware,0.02,0.0199998748972962,0.0001,-1,1,1,108710,1140,5435534,5326824,169,170,16361,16360,1,88,88,257,258,1,6.0190201035271456e-05,0.0030095288767735553,3.0095288767735553e-05,15773,15762,-11,-0.0006620922113879861,7521,7435,86,73,73,73,0,0.0,32,32,32,0,0.0,0,0,0,0,0.0,5,5,0,2,2,0,0,0,0,0.004393884675574816,0.004393884675574816,0.004393884675574816,0.0,0.0,0.0,0.0019260864331286866,0.0019260864331286866,0.0019260864331286866,0.0,0.0,0.0,0.0,0.0,0.0,0.0,0.0,0.0,2.9204545454545454,2.9318181818181817,14.6,14.6,16.0,16.0,0.0,0.0,137,137,0,0.0,16,16,5,5,2,2,0,0,9.198785760279643e-06
CFD,5,2,0,0.0,ok,,ex11,factor-l,/home/scan_SpTRSV/data/factors/spcg/ex11/spcg_spilu_l_ex11_fill10_drop0.0001_permccolamd_sp0.mtx,16614,scan-chain-aware,0.02,0.0,0.001,1,1,1,0,0,5435534,5435534,169,169,16361,16361,0,88,88,257,257,0,0.0,0.0,0.0,15773,15773,0,0.0,7521,7521,0,73,73,73,0,0.0,32,32,32,0,0.0,0,0,0,0,0.0,5,5,0,2,2,0,0,0,0,0.004393884675574816,0.004393884675574816,0.004393884675574816,0.0,0.0,0.0,0.0019260864331286866,0.0019260864331286866,0.0019260864331286866,0.0,0.0,0.0,0.0,0.0,0.0,0.0,0.0,0.0,2.9204545454545454,2.9204545454545454,14.6,14.6,16.0,16.0,0.0,0.0,137,137,0,0.0,16,16,5,5,2,2,0,0,0.0
CFD,5,2,0,0.0,ok,,ex11,factor-l,/home/scan_SpTRSV/data/factors/spcg/ex11/spcg_spilu_l_ex11_fill10_drop0.0001_permccolamd_sp0.mtx,16614,scan-chain-aware,0.02,0.0199998748972962,0.001,-1,1,1,108710,1063,5435534,5326824,169,170,16361,16360,1,88,88,257,258,1,6.0190201035271456e-05,0.0030095288767735553,3.0095288767735553e-05,15773,15735,-38,-0.0022872276393403152,7521,7408,113,73,73,73,0,0.0,32,32,32,0,0.0,0,0,0,0,0.0,5,5,0,2,2,0,0,0,0,0.004393884675574816,0.004393884675574816,0.004393884675574816,0.0,0.0,0.0,0.0019260864331286866,0.0019260864331286866,0.0019260864331286866,0.0,0.0,0.0,0.0,0.0,0.0,0.0,0.0,0.0,2.9204545454545454,2.9318181818181817,14.6,14.6,16.0,16.0,0.0,0.0,137,137,0,0.0,16,16,5,5,2,2,0,0,9.198785760279643e-06
CFD,5,2,0,0.0,ok,,ex11,factor-l,/home/scan_SpTRSV/data/factors/spcg/ex11/spcg_spilu_l_ex11_fill10_drop0.0001_permccolamd_sp0.mtx,16614,scan-chain-aware,0.02,9.198728220631128e-07,0.01,1,1,1,5,5,5435534,5435529,169,174,16361,16356,5,88,92,257,266,9,0.0005417118093174431,588.8985915492958,5.888985915492958,15773,15776,3,0.00018057060310581438,7521,7518,3,73,73,73,0,0.0,32,32,32,0,0.0,0,0,0,0,0.0,5,5,0,2,2,0,0,0,0,0.004393884675574816,0.004393884675574816,0.004393884675574816,0.0,0.0,0.0,0.0019260864331286866,0.0019260864331286866,0.0019260864331286866,0.0,0.0,0.0,0.0,0.0,0.0,0.0,0.0,0.0,2.9204545454545454,2.891304347826087,14.6,14.6,16.0,16.0,0.0,0.0,137,137,0,0.0,16,16,5,5,2,2,0,0,1.8
CFD,5,2,0,0.0,ok,,ex11,factor-l,/home/scan_SpTRSV/data/factors/spcg/ex11/spcg_spilu_l_ex11_fill10_drop0.0001_permccolamd_sp0.mtx,16614,scan-chain-aware,0.02,0.0199998748972962,0.01,-1,1,1,108710,1047,5435534,5326824,169,176,16361,16354,7,88,92,257,268,11,0.0006620922113879861,0.033104817644509114,0.00033104817644509114,15773,15672,-101,-0.006079210304562418,7521,7350,171,73,73,73,0,0.0,32,32,32,0,0.0,0,0,0,0,0.0,5,5,0,2,2,0,0,0,0,0.004393884675574816,0.004393884675574816,0.004393884675574816,0.0,0.0,0.0,0.0019260864331286866,0.0019260864331286866,0.0019260864331286866,0.0,0.0,0.0,0.0,0.0,0.0,0.0,0.0,0.0,2.9204545454545454,2.9130434782608696,14.6,14.6,16.0,16.0,0.0,0.0,137,137,0,0.0,16,16,5,5,2,2,0,0,0.00010118664336307607
CFD,5,2,0,0.0,ok,,ex11,factor-l,/home/scan_SpTRSV/data/factors/spcg/ex11/spcg_spilu_l_ex11_fill10_drop0.0001_permccolamd_sp0.mtx,16614,scan-chain-aware,0.05,0.0,0.0001,1,1,1,0,0,5435534,5435534,169,169,16361,16361,0,88,88,257,257,0,0.0,0.0,0.0,15773,15773,0,0.0,7521,7521,0,73,73,73,0,0.0,32,32,32,0,0.0,0,0,0,0,0.0,5,5,0,2,2,0,0,0,0,0.004393884675574816,0.004393884675574816,0.004393884675574816,0.0,0.0,0.0,0.0019260864331286866,0.0019260864331286866,0.0019260864331286866,0.0,0.0,0.0,0.0,0.0,0.0,0.0,0.0,0.0,2.9204545454545454,2.9204545454545454,14.6,14.6,16.0,16.0,0.0,0.0,137,137,0,0.0,16,16,5,5,2,2,0,0,0.0
CFD,5,2,0,0.0,ok,,ex11,factor-l,/home/scan_SpTRSV/data/factors/spcg/ex11/spcg_spilu_l_ex11_fill10_drop0.0001_permccolamd_sp0.mtx,16614,scan-chain-aware,0.05,0.049999871217804914,0.0001,-1,1,1,271776,1212,5435534,5163758,169,170,16361,16360,1,88,88,257,258,1,6.0190201035271456e-05,0.0012038071212839,1.2038071212838998e-05,15773,15759,-14,-0.0008426628144938004,7521,7416,105,73,73,73,0,0.0,32,32,32,0,0.0,0,0,0,0,0.0,5,5,0,2,2,0,0,0,0,0.004393884675574816,0.004393884675574816,0.004393884675574816,0.0,0.0,0.0,0.0019260864331286866,0.0019260864331286866,0.0019260864331286866,0.0,0.0,0.0,0.0,0.0,0.0,0.0,0.0,0.0,2.9204545454545454,2.9318181818181817,14.6,14.6,16.0,16.0,0.0,0.0,137,137,0,0.0,16,16,5,5,2,2,0,0,3.6795007653361592e-06
CFD,5,2,0,0.0,ok,,ex11,factor-l,/home/scan_SpTRSV/data/factors/spcg/ex11/spcg_spilu_l_ex11_fill10_drop0.0001_permccolamd_sp0.mtx,16614,scan-chain-aware,0.05,0.0,0.001,1,1,1,0,0,5435534,5435534,169,169,16361,16361,0,88,88,257,257,0,0.0,0.0,0.0,15773,15773,0,0.0,7521,7521,0,73,73,73,0,0.0,32,32,32,0,0.0,0,0,0,0,0.0,5,5,0,2,2,0,0,0,0,0.004393884675574816,0.004393884675574816,0.004393884675574816,0.0,0.0,0.0,0.0019260864331286866,0.0019260864331286866,0.0019260864331286866,0.0,0.0,0.0,0.0,0.0,0.0,0.0,0.0,0.0,2.9204545454545454,2.9204545454545454,14.6,14.6,16.0,16.0,0.0,0.0,137,137,0,0.0,16,16,5,5,2,2,0,0,0.0
CFD,5,2,0,0.0,ok,,ex11,factor-l,/home/scan_SpTRSV/data/factors/spcg/ex11/spcg_spilu_l_ex11_fill10_drop0.0001_permccolamd_sp0.mtx,16614,scan-chain-aware,0.05,0.049999871217804914,0.001,-1,1,1,271776,1214,5435534,5163758,169,170,16361,16360,1,88,88,257,258,1,6.0190201035271456e-05,0.0012038071212839,1.2038071212838998e-05,15773,15726,-47,-0.0028289394486577584,7521,7388,133,73,73,73,0,0.0,32,32,32,0,0.0,0,0,0,0,0.0,5,5,0,2,2,0,0,0,0,0.004393884675574816,0.004393884675574816,0.004393884675574816,0.0,0.0,0.0,0.0019260864331286866,0.0019260864331286866,0.0019260864331286866,0.0,0.0,0.0,0.0,0.0,0.0,0.0,0.0,0.0,2.9204545454545454,2.9318181818181817,14.6,14.6,16.0,16.0,0.0,0.0,137,137,0,0.0,16,16,5,5,2,2,0,0,3.6795007653361592e-06
CFD,5,2,0,0.0,ok,,ex11,factor-l,/home/scan_SpTRSV/data/factors/spcg/ex11/spcg_spilu_l_ex11_fill10_drop0.0001_permccolamd_sp0.mtx,16614,scan-chain-aware,0.05,9.198728220631128e-07,0.01,1,1,1,5,5,5435534,5435529,169,174,16361,16356,5,88,92,257,266,9,0.0005417118093174431,588.8985915492958,5.888985915492958,15773,15776,3,0.00018057060310581438,7521,7518,3,73,73,73,0,0.0,32,32,32,0,0.0,0,0,0,0,0.0,5,5,0,2,2,0,0,0,0,0.004393884675574816,0.004393884675574816,0.004393884675574816,0.0,0.0,0.0,0.0019260864331286866,0.0019260864331286866,0.0019260864331286866,0.0,0.0,0.0,0.0,0.0,0.0,0.0,0.0,0.0,2.9204545454545454,2.891304347826087,14.6,14.6,16.0,16.0,0.0,0.0,137,137,0,0.0,16,16,5,5,2,2,0,0,1.8
CFD,5,2,0,0.0,ok,,ex11,factor-l,/home/scan_SpTRSV/data/factors/spcg/ex11/spcg_spilu_l_ex11_fill10_drop0.0001_permccolamd_sp0.mtx,16614,scan-chain-aware,0.05,0.049999871217804914,0.01,-1,1,1,271776,1240,5435534,5163758,169,176,16361,16354,7,88,92,257,268,11,0.0006620922113879861,0.0132418783341229,0.000132418783341229,15773,15662,-111,-0.006681112314915132,7521,7329,192,73,73,73,0,0.0,32,32,32,0,0.0,0,0,0,0,0.0,5,5,0,2,2,0,0,0,0,0.004393884675574816,0.004393884675574816,0.004393884675574816,0.0,0.0,0.0,0.0019260864331286866,0.0019260864331286866,0.0019260864331286866,0.0,0.0,0.0,0.0,0.0,0.0,0.0,0.0,0.0,2.9204545454545454,2.9130434782608696,14.6,14.6,16.0,16.0,0.0,0.0,137,137,0,0.0,16,16,5,5,2,2,0,0,4.047450841869775e-05
CFD,5,2,0,0.0,ok,,ex11,factor-l,/home/scan_SpTRSV/data/factors/spcg/ex11/spcg_spilu_l_ex11_fill10_drop0.0001_permccolamd_sp0.mtx,16614,scan-chain-aware,0.1,0.0,0.0001,1,1,1,0,0,5435534,5435534,169,169,16361,16361,0,88,88,257,257,0,0.0,0.0,0.0,15773,15773,0,0.0,7521,7521,0,73,73,73,0,0.0,32,32,32,0,0.0,0,0,0,0,0.0,5,5,0,2,2,0,0,0,0,0.004393884675574816,0.004393884675574816,0.004393884675574816,0.0,0.0,0.0,0.0019260864331286866,0.0019260864331286866,0.0019260864331286866,0.0,0.0,0.0,0.0,0.0,0.0,0.0,0.0,0.0,2.9204545454545454,2.9204545454545454,14.6,14.6,16.0,16.0,0.0,0.0,137,137,0,0.0,16,16,5,5,2,2,0,0,0.0
CFD,5,2,0,0.0,ok,,ex11,factor-l,/home/scan_SpTRSV/data/factors/spcg/ex11/spcg_spilu_l_ex11_fill10_drop0.0001_permccolamd_sp0.mtx,16614,scan-chain-aware,0.1,0.09999992641017423,0.0001,-1,1,1,543553,2790,5435534,4891981,169,175,16361,16355,6,88,93,257,268,11,0.0006620922113879861,0.006620926986208494,6.620926986208494e-05,15773,15510,-263,-0.015830022872276393,7521,7186,335,73,73,73,0,0.0,32,32,32,0,0.0,0,0,0,0,0.0,5,5,0,2,2,0,0,0,0,0.004393884675574816,0.004393884675574816,0.004393884675574816,0.0,0.0,0.0,0.0019260864331286866,0.0019260864331286866,0.0019260864331286866,0.0,0.0,0.0,0.0,0.0,0.0,0.0,0.0,0.0,2.9204545454545454,2.881720430107527,14.6,14.6,16.0,16.0,0.0,0.0,137,137,0,0.0,16,16,5,5,2,2,0,0,2.0237216977921195e-05
CFD,5,2,0,0.0,ok,,ex11,factor-l,/home/scan_SpTRSV/data/factors/spcg/ex11/spcg_spilu_l_ex11_fill10_drop0.0001_permccolamd_sp0.mtx,16614,scan-chain-aware,0.1,0.0,0.001,1,1,1,0,0,5435534,5435534,169,169,16361,16361,0,88,88,257,257,0,0.0,0.0,0.0,15773,15773,0,0.0,7521,7521,0,73,73,73,0,0.0,32,32,32,0,0.0,0,0,0,0,0.0,5,5,0,2,2,0,0,0,0,0.004393884675574816,0.004393884675574816,0.004393884675574816,0.0,0.0,0.0,0.0019260864331286866,0.0019260864331286866,0.0019260864331286866,0.0,0.0,0.0,0.0,0.0,0.0,0.0,0.0,0.0,2.9204545454545454,2.9204545454545454,14.6,14.6,16.0,16.0,0.0,0.0,137,137,0,0.0,16,16,5,5,2,2,0,0,0.0
CFD,5,2,0,0.0,ok,,ex11,factor-l,/home/scan_SpTRSV/data/factors/spcg/ex11/spcg_spilu_l_ex11_fill10_drop0.0001_permccolamd_sp0.mtx,16614,scan-chain-aware,0.1,0.09999992641017423,0.001,-1,1,1,543553,2421,5435534,4891981,169,176,16361,16354,7,88,93,257,269,12,0.0007222824124232575,0.007222829439500175,7.222829439500176e-05,15773,15388,-385,-0.02317322739857951,7521,7163,358,73,73,73,0,0.0,32,32,32,0,0.0,0,0,0,0,0.0,5,5,0,2,2,0,0,0,0,0.004393884675574816,0.004393884675574816,0.004393884675574816,0.0,0.0,0.0,0.0019260864331286866,0.0019260864331286866,0.0019260864331286866,0.0,0.0,0.0,0.0,0.0,0.0,0.0,0.0,0.0,2.9204545454545454,2.89247311827957,14.6,14.6,16.0,16.0,0.0,0.0,137,137,0,0.0,16,16,5,5,2,2,0,0,2.2076963975914032e-05
CFD,5,2,0,0.0,ok,,ex11,factor-l,/home/scan_SpTRSV/data/factors/spcg/ex11/spcg_spilu_l_ex11_fill10_drop0.0001_permccolamd_sp0.mtx,16614,scan-chain-aware,0.1,9.198728220631128e-07,0.01,1,1,1,5,5,5435534,5435529,169,174,16361,16356,5,88,92,257,266,9,0.0005417118093174431,588.8985915492958,5.888985915492958,15773,15776,3,0.00018057060310581438,7521,7518,3,73,73,73,0,0.0,32,32,32,0,0.0,0,0,0,0,0.0,5,5,0,2,2,0,0,0,0,0.004393884675574816,0.004393884675574816,0.004393884675574816,0.0,0.0,0.0,0.0019260864331286866,0.0019260864331286866,0.0019260864331286866,0.0,0.0,0.0,0.0,0.0,0.0,0.0,0.0,0.0,2.9204545454545454,2.891304347826087,14.6,14.6,16.0,16.0,0.0,0.0,137,137,0,0.0,16,16,5,5,2,2,0,0,1.8
CFD,5,2,0,0.0,ok,,ex11,factor-l,/home/scan_SpTRSV/data/factors/spcg/ex11/spcg_spilu_l_ex11_fill10_drop0.0001_permccolamd_sp0.mtx,16614,scan-chain-aware,0.1,0.09999992641017423,0.01,-1,1,1,543553,2315,5435534,4891981,169,187,16361,16343,18,88,99,257,284,27,0.0016251354279523294,0.016251366238875395,0.00016251366238875393,15773,15278,-495,-0.029794149512459372,7521,7057,464,73,73,73,0,0.0,32,32,32,0,0.0,0,0,0,0,0.0,5,5,0,2,2,0,0,0,0,0.004393884675574816,0.004393884675574816,0.004393884675574816,0.0,0.0,0.0,0.0019260864331286866,0.0019260864331286866,0.0019260864331286866,0.0,0.0,0.0,0.0,0.0,0.0,0.0,0.0,0.0,2.9204545454545454,2.8686868686868685,14.6,14.6,16.0,16.0,0.0,0.0,137,137,0,0.0,16,16,5,5,2,2,0,0,4.9673168945806574e-05
CFD,5,2,0,0.0,ok,,ex11,factor-l,/home/scan_SpTRSV/data/factors/spcg/ex11/spcg_spilu_l_ex11_fill10_drop0.0001_permccolamd_sp0.mtx,16614,long-chain-aware-drop,0.01,0.0,0.0001,1,1,1,0,0,5435534,5435534,169,169,16361,16361,0,88,88,257,257,0,0.0,0.0,0.0,15773,15773,0,0.0,7521,7521,0,73,73,73,0,0.0,32,32,32,0,0.0,0,0,0,0,0.0,5,5,0,2,2,0,0,0,0,0.004393884675574816,0.004393884675574816,0.004393884675574816,0.0,0.0,0.0,0.0019260864331286866,0.0019260864331286866,0.0019260864331286866,0.0,0.0,0.0,0.0,0.0,0.0,0.0,0.0,0.0,2.9204545454545454,2.9204545454545454,14.6,14.6,16.0,16.0,0.0,0.0,137,137,0,0.0,16,16,5,5,2,2,0,0,0.0
CFD,5,2,0,0.0,ok,,ex11,factor-l,/home/scan_SpTRSV/data/factors/spcg/ex11/spcg_spilu_l_ex11_fill10_drop0.0001_permccolamd_sp0.mtx,16614,long-chain-aware-drop,0.01,0.0019398278071666923,0.0001,-1,1,1,10544,364,5435534,5424990,169,169,16361,16361,0,88,88,257,257,0,0.0,0.0,0.0,15773,15765,-8,-0.00048152160828217165,7521,7514,7,73,73,73,0,0.0,32,32,32,0,0.0,0,0,0,0,0.0,5,5,0,2,2,0,0,0,0,0.004393884675574816,0.004393884675574816,0.004393884675574816,0.0,0.0,0.0,0.0019260864331286866,0.0019260864331286866,0.0019260864331286866,0.0,0.0,0.0,0.0,0.0,0.0,0.0,0.0,0.0,2.9204545454545454,2.9204545454545454,14.6,14.6,16.0,16.0,0.0,0.0,137,137,0,0.0,16,16,5,5,2,2,0,0,0.0
CFD,5,2,0,0.0,ok,,ex11,factor-l,/home/scan_SpTRSV/data/factors/spcg/ex11/spcg_spilu_l_ex11_fill10_drop0.0001_permccolamd_sp0.mtx,16614,long-chain-aware-drop,0.01,0.0,0.001,1,1,1,0,0,5435534,5435534,169,169,16361,16361,0,88,88,257,257,0,0.0,0.0,0.0,15773,15773,0,0.0,7521,7521,0,73,73,73,0,0.0,32,32,32,0,0.0,0,0,0,0,0.0,5,5,0,2,2,0,0,0,0,0.004393884675574816,0.004393884675574816,0.004393884675574816,0.0,0.0,0.0,0.0019260864331286866,0.0019260864331286866,0.0019260864331286866,0.0,0.0,0.0,0.0,0.0,0.0,0.0,0.0,0.0,2.9204545454545454,2.9204545454545454,14.6,14.6,16.0,16.0,0.0,0.0,137,137,0,0.0,16,16,5,5,2,2,0,0,0.0
CFD,5,2,0,0.0,ok,,ex11,factor-l,/home/scan_SpTRSV/data/factors/spcg/ex11/spcg_spilu_l_ex11_fill10_drop0.0001_permccolamd_sp0.mtx,16614,long-chain-aware-drop,0.01,0.003611788648548606,0.001,-1,1,1,19632,372,5435534,5415902,169,169,16361,16361,0,88,88,257,257,0,0.0,0.0,0.0,15773,15740,-33,-0.0019862766341639583,7521,7500,21,73,73,73,0,0.0,32,32,32,0,0.0,0,0,0,0,0.0,5,5,0,2,2,0,0,0,0,0.004393884675574816,0.004393884675574816,0.004393884675574816,0.0,0.0,0.0,0.0019260864331286866,0.0019260864331286866,0.0019260864331286866,0.0,0.0,0.0,0.0,0.0,0.0,0.0,0.0,0.0,2.9204545454545454,2.9204545454545454,14.6,14.6,16.0,16.0,0.0,0.0,137,137,0,0.0,16,16,5,5,2,2,0,0,0.0
CFD,5,2,0,0.0,ok,,ex11,factor-l,/home/scan_SpTRSV/data/factors/spcg/ex11/spcg_spilu_l_ex11_fill10_drop0.0001_permccolamd_sp0.mtx,16614,long-chain-aware-drop,0.01,0.0,0.01,1,1,1,0,0,5435534,5435534,169,169,16361,16361,0,88,88,257,257,0,0.0,0.0,0.0,15773,15773,0,0.0,7521,7521,0,73,73,73,0,0.0,32,32,32,0,0.0,0,0,0,0,0.0,5,5,0,2,2,0,0,0,0,0.004393884675574816,0.004393884675574816,0.004393884675574816,0.0,0.0,0.0,0.0019260864331286866,0.0019260864331286866,0.0019260864331286866,0.0,0.0,0.0,0.0,0.0,0.0,0.0,0.0,0.0,2.9204545454545454,2.9204545454545454,14.6,14.6,16.0,16.0,0.0,0.0,137,137,0,0.0,16,16,5,5,2,2,0,0,0.0
CFD,5,2,0,0.0,ok,,ex11,factor-l,/home/scan_SpTRSV/data/factors/spcg/ex11/spcg_spilu_l_ex11_fill10_drop0.0001_permccolamd_sp0.mtx,16614,long-chain-aware-drop,0.01,0.006082934997738953,0.01,-1,1,1,33064,382,5435534,5402470,169,169,16361,16361,0,88,88,257,257,0,0.0,0.0,0.0,15773,15707,-66,-0.0039725532683279165,7521,7459,62,73,73,73,0,0.0,32,32,32,0,0.0,0,0,0,0,0.0,5,5,0,2,2,0,0,0,0,0.004393884675574816,0.004393884675574816,0.004393884675574816,0.0,0.0,0.0,0.0019260864331286866,0.0019260864331286866,0.0019260864331286866,0.0,0.0,0.0,0.0,0.0,0.0,0.0,0.0,0.0,2.9204545454545454,2.9204545454545454,14.6,14.6,16.0,16.0,0.0,0.0,137,137,0,0.0,16,16,5,5,2,2,0,0,0.0
CFD,5,2,0,0.0,ok,,ex11,factor-l,/home/scan_SpTRSV/data/factors/spcg/ex11/spcg_spilu_l_ex11_fill10_drop0.0001_permccolamd_sp0.mtx,16614,long-chain-aware-drop,0.02,0.0,0.0001,1,1,1,0,0,5435534,5435534,169,169,16361,16361,0,88,88,257,257,0,0.0,0.0,0.0,15773,15773,0,0.0,7521,7521,0,73,73,73,0,0.0,32,32,32,0,0.0,0,0,0,0,0.0,5,5,0,2,2,0,0,0,0,0.004393884675574816,0.004393884675574816,0.004393884675574816,0.0,0.0,0.0,0.0019260864331286866,0.0019260864331286866,0.0019260864331286866,0.0,0.0,0.0,0.0,0.0,0.0,0.0,0.0,0.0,2.9204545454545454,2.9204545454545454,14.6,14.6,16.0,16.0,0.0,0.0,137,137,0,0.0,16,16,5,5,2,2,0,0,0.0
CFD,5,2,0,0.0,ok,,ex11,factor-l,/home/scan_SpTRSV/data/factors/spcg/ex11/spcg_spilu_l_ex11_fill10_drop0.0001_permccolamd_sp0.mtx,16614,long-chain-aware-drop,0.02,0.0019398278071666923,0.0001,-1,1,1,10544,364,5435534,5424990,169,169,16361,16361,0,88,88,257,257,0,0.0,0.0,0.0,15773,15765,-8,-0.00048152160828217165,7521,7514,7,73,73,73,0,0.0,32,32,32,0,0.0,0,0,0,0,0.0,5,5,0,2,2,0,0,0,0,0.004393884675574816,0.004393884675574816,0.004393884675574816,0.0,0.0,0.0,0.0019260864331286866,0.0019260864331286866,0.0019260864331286866,0.0,0.0,0.0,0.0,0.0,0.0,0.0,0.0,0.0,2.9204545454545454,2.9204545454545454,14.6,14.6,16.0,16.0,0.0,0.0,137,137,0,0.0,16,16,5,5,2,2,0,0,0.0
CFD,5,2,0,0.0,ok,,ex11,factor-l,/home/scan_SpTRSV/data/factors/spcg/ex11/spcg_spilu_l_ex11_fill10_drop0.0001_permccolamd_sp0.mtx,16614,long-chain-aware-drop,0.02,0.0,0.001,1,1,1,0,0,5435534,5435534,169,169,16361,16361,0,88,88,257,257,0,0.0,0.0,0.0,15773,15773,0,0.0,7521,7521,0,73,73,73,0,0.0,32,32,32,0,0.0,0,0,0,0,0.0,5,5,0,2,2,0,0,0,0,0.004393884675574816,0.004393884675574816,0.004393884675574816,0.0,0.0,0.0,0.0019260864331286866,0.0019260864331286866,0.0019260864331286866,0.0,0.0,0.0,0.0,0.0,0.0,0.0,0.0,0.0,2.9204545454545454,2.9204545454545454,14.6,14.6,16.0,16.0,0.0,0.0,137,137,0,0.0,16,16,5,5,2,2,0,0,0.0
CFD,5,2,0,0.0,ok,,ex11,factor-l,/home/scan_SpTRSV/data/factors/spcg/ex11/spcg_spilu_l_ex11_fill10_drop0.0001_permccolamd_sp0.mtx,16614,long-chain-aware-drop,0.02,0.003611788648548606,0.001,-1,1,1,19632,372,5435534,5415902,169,169,16361,16361,0,88,88,257,257,0,0.0,0.0,0.0,15773,15740,-33,-0.0019862766341639583,7521,7500,21,73,73,73,0,0.0,32,32,32,0,0.0,0,0,0,0,0.0,5,5,0,2,2,0,0,0,0,0.004393884675574816,0.004393884675574816,0.004393884675574816,0.0,0.0,0.0,0.0019260864331286866,0.0019260864331286866,0.0019260864331286866,0.0,0.0,0.0,0.0,0.0,0.0,0.0,0.0,0.0,2.9204545454545454,2.9204545454545454,14.6,14.6,16.0,16.0,0.0,0.0,137,137,0,0.0,16,16,5,5,2,2,0,0,0.0
CFD,5,2,0,0.0,ok,,ex11,factor-l,/home/scan_SpTRSV/data/factors/spcg/ex11/spcg_spilu_l_ex11_fill10_drop0.0001_permccolamd_sp0.mtx,16614,long-chain-aware-drop,0.02,0.0,0.01,1,1,1,0,0,5435534,5435534,169,169,16361,16361,0,88,88,257,257,0,0.0,0.0,0.0,15773,15773,0,0.0,7521,7521,0,73,73,73,0,0.0,32,32,32,0,0.0,0,0,0,0,0.0,5,5,0,2,2,0,0,0,0,0.004393884675574816,0.004393884675574816,0.004393884675574816,0.0,0.0,0.0,0.0019260864331286866,0.0019260864331286866,0.0019260864331286866,0.0,0.0,0.0,0.0,0.0,0.0,0.0,0.0,0.0,2.9204545454545454,2.9204545454545454,14.6,14.6,16.0,16.0,0.0,0.0,137,137,0,0.0,16,16,5,5,2,2,0,0,0.0
CFD,5,2,0,0.0,ok,,ex11,factor-l,/home/scan_SpTRSV/data/factors/spcg/ex11/spcg_spilu_l_ex11_fill10_drop0.0001_permccolamd_sp0.mtx,16614,long-chain-aware-drop,0.02,0.006082934997738953,0.01,-1,1,1,33064,382,5435534,5402470,169,169,16361,16361,0,88,88,257,257,0,0.0,0.0,0.0,15773,15707,-66,-0.0039725532683279165,7521,7459,62,73,73,73,0,0.0,32,32,32,0,0.0,0,0,0,0,0.0,5,5,0,2,2,0,0,0,0,0.004393884675574816,0.004393884675574816,0.004393884675574816,0.0,0.0,0.0,0.0019260864331286866,0.0019260864331286866,0.0019260864331286866,0.0,0.0,0.0,0.0,0.0,0.0,0.0,0.0,0.0,2.9204545454545454,2.9204545454545454,14.6,14.6,16.0,16.0,0.0,0.0,137,137,0,0.0,16,16,5,5,2,2,0,0,0.0
CFD,5,2,0,0.0,ok,,ex11,factor-l,/home/scan_SpTRSV/data/factors/spcg/ex11/spcg_spilu_l_ex11_fill10_drop0.0001_permccolamd_sp0.mtx,16614,long-chain-aware-drop,0.05,0.0,0.0001,1,1,1,0,0,5435534,5435534,169,169,16361,16361,0,88,88,257,257,0,0.0,0.0,0.0,15773,15773,0,0.0,7521,7521,0,73,73,73,0,0.0,32,32,32,0,0.0,0,0,0,0,0.0,5,5,0,2,2,0,0,0,0,0.004393884675574816,0.004393884675574816,0.004393884675574816,0.0,0.0,0.0,0.0019260864331286866,0.0019260864331286866,0.0019260864331286866,0.0,0.0,0.0,0.0,0.0,0.0,0.0,0.0,0.0,2.9204545454545454,2.9204545454545454,14.6,14.6,16.0,16.0,0.0,0.0,137,137,0,0.0,16,16,5,5,2,2,0,0,0.0
CFD,5,2,0,0.0,ok,,ex11,factor-l,/home/scan_SpTRSV/data/factors/spcg/ex11/spcg_spilu_l_ex11_fill10_drop0.0001_permccolamd_sp0.mtx,16614,long-chain-aware-drop,0.05,0.0019398278071666923,0.0001,-1,1,1,10544,364,5435534,5424990,169,169,16361,16361,0,88,88,257,257,0,0.0,0.0,0.0,15773,15765,-8,-0.00048152160828217165,7521,7514,7,73,73,73,0,0.0,32,32,32,0,0.0,0,0,0,0,0.0,5,5,0,2,2,0,0,0,0,0.004393884675574816,0.004393884675574816,0.004393884675574816,0.0,0.0,0.0,0.0019260864331286866,0.0019260864331286866,0.0019260864331286866,0.0,0.0,0.0,0.0,0.0,0.0,0.0,0.0,0.0,2.9204545454545454,2.9204545454545454,14.6,14.6,16.0,16.0,0.0,0.0,137,137,0,0.0,16,16,5,5,2,2,0,0,0.0
CFD,5,2,0,0.0,ok,,ex11,factor-l,/home/scan_SpTRSV/data/factors/spcg/ex11/spcg_spilu_l_ex11_fill10_drop0.0001_permccolamd_sp0.mtx,16614,long-chain-aware-drop,0.05,0.0,0.001,1,1,1,0,0,5435534,5435534,169,169,16361,16361,0,88,88,257,257,0,0.0,0.0,0.0,15773,15773,0,0.0,7521,7521,0,73,73,73,0,0.0,32,32,32,0,0.0,0,0,0,0,0.0,5,5,0,2,2,0,0,0,0,0.004393884675574816,0.004393884675574816,0.004393884675574816,0.0,0.0,0.0,0.0019260864331286866,0.0019260864331286866,0.0019260864331286866,0.0,0.0,0.0,0.0,0.0,0.0,0.0,0.0,0.0,2.9204545454545454,2.9204545454545454,14.6,14.6,16.0,16.0,0.0,0.0,137,137,0,0.0,16,16,5,5,2,2,0,0,0.0
CFD,5,2,0,0.0,ok,,ex11,factor-l,/home/scan_SpTRSV/data/factors/spcg/ex11/spcg_spilu_l_ex11_fill10_drop0.0001_permccolamd_sp0.mtx,16614,long-chain-aware-drop,0.05,0.003611788648548606,0.001,-1,1,1,19632,372,5435534,5415902,169,169,16361,16361,0,88,88,257,257,0,0.0,0.0,0.0,15773,15740,-33,-0.0019862766341639583,7521,7500,21,73,73,73,0,0.0,32,32,32,0,0.0,0,0,0,0,0.0,5,5,0,2,2,0,0,0,0,0.004393884675574816,0.004393884675574816,0.004393884675574816,0.0,0.0,0.0,0.0019260864331286866,0.0019260864331286866,0.0019260864331286866,0.0,0.0,0.0,0.0,0.0,0.0,0.0,0.0,0.0,2.9204545454545454,2.9204545454545454,14.6,14.6,16.0,16.0,0.0,0.0,137,137,0,0.0,16,16,5,5,2,2,0,0,0.0
CFD,5,2,0,0.0,ok,,ex11,factor-l,/home/scan_SpTRSV/data/factors/spcg/ex11/spcg_spilu_l_ex11_fill10_drop0.0001_permccolamd_sp0.mtx,16614,long-chain-aware-drop,0.05,0.0,0.01,1,1,1,0,0,5435534,5435534,169,169,16361,16361,0,88,88,257,257,0,0.0,0.0,0.0,15773,15773,0,0.0,7521,7521,0,73,73,73,0,0.0,32,32,32,0,0.0,0,0,0,0,0.0,5,5,0,2,2,0,0,0,0,0.004393884675574816,0.004393884675574816,0.004393884675574816,0.0,0.0,0.0,0.0019260864331286866,0.0019260864331286866,0.0019260864331286866,0.0,0.0,0.0,0.0,0.0,0.0,0.0,0.0,0.0,2.9204545454545454,2.9204545454545454,14.6,14.6,16.0,16.0,0.0,0.0,137,137,0,0.0,16,16,5,5,2,2,0,0,0.0
CFD,5,2,0,0.0,ok,,ex11,factor-l,/home/scan_SpTRSV/data/factors/spcg/ex11/spcg_spilu_l_ex11_fill10_drop0.0001_permccolamd_sp0.mtx,16614,long-chain-aware-drop,0.05,0.006082934997738953,0.01,-1,1,1,33064,382,5435534,5402470,169,169,16361,16361,0,88,88,257,257,0,0.0,0.0,0.0,15773,15707,-66,-0.0039725532683279165,7521,7459,62,73,73,73,0,0.0,32,32,32,0,0.0,0,0,0,0,0.0,5,5,0,2,2,0,0,0,0,0.004393884675574816,0.004393884675574816,0.004393884675574816,0.0,0.0,0.0,0.0019260864331286866,0.0019260864331286866,0.0019260864331286866,0.0,0.0,0.0,0.0,0.0,0.0,0.0,0.0,0.0,2.9204545454545454,2.9204545454545454,14.6,14.6,16.0,16.0,0.0,0.0,137,137,0,0.0,16,16,5,5,2,2,0,0,0.0
CFD,5,2,0,0.0,ok,,ex11,factor-l,/home/scan_SpTRSV/data/factors/spcg/ex11/spcg_spilu_l_ex11_fill10_drop0.0001_permccolamd_sp0.mtx,16614,long-chain-aware-drop,0.1,0.0,0.0001,1,1,1,0,0,5435534,5435534,169,169,16361,16361,0,88,88,257,257,0,0.0,0.0,0.0,15773,15773,0,0.0,7521,7521,0,73,73,73,0,0.0,32,32,32,0,0.0,0,0,0,0,0.0,5,5,0,2,2,0,0,0,0,0.004393884675574816,0.004393884675574816,0.004393884675574816,0.0,0.0,0.0,0.0019260864331286866,0.0019260864331286866,0.0019260864331286866,0.0,0.0,0.0,0.0,0.0,0.0,0.0,0.0,0.0,2.9204545454545454,2.9204545454545454,14.6,14.6,16.0,16.0,0.0,0.0,137,137,0,0.0,16,16,5,5,2,2,0,0,0.0
CFD,5,2,0,0.0,ok,,ex11,factor-l,/home/scan_SpTRSV/data/factors/spcg/ex11/spcg_spilu_l_ex11_fill10_drop0.0001_permccolamd_sp0.mtx,16614,long-chain-aware-drop,0.1,0.0019398278071666923,0.0001,-1,1,1,10544,364,5435534,5424990,169,169,16361,16361,0,88,88,257,257,0,0.0,0.0,0.0,15773,15765,-8,-0.00048152160828217165,7521,7514,7,73,73,73,0,0.0,32,32,32,0,0.0,0,0,0,0,0.0,5,5,0,2,2,0,0,0,0,0.004393884675574816,0.004393884675574816,0.004393884675574816,0.0,0.0,0.0,0.0019260864331286866,0.0019260864331286866,0.0019260864331286866,0.0,0.0,0.0,0.0,0.0,0.0,0.0,0.0,0.0,2.9204545454545454,2.9204545454545454,14.6,14.6,16.0,16.0,0.0,0.0,137,137,0,0.0,16,16,5,5,2,2,0,0,0.0
CFD,5,2,0,0.0,ok,,ex11,factor-l,/home/scan_SpTRSV/data/factors/spcg/ex11/spcg_spilu_l_ex11_fill10_drop0.0001_permccolamd_sp0.mtx,16614,long-chain-aware-drop,0.1,0.0,0.001,1,1,1,0,0,5435534,5435534,169,169,16361,16361,0,88,88,257,257,0,0.0,0.0,0.0,15773,15773,0,0.0,7521,7521,0,73,73,73,0,0.0,32,32,32,0,0.0,0,0,0,0,0.0,5,5,0,2,2,0,0,0,0,0.004393884675574816,0.004393884675574816,0.004393884675574816,0.0,0.0,0.0,0.0019260864331286866,0.0019260864331286866,0.0019260864331286866,0.0,0.0,0.0,0.0,0.0,0.0,0.0,0.0,0.0,2.9204545454545454,2.9204545454545454,14.6,14.6,16.0,16.0,0.0,0.0,137,137,0,0.0,16,16,5,5,2,2,0,0,0.0
CFD,5,2,0,0.0,ok,,ex11,factor-l,/home/scan_SpTRSV/data/factors/spcg/ex11/spcg_spilu_l_ex11_fill10_drop0.0001_permccolamd_sp0.mtx,16614,long-chain-aware-drop,0.1,0.003611788648548606,0.001,-1,1,1,19632,372,5435534,5415902,169,169,16361,16361,0,88,88,257,257,0,0.0,0.0,0.0,15773,15740,-33,-0.0019862766341639583,7521,7500,21,73,73,73,0,0.0,32,32,32,0,0.0,0,0,0,0,0.0,5,5,0,2,2,0,0,0,0,0.004393884675574816,0.004393884675574816,0.004393884675574816,0.0,0.0,0.0,0.0019260864331286866,0.0019260864331286866,0.0019260864331286866,0.0,0.0,0.0,0.0,0.0,0.0,0.0,0.0,0.0,2.9204545454545454,2.9204545454545454,14.6,14.6,16.0,16.0,0.0,0.0,137,137,0,0.0,16,16,5,5,2,2,0,0,0.0
CFD,5,2,0,0.0,ok,,ex11,factor-l,/home/scan_SpTRSV/data/factors/spcg/ex11/spcg_spilu_l_ex11_fill10_drop0.0001_permccolamd_sp0.mtx,16614,long-chain-aware-drop,0.1,0.0,0.01,1,1,1,0,0,5435534,5435534,169,169,16361,16361,0,88,88,257,257,0,0.0,0.0,0.0,15773,15773,0,0.0,7521,7521,0,73,73,73,0,0.0,32,32,32,0,0.0,0,0,0,0,0.0,5,5,0,2,2,0,0,0,0,0.004393884675574816,0.004393884675574816,0.004393884675574816,0.0,0.0,0.0,0.0019260864331286866,0.0019260864331286866,0.0019260864331286866,0.0,0.0,0.0,0.0,0.0,0.0,0.0,0.0,0.0,2.9204545454545454,2.9204545454545454,14.6,14.6,16.0,16.0,0.0,0.0,137,137,0,0.0,16,16,5,5,2,2,0,0,0.0
CFD,5,2,0,0.0,ok,,ex11,factor-l,/home/scan_SpTRSV/data/factors/spcg/ex11/spcg_spilu_l_ex11_fill10_drop0.0001_permccolamd_sp0.mtx,16614,long-chain-aware-drop,0.1,0.006082934997738953,0.01,-1,1,1,33064,382,5435534,5402470,169,169,16361,16361,0,88,88,257,257,0,0.0,0.0,0.0,15773,15707,-66,-0.0039725532683279165,7521,7459,62,73,73,73,0,0.0,32,32,32,0,0.0,0,0,0,0,0.0,5,5,0,2,2,0,0,0,0,0.004393884675574816,0.004393884675574816,0.004393884675574816,0.0,0.0,0.0,0.0019260864331286866,0.0019260864331286866,0.0019260864331286866,0.0,0.0,0.0,0.0,0.0,0.0,0.0,0.0,0.0,2.9204545454545454,2.9204545454545454,14.6,14.6,16.0,16.0,0.0,0.0,137,137,0,0.0,16,16,5,5,2,2,0,0,0.0
CFD,0,0,0,0.0,ok,,ex19,factor-l,/home/scan_SpTRSV/data/factors/spcg/ex19/spcg_spilu_l_ex19_fill10_drop0.0001_permccolamd_sp0.mtx,12005,no-drop,0.0,0.0,,0,1,1,0,0,329428,329428,333,333,10623,10623,0,332,332,665,665,0,0.0,0.0,0.0,10706,10706,0,0.0,4970,4970,0,0,0,0,0,0.0,0,0,0,0,0.0,0,0,0,0,0.0,0,0,0,0,0,0,0,0,0,0.0,0.0,0.0,0.0,0.0,0.0,0.0,0.0,0.0,0.0,0.0,0.0,0.0,0.0,0.0,0.0,0.0,0.0,2.003012048192771,2.003012048192771,0.0,0.0,0.0,0.0,0.0,0.0,0,0,0,0.0,3,3,0,0,0,0,0,0,0.0
CFD,0,0,0,0.0,ok,,ex19,factor-l,/home/scan_SpTRSV/data/factors/spcg/ex19/spcg_spilu_l_ex19_fill10_drop0.0001_permccolamd_sp0.mtx,12005,magnitude-drop,0.01,0.009999150041890793,0.0001,1,1,1,3294,3294,329428,326134,333,337,10623,10619,4,332,334,665,669,4,0.0003331945022907122,0.033322282483492636,0.0003332228248349263,10706,10531,-175,-0.014577259475218658,4970,4807,163,0,0,0,0,0.0,0,0,0,0,0.0,0,0,0,0,0.0,0,0,0,0,0,0,0,0,0,0.0,0.0,0.0,0.0,0.0,0.0,0.0,0.0,0.0,0.0,0.0,0.0,0.0,0.0,0.0,0.0,0.0,0.0,2.003012048192771,2.002994011976048,0.0,0.0,0.0,0.0,0.0,0.0,0,0,0,0.0,3,3,0,0,0,0,0,0,0.0012143290831815423
CFD,0,0,0,0.0,ok,,ex19,factor-l,/home/scan_SpTRSV/data/factors/spcg/ex19/spcg_spilu_l_ex19_fill10_drop0.0001_permccolamd_sp0.mtx,12005,magnitude-drop,0.01,0.009999150041890793,0.0001,-1,1,1,3294,1203,329428,326134,333,333,10623,10623,0,332,332,665,665,0,0.0,0.0,0.0,10706,10702,-4,-0.0003331945022907122,4970,4969,1,0,0,0,0,0.0,0,0,0,0,0.0,0,0,0,0,0.0,0,0,0,0,0,0,0,0,0,0.0,0.0,0.0,0.0,0.0,0.0,0.0,0.0,0.0,0.0,0.0,0.0,0.0,0.0,0.0,0.0,0.0,0.0,2.003012048192771,2.003012048192771,0.0,0.0,0.0,0.0,0.0,0.0,0,0,0,0.0,3,3,0,0,0,0,0,0,0.0
CFD,0,0,0,0.0,ok,,ex19,factor-l,/home/scan_SpTRSV/data/factors/spcg/ex19/spcg_spilu_l_ex19_fill10_drop0.0001_permccolamd_sp0.mtx,12005,magnitude-drop,0.01,0.009999150041890793,0.001,1,1,1,3294,3294,329428,326134,333,337,10623,10619,4,332,334,665,669,4,0.0003331945022907122,0.033322282483492636,0.0003332228248349263,10706,10531,-175,-0.014577259475218658,4970,4807,163,0,0,0,0,0.0,0,0,0,0,0.0,0,0,0,0,0.0,0,0,0,0,0,0,0,0,0,0.0,0.0,0.0,0.0,0.0,0.0,0.0,0.0,0.0,0.0,0.0,0.0,0.0,0.0,0.0,0.0,0.0,0.0,2.003012048192771,2.002994011976048,0.0,0.0,0.0,0.0,0.0,0.0,0,0,0,0.0,3,3,0,0,0,0,0,0,0.0012143290831815423
CFD,0,0,0,0.0,ok,,ex19,factor-l,/home/scan_SpTRSV/data/factors/spcg/ex19/spcg_spilu_l_ex19_fill10_drop0.0001_permccolamd_sp0.mtx,12005,magnitude-drop,0.01,0.009999150041890793,0.001,-1,1,1,3294,1203,329428,326134,333,333,10623,10623,0,332,332,665,665,0,0.0,0.0,0.0,10706,10702,-4,-0.0003331945022907122,4970,4969,1,0,0,0,0,0.0,0,0,0,0,0.0,0,0,0,0,0.0,0,0,0,0,0,0,0,0,0,0.0,0.0,0.0,0.0,0.0,0.0,0.0,0.0,0.0,0.0,0.0,0.0,0.0,0.0,0.0,0.0,0.0,0.0,2.003012048192771,2.003012048192771,0.0,0.0,0.0,0.0,0.0,0.0,0,0,0,0.0,3,3,0,0,0,0,0,0,0.0
CFD,0,0,0,0.0,ok,,ex19,factor-l,/home/scan_SpTRSV/data/factors/spcg/ex19/spcg_spilu_l_ex19_fill10_drop0.0001_permccolamd_sp0.mtx,12005,magnitude-drop,0.01,0.009999150041890793,0.01,1,1,1,3294,3294,329428,326134,333,337,10623,10619,4,332,334,665,669,4,0.0003331945022907122,0.033322282483492636,0.0003332228248349263,10706,10531,-175,-0.014577259475218658,4970,4807,163,0,0,0,0,0.0,0,0,0,0,0.0,0,0,0,0,0.0,0,0,0,0,0,0,0,0,0,0.0,0.0,0.0,0.0,0.0,0.0,0.0,0.0,0.0,0.0,0.0,0.0,0.0,0.0,0.0,0.0,0.0,0.0,2.003012048192771,2.002994011976048,0.0,0.0,0.0,0.0,0.0,0.0,0,0,0,0.0,3,3,0,0,0,0,0,0,0.0012143290831815423
CFD,0,0,0,0.0,ok,,ex19,factor-l,/home/scan_SpTRSV/data/factors/spcg/ex19/spcg_spilu_l_ex19_fill10_drop0.0001_permccolamd_sp0.mtx,12005,magnitude-drop,0.01,0.009999150041890793,0.01,-1,1,1,3294,1203,329428,326134,333,333,10623,10623,0,332,332,665,665,0,0.0,0.0,0.0,10706,10702,-4,-0.0003331945022907122,4970,4969,1,0,0,0,0,0.0,0,0,0,0,0.0,0,0,0,0,0.0,0,0,0,0,0,0,0,0,0,0.0,0.0,0.0,0.0,0.0,0.0,0.0,0.0,0.0,0.0,0.0,0.0,0.0,0.0,0.0,0.0,0.0,0.0,2.003012048192771,2.003012048192771,0.0,0.0,0.0,0.0,0.0,0.0,0,0,0,0.0,3,3,0,0,0,0,0,0,0.0
CFD,0,0,0,0.0,ok,,ex19,factor-l,/home/scan_SpTRSV/data/factors/spcg/ex19/spcg_spilu_l_ex19_fill10_drop0.0001_permccolamd_sp0.mtx,12005,magnitude-drop,0.02,0.01880532316621538,0.0001,1,1,1,6195,6195,329428,323233,333,337,10623,10619,4,332,334,665,669,4,0.0003331945022907122,0.01771809499606533,0.00017718094996065333,10706,10267,-439,-0.036568096626405665,4970,4763,207,0,0,0,0,0.0,0,0,0,0,0.0,0,0,0,0,0.0,0,0,0,0,0,0,0,0,0,0.0,0.0,0.0,0.0,0.0,0.0,0.0,0.0,0.0,0.0,0.0,0.0,0.0,0.0,0.0,0.0,0.0,0.0,2.003012048192771,2.002994011976048,0.0,0.0,0.0,0.0,0.0,0.0,0,0,0,0.0,3,3,0,0,0,0,0,0,0.000645682001614205
CFD,0,0,0,0.0,ok,,ex19,factor-l,/home/scan_SpTRSV/data/factors/spcg/ex19/spcg_spilu_l_ex19_fill10_drop0.0001_permccolamd_sp0.mtx,12005,magnitude-drop,0.02,0.019998300083781586,0.0001,-1,1,1,6588,1990,329428,322840,333,333,10623,10623,0,332,332,665,665,0,0.0,0.0,0.0,10706,10702,-4,-0.0003331945022907122,4970,4969,1,0,0,0,0,0.0,0,0,0,0,0.0,0,0,0,0,0.0,0,0,0,0,0,0,0,0,0,0.0,0.0,0.0,0.0,0.0,0.0,0.0,0.0,0.0,0.0,0.0,0.0,0.0,0.0,0.0,0.0,0.0,0.0,2.003012048192771,2.003012048192771,0.0,0.0,0.0,0.0,0.0,0.0,0,0,0,0.0,3,3,0,0,0,0,0,0,0.0
CFD,0,0,0,0.0,ok,,ex19,factor-l,/home/scan_SpTRSV/data/factors/spcg/ex19/spcg_spilu_l_ex19_fill10_drop0.0001_permccolamd_sp0.mtx,12005,magnitude-drop,0.02,0.019998300083781586,0.001,1,1,1,6588,6588,329428,322840,333,343,10623,10613,10,332,340,665,681,16,0.0013327780091628488,0.06664456496698527,0.0006664456496698526,10706,10155,-551,-0.045897542690545606,4970,4694,276,0,0,0,0,0.0,0,0,0,0,0.0,0,0,0,0,0.0,0,0,0,0,0,0,0,0,0,0.0,0.0,0.0,0.0,0.0,0.0,0.0,0.0,0.0,0.0,0.0,0.0,0.0,0.0,0.0,0.0,0.0,0.0,2.003012048192771,2.0029411764705882,0.0,0.0,0.0,0.0,0.0,0.0,0,0,0,0.0,3,3,0,0,0,0,0,0,0.0024286581663630845
CFD,0,0,0,0.0,ok,,ex19,factor-l,/home/scan_SpTRSV/data/factors/spcg/ex19/spcg_spilu_l_ex19_fill10_drop0.0001_permccolamd_sp0.mtx,12005,magnitude-drop,0.02,0.019998300083781586,0.001,-1,1,1,6588,1990,329428,322840,333,333,10623,10623,0,332,332,665,665,0,0.0,0.0,0.0,10706,10702,-4,-0.0003331945022907122,4970,4969,1,0,0,0,0,0.0,0,0,0,0,0.0,0,0,0,0,0.0,0,0,0,0,0,0,0,0,0,0.0,0.0,0.0,0.0,0.0,0.0,0.0,0.0,0.0,0.0,0.0,0.0,0.0,0.0,0.0,0.0,0.0,0.0,2.003012048192771,2.003012048192771,0.0,0.0,0.0,0.0,0.0,0.0,0,0,0,0.0,3,3,0,0,0,0,0,0,0.0
CFD,0,0,0,0.0,ok,,ex19,factor-l,/home/scan_SpTRSV/data/factors/spcg/ex19/spcg_spilu_l_ex19_fill10_drop0.0001_permccolamd_sp0.mtx,12005,magnitude-drop,0.02,0.019998300083781586,0.01,1,1,1,6588,6588,329428,322840,333,343,10623,10613,10,332,340,665,681,16,0.0013327780091628488,0.06664456496698527,0.0006664456496698526,10706,10155,-551,-0.045897542690545606,4970,4694,276,0,0,0,0,0.0,0,0,0,0,0.0,0,0,0,0,0.0,0,0,0,0,0,0,0,0,0,0.0,0.0,0.0,0.0,0.0,0.0,0.0,0.0,0.0,0.0,0.0,0.0,0.0,0.0,0.0,0.0,0.0,0.0,2.003012048192771,2.0029411764705882,0.0,0.0,0.0,0.0,0.0,0.0,0,0,0,0.0,3,3,0,0,0,0,0,0,0.0024286581663630845
CFD,0,0,0,0.0,ok,,ex19,factor-l,/home/scan_SpTRSV/data/factors/spcg/ex19/spcg_spilu_l_ex19_fill10_drop0.0001_permccolamd_sp0.mtx,12005,magnitude-drop,0.02,0.019998300083781586,0.01,-1,1,1,6588,1990,329428,322840,333,333,10623,10623,0,332,332,665,665,0,0.0,0.0,0.0,10706,10702,-4,-0.0003331945022907122,4970,4969,1,0,0,0,0,0.0,0,0,0,0,0.0,0,0,0,0,0.0,0,0,0,0,0,0,0,0,0,0.0,0.0,0.0,0.0,0.0,0.0,0.0,0.0,0.0,0.0,0.0,0.0,0.0,0.0,0.0,0.0,0.0,0.0,2.003012048192771,2.003012048192771,0.0,0.0,0.0,0.0,0.0,0.0,0,0,0,0.0,3,3,0,0,0,0,0,0,0.0
CFD,0,0,0,0.0,ok,,ex19,factor-l,/home/scan_SpTRSV/data/factors/spcg/ex19/spcg_spilu_l_ex19_fill10_drop0.0001_permccolamd_sp0.mtx,12005,magnitude-drop,0.05,0.01880532316621538,0.0001,1,1,1,6195,6195,329428,323233,333,337,10623,10619,4,332,334,665,669,4,0.0003331945022907122,0.01771809499606533,0.00017718094996065333,10706,10267,-439,-0.036568096626405665,4970,4763,207,0,0,0,0,0.0,0,0,0,0,0.0,0,0,0,0,0.0,0,0,0,0,0,0,0,0,0,0.0,0.0,0.0,0.0,0.0,0.0,0.0,0.0,0.0,0.0,0.0,0.0,0.0,0.0,0.0,0.0,0.0,0.0,2.003012048192771,2.002994011976048,0.0,0.0,0.0,0.0,0.0,0.0,0,0,0,0.0,3,3,0,0,0,0,0,0,0.000645682001614205
CFD,0,0,0,0.0,ok,,ex19,factor-l,/home/scan_SpTRSV/data/factors/spcg/ex19/spcg_spilu_l_ex19_fill10_drop0.0001_permccolamd_sp0.mtx,12005,magnitude-drop,0.05,0.0499987857741297,0.0001,-1,1,1,16471,2692,329428,312957,333,335,10623,10621,2,332,334,665,669,4,0.0003331945022907122,0.006664051879098096,6.664051879098096e-05,10706,10687,-19,-0.001582673885880883,4970,4957,13,0,0,0,0,0.0,0,0,0,0,0.0,0,0,0,0,0.0,0,0,0,0,0,0,0,0,0,0.0,0.0,0.0,0.0,0.0,0.0,0.0,0.0,0.0,0.0,0.0,0.0,0.0,0.0,0.0,0.0,0.0,0.0,2.003012048192771,2.002994011976048,0.0,0.0,0.0,0.0,0.0,0.0,0,0,0,0.0,3,3,0,0,0,0,0,0,0.00024285107158035334
CFD,0,0,0,0.0,ok,,ex19,factor-l,/home/scan_SpTRSV/data/factors/spcg/ex19/spcg_spilu_l_ex19_fill10_drop0.0001_permccolamd_sp0.mtx,12005,magnitude-drop,0.05,0.021673931784790608,0.001,1,1,1,7140,7140,329428,322288,333,372,10623,10584,39,332,369,665,739,74,0.006164098292378176,0.28440148070890164,0.002844014807089016,10706,10128,-578,-0.04814660558100791,4970,4684,286,0,0,0,0,0.0,0,0,0,0,0.0,0,0,0,0,0.0,0,0,0,0,0,0,0,0,0,0.0,0.0,0.0,0.0,0.0,0.0,0.0,0.0,0.0,0.0,0.0,0.0,0.0,0.0,0.0,0.0,0.0,0.0,2.003012048192771,2.002710027100271,0.0,0.0,0.0,0.0,0.0,0.0,0,0,0,0.0,3,3,0,0,0,0,0,0,0.010364145658263305
CFD,0,0,0,0.0,ok,,ex19,factor-l,/home/scan_SpTRSV/data/factors/spcg/ex19/spcg_spilu_l_ex19_fill10_drop0.0001_permccolamd_sp0.mtx,12005,magnitude-drop,0.05,0.0499987857741297,0.001,-1,1,1,16471,2692,329428,312957,333,335,10623,10621,2,332,334,665,669,4,0.0003331945022907122,0.006664051879098096,6.664051879098096e-05,10706,10687,-19,-0.001582673885880883,4970,4957,13,0,0,0,0,0.0,0,0,0,0,0.0,0,0,0,0,0.0,0,0,0,0,0,0,0,0,0,0.0,0.0,0.0,0.0,0.0,0.0,0.0,0.0,0.0,0.0,0.0,0.0,0.0,0.0,0.0,0.0,0.0,0.0,2.003012048192771,2.002994011976048,0.0,0.0,0.0,0.0,0.0,0.0,0,0,0,0.0,3,3,0,0,0,0,0,0,0.00024285107158035334
CFD,0,0,0,0.0,ok,,ex19,factor-l,/home/scan_SpTRSV/data/factors/spcg/ex19/spcg_spilu_l_ex19_fill10_drop0.0001_permccolamd_sp0.mtx,12005,magnitude-drop,0.05,0.02551999222895443,0.01,1,1,1,8407,8407,329428,321021,333,418,10623,10538,85,332,409,665,819,154,0.01282798833819242,0.5026642729004464,0.005026642729004464,10706,10057,-649,-0.054060807996668056,4970,4602,368,0,0,0,0,0.0,0,0,0,0,0.0,0,0,0,0,0.0,0,0,0,0,0,0,0,0,0,0.0,0.0,0.0,0.0,0.0,0.0,0.0,0.0,0.0,0.0,0.0,0.0,0.0,0.0,0.0,0.0,0.0,0.0,2.003012048192771,2.002444987775061,0.0,0.0,0.0,0.0,0.0,0.0,0,0,0,0.0,3,3,0,0,0,0,0,0,0.018318068276436304
CFD,0,0,0,0.0,ok,,ex19,factor-l,/home/scan_SpTRSV/data/factors/spcg/ex19/spcg_spilu_l_ex19_fill10_drop0.0001_permccolamd_sp0.mtx,12005,magnitude-drop,0.05,0.0499987857741297,0.01,-1,1,1,16471,2692,329428,312957,333,335,10623,10621,2,332,334,665,669,4,0.0003331945022907122,0.006664051879098096,6.664051879098096e-05,10706,10687,-19,-0.001582673885880883,4970,4957,13,0,0,0,0,0.0,0,0,0,0,0.0,0,0,0,0,0.0,0,0,0,0,0,0,0,0,0,0.0,0.0,0.0,0.0,0.0,0.0,0.0,0.0,0.0,0.0,0.0,0.0,0.0,0.0,0.0,0.0,0.0,0.0,2.003012048192771,2.002994011976048,0.0,0.0,0.0,0.0,0.0,0.0,0,0,0,0.0,3,3,0,0,0,0,0,0,0.00024285107158035334
CFD,0,0,0,0.0,ok,,ex19,factor-l,/home/scan_SpTRSV/data/factors/spcg/ex19/spcg_spilu_l_ex19_fill10_drop0.0001_permccolamd_sp0.mtx,12005,magnitude-drop,0.1,0.01880532316621538,0.0001,1,1,1,6195,6195,329428,323233,333,337,10623,10619,4,332,334,665,669,4,0.0003331945022907122,0.01771809499606533,0.00017718094996065333,10706,10267,-439,-0.036568096626405665,4970,4763,207,0,0,0,0,0.0,0,0,0,0,0.0,0,0,0,0,0.0,0,0,0,0,0,0,0,0,0,0.0,0.0,0.0,0.0,0.0,0.0,0.0,0.0,0.0,0.0,0.0,0.0,0.0,0.0,0.0,0.0,0.0,0.0,2.003012048192771,2.002994011976048,0.0,0.0,0.0,0.0,0.0,0.0,0,0,0,0.0,3,3,0,0,0,0,0,0,0.000645682001614205
CFD,0,0,0,0.0,ok,,ex19,factor-l,/home/scan_SpTRSV/data/factors/spcg/ex19/spcg_spilu_l_ex19_fill10_drop0.0001_permccolamd_sp0.mtx,12005,magnitude-drop,0.1,0.0999975715482594,0.0001,-1,1,1,32942,3263,329428,296486,333,337,10623,10619,4,332,334,665,669,4,0.0003331945022907122,0.003332025939549048,3.332025939549048e-05,10706,10271,-435,-0.036234902124114954,4970,4714,256,0,0,0,0,0.0,0,0,0,0,0.0,0,0,0,0,0.0,0,0,0,0,0,0,0,0,0,0.0,0.0,0.0,0.0,0.0,0.0,0.0,0.0,0.0,0.0,0.0,0.0,0.0,0.0,0.0,0.0,0.0,0.0,2.003012048192771,2.002994011976048,0.0,0.0,0.0,0.0,0.0,0.0,0,0,0,0.0,3,3,0,0,0,0,0,0,0.00012142553579017667
CFD,0,0,0,0.0,ok,,ex19,factor-l,/home/scan_SpTRSV/data/factors/spcg/ex19/spcg_spilu_l_ex19_fill10_drop0.0001_permccolamd_sp0.mtx,12005,magnitude-drop,0.1,0.021673931784790608,0.001,1,1,1,7140,7140,329428,322288,333,372,10623,10584,39,332,369,665,739,74,0.006164098292378176,0.28440148070890164,0.002844014807089016,10706,10128,-578,-0.04814660558100791,4970,4684,286,0,0,0,0,0.0,0,0,0,0,0.0,0,0,0,0,0.0,0,0,0,0,0,0,0,0,0,0.0,0.0,0.0,0.0,0.0,0.0,0.0,0.0,0.0,0.0,0.0,0.0,0.0,0.0,0.0,0.0,0.0,0.0,2.003012048192771,2.002710027100271,0.0,0.0,0.0,0.0,0.0,0.0,0,0,0,0.0,3,3,0,0,0,0,0,0,0.010364145658263305
CFD,0,0,0,0.0,ok,,ex19,factor-l,/home/scan_SpTRSV/data/factors/spcg/ex19/spcg_spilu_l_ex19_fill10_drop0.0001_permccolamd_sp0.mtx,12005,magnitude-drop,0.1,0.0999975715482594,0.001,-1,1,1,32942,3263,329428,296486,333,337,10623,10619,4,332,334,665,669,4,0.0003331945022907122,0.003332025939549048,3.332025939549048e-05,10706,10271,-435,-0.036234902124114954,4970,4714,256,0,0,0,0,0.0,0,0,0,0,0.0,0,0,0,0,0.0,0,0,0,0,0,0,0,0,0,0.0,0.0,0.0,0.0,0.0,0.0,0.0,0.0,0.0,0.0,0.0,0.0,0.0,0.0,0.0,0.0,0.0,0.0,2.003012048192771,2.002994011976048,0.0,0.0,0.0,0.0,0.0,0.0,0,0,0,0.0,3,3,0,0,0,0,0,0,0.00012142553579017667
CFD,0,0,0,0.0,ok,,ex19,factor-l,/home/scan_SpTRSV/data/factors/spcg/ex19/spcg_spilu_l_ex19_fill10_drop0.0001_permccolamd_sp0.mtx,12005,magnitude-drop,0.1,0.02551999222895443,0.01,1,1,1,8407,8407,329428,321021,333,418,10623,10538,85,332,409,665,819,154,0.01282798833819242,0.5026642729004464,0.005026642729004464,10706,10057,-649,-0.054060807996668056,4970,4602,368,0,0,0,0,0.0,0,0,0,0,0.0,0,0,0,0,0.0,0,0,0,0,0,0,0,0,0,0.0,0.0,0.0,0.0,0.0,0.0,0.0,0.0,0.0,0.0,0.0,0.0,0.0,0.0,0.0,0.0,0.0,0.0,2.003012048192771,2.002444987775061,0.0,0.0,0.0,0.0,0.0,0.0,0,0,0,0.0,3,3,0,0,0,0,0,0,0.018318068276436304
CFD,0,0,0,0.0,ok,,ex19,factor-l,/home/scan_SpTRSV/data/factors/spcg/ex19/spcg_spilu_l_ex19_fill10_drop0.0001_permccolamd_sp0.mtx,12005,magnitude-drop,0.1,0.0999975715482594,0.01,-1,1,1,32942,3263,329428,296486,333,337,10623,10619,4,332,334,665,669,4,0.0003331945022907122,0.003332025939549048,3.332025939549048e-05,10706,10271,-435,-0.036234902124114954,4970,4714,256,0,0,0,0,0.0,0,0,0,0,0.0,0,0,0,0,0.0,0,0,0,0,0,0,0,0,0,0.0,0.0,0.0,0.0,0.0,0.0,0.0,0.0,0.0,0.0,0.0,0.0,0.0,0.0,0.0,0.0,0.0,0.0,2.003012048192771,2.002994011976048,0.0,0.0,0.0,0.0,0.0,0.0,0,0,0,0.0,3,3,0,0,0,0,0,0,0.00012142553579017667
CFD,0,0,0,0.0,ok,,ex19,factor-l,/home/scan_SpTRSV/data/factors/spcg/ex19/spcg_spilu_l_ex19_fill10_drop0.0001_permccolamd_sp0.mtx,12005,wavefront-oriented,0.01,0.009999150041890793,0.0001,1,1,1,3294,3294,329428,326134,333,337,10623,10619,4,332,334,665,669,4,0.0003331945022907122,0.033322282483492636,0.0003332228248349263,10706,9330,-1376,-0.114618908788005,4970,4007,963,0,0,0,0,0.0,0,0,0,0,0.0,0,0,0,0,0.0,0,0,0,0,0,0,0,0,0,0.0,0.0,0.0,0.0,0.0,0.0,0.0,0.0,0.0,0.0,0.0,0.0,0.0,0.0,0.0,0.0,0.0,0.0,2.003012048192771,2.002994011976048,0.0,0.0,0.0,0.0,0.0,0.0,0,0,0,0.0,3,3,0,0,0,0,0,0,0.0012143290831815423
CFD,0,0,0,0.0,ok,,ex19,factor-l,/home/scan_SpTRSV/data/factors/spcg/ex19/spcg_spilu_l_ex19_fill10_drop0.0001_permccolamd_sp0.mtx,12005,wavefront-oriented,0.01,0.009999150041890793,0.0001,-1,1,1,3294,395,329428,326134,333,333,10623,10623,0,332,332,665,665,0,0.0,0.0,0.0,10706,10317,-389,-0.03240316534777176,4970,4664,306,0,0,0,0,0.0,0,0,0,0,0.0,0,0,0,0,0.0,0,0,0,0,0,0,0,0,0,0.0,0.0,0.0,0.0,0.0,0.0,0.0,0.0,0.0,0.0,0.0,0.0,0.0,0.0,0.0,0.0,0.0,0.0,2.003012048192771,2.003012048192771,0.0,0.0,0.0,0.0,0.0,0.0,0,0,0,0.0,3,3,0,0,0,0,0,0,0.0
CFD,0,0,0,0.0,ok,,ex19,factor-l,/home/scan_SpTRSV/data/factors/spcg/ex19/spcg_spilu_l_ex19_fill10_drop0.0001_permccolamd_sp0.mtx,12005,wavefront-oriented,0.01,0.009999150041890793,0.001,1,1,1,3294,3294,329428,326134,333,368,10623,10588,35,332,367,665,735,70,0.0058309037900874635,0.5831399434611211,0.005831399434611211,10706,8269,-2437,-0.20299875052061642,4970,3158,1812,0,0,0,0,0.0,0,0,0,0,0.0,0,0,0,0,0.0,0,0,0,0,0,0,0,0,0,0.0,0.0,0.0,0.0,0.0,0.0,0.0,0.0,0.0,0.0,0.0,0.0,0.0,0.0,0.0,0.0,0.0,0.0,2.003012048192771,2.002724795640327,0.0,0.0,0.0,0.0,0.0,0.0,0,0,0,0.0,3,3,0,0,0,0,0,0,0.021250758955676987
CFD,0,0,0,0.0,ok,,ex19,factor-l,/home/scan_SpTRSV/data/factors/spcg/ex19/spcg_spilu_l_ex19_fill10_drop0.0001_permccolamd_sp0.mtx,12005,wavefront-oriented,0.01,0.009999150041890793,0.001,-1,1,1,3294,538,329428,326134,333,361,10623,10595,28,332,360,665,721,56,0.004664723032069971,0.46651195476889684,0.0046651195476889685,10706,10057,-649,-0.054060807996668056,4970,4392,578,0,0,0,0,0.0,0,0,0,0,0.0,0,0,0,0,0.0,0,0,0,0,0,0,0,0,0,0.0,0.0,0.0,0.0,0.0,0.0,0.0,0.0,0.0,0.0,0.0,0.0,0.0,0.0,0.0,0.0,0.0,0.0,2.003012048192771,2.0027777777777778,0.0,0.0,0.0,0.0,0.0,0.0,0,0,0,0.0,3,3,0,0,0,0,0,0,0.01700060716454159
CFD,0,0,0,0.0,ok,,ex19,factor-l,/home/scan_SpTRSV/data/factors/spcg/ex19/spcg_spilu_l_ex19_fill10_drop0.0001_permccolamd_sp0.mtx,12005,wavefront-oriented,0.01,0.009999150041890793,0.01,1,1,1,3294,3294,329428,326134,333,393,10623,10563,60,332,392,665,785,120,0.009995835068721367,0.9996684745047791,0.009996684745047791,10706,8645,-2061,-0.17167846730528946,4970,3392,1578,0,0,0,0,0.0,0,0,0,0,0.0,0,0,0,0,0.0,0,0,0,0,0,0,0,0,0,0.0,0.0,0.0,0.0,0.0,0.0,0.0,0.0,0.0,0.0,0.0,0.0,0.0,0.0,0.0,0.0,0.0,0.0,2.003012048192771,2.002551020408163,0.0,0.0,0.0,0.0,0.0,0.0,0,0,0,0.0,3,3,0,0,0,0,0,0,0.03642987249544627
CFD,0,0,0,0.0,ok,,ex19,factor-l,/home/scan_SpTRSV/data/factors/spcg/ex19/spcg_spilu_l_ex19_fill10_drop0.0001_permccolamd_sp0.mtx,12005,wavefront-oriented,0.01,0.009999150041890793,0.01,-1,1,1,3294,589,329428,326134,333,360,10623,10596,27,332,359,665,719,54,0.004498125780924614,0.4498508135271505,0.004498508135271505,10706,9997,-709,-0.05905872553102874,4970,4334,636,0,0,0,0,0.0,0,0,0,0,0.0,0,0,0,0,0.0,0,0,0,0,0,0,0,0,0,0.0,0.0,0.0,0.0,0.0,0.0,0.0,0.0,0.0,0.0,0.0,0.0,0.0,0.0,0.0,0.0,0.0,0.0,2.003012048192771,2.002785515320334,0.0,0.0,0.0,0.0,0.0,0.0,0,0,0,0.0,3,3,0,0,0,0,0,0,0.01639344262295082
CFD,0,0,0,0.0,ok,,ex19,factor-l,/home/scan_SpTRSV/data/factors/spcg/ex19/spcg_spilu_l_ex19_fill10_drop0.0001_permccolamd_sp0.mtx,12005,wavefront-oriented,0.02,0.01880532316621538,0.0001,1,1,1,6195,6195,329428,323233,333,337,10623,10619,4,332,334,665,669,4,0.0003331945022907122,0.01771809499606533,0.00017718094996065333,10706,9463,-1243,-0.10354019158683882,4970,4049,921,0,0,0,0,0.0,0,0,0,0,0.0,0,0,0,0,0.0,0,0,0,0,0,0,0,0,0,0.0,0.0,0.0,0.0,0.0,0.0,0.0,0.0,0.0,0.0,0.0,0.0,0.0,0.0,0.0,0.0,0.0,0.0,2.003012048192771,2.002994011976048,0.0,0.0,0.0,0.0,0.0,0.0,0,0,0,0.0,3,3,0,0,0,0,0,0,0.000645682001614205
CFD,0,0,0,0.0,ok,,ex19,factor-l,/home/scan_SpTRSV/data/factors/spcg/ex19/spcg_spilu_l_ex19_fill10_drop0.0001_permccolamd_sp0.mtx,12005,wavefront-oriented,0.02,0.019998300083781586,0.0001,-1,1,1,6588,556,329428,322840,333,333,10623,10623,0,332,332,665,665,0,0.0,0.0,0.0,10706,10293,-413,-0.03440233236151603,4970,4655,315,0,0,0,0,0.0,0,0,0,0,0.0,0,0,0,0,0.0,0,0,0,0,0,0,0,0,0,0.0,0.0,0.0,0.0,0.0,0.0,0.0,0.0,0.0,0.0,0.0,0.0,0.0,0.0,0.0,0.0,0.0,0.0,2.003012048192771,2.003012048192771,0.0,0.0,0.0,0.0,0.0,0.0,0,0,0,0.0,3,3,0,0,0,0,0,0,0.0
CFD,0,0,0,0.0,ok,,ex19,factor-l,/home/scan_SpTRSV/data/factors/spcg/ex19/spcg_spilu_l_ex19_fill10_drop0.0001_permccolamd_sp0.mtx,12005,wavefront-oriented,0.02,0.019998300083781586,0.001,1,1,1,6588,6588,329428,322840,333,372,10623,10584,39,332,369,665,739,74,0.006164098292378176,0.3082311129723069,0.0030823111297230686,10706,8050,-2656,-0.2212411495210329,4970,2978,1992,0,0,0,0,0.0,0,0,0,0,0.0,0,0,0,0,0.0,0,0,0,0,0,0,0,0,0,0.0,0.0,0.0,0.0,0.0,0.0,0.0,0.0,0.0,0.0,0.0,0.0,0.0,0.0,0.0,0.0,0.0,0.0,2.003012048192771,2.002710027100271,0.0,0.0,0.0,0.0,0.0,0.0,0,0,0,0.0,3,3,0,0,0,0,0,0,0.011232544019429266
CFD,0,0,0,0.0,ok,,ex19,factor-l,/home/scan_SpTRSV/data/factors/spcg/ex19/spcg_spilu_l_ex19_fill10_drop0.0001_permccolamd_sp0.mtx,12005,wavefront-oriented,0.02,0.019998300083781586,0.001,-1,1,1,6588,662,329428,322840,333,363,10623,10593,30,332,362,665,725,60,0.0049979175343606835,0.24991711862619478,0.002499171186261948,10706,10029,-677,-0.05639316951270304,4970,4348,622,0,0,0,0,0.0,0,0,0,0,0.0,0,0,0,0,0.0,0,0,0,0,0,0,0,0,0,0.0,0.0,0.0,0.0,0.0,0.0,0.0,0.0,0.0,0.0,0.0,0.0,0.0,0.0,0.0,0.0,0.0,0.0,2.003012048192771,2.0027624309392267,0.0,0.0,0.0,0.0,0.0,0.0,0,0,0,0.0,3,3,0,0,0,0,0,0,0.009107468123861567
CFD,0,0,0,0.0,ok,,ex19,factor-l,/home/scan_SpTRSV/data/factors/spcg/ex19/spcg_spilu_l_ex19_fill10_drop0.0001_permccolamd_sp0.mtx,12005,wavefront-oriented,0.02,0.019998300083781586,0.01,1,1,1,6588,6588,329428,322840,333,418,10623,10538,85,332,409,665,819,154,0.01282798833819242,0.6414539378072333,0.0064145393780723325,10706,7547,-3159,-0.26314035818409,4970,2722,2248,0,0,0,0,0.0,0,0,0,0,0.0,0,0,0,0,0.0,0,0,0,0,0,0,0,0,0,0.0,0.0,0.0,0.0,0.0,0.0,0.0,0.0,0.0,0.0,0.0,0.0,0.0,0.0,0.0,0.0,0.0,0.0,2.003012048192771,2.002444987775061,0.0,0.0,0.0,0.0,0.0,0.0,0,0,0,0.0,3,3,0,0,0,0,0,0,0.023375834851244687
CFD,0,0,0,0.0,ok,,ex19,factor-l,/home/scan_SpTRSV/data/factors/spcg/ex19/spcg_spilu_l_ex19_fill10_drop0.0001_permccolamd_sp0.mtx,12005,wavefront-oriented,0.02,0.019998300083781586,0.01,-1,1,1,6588,679,329428,322840,333,362,10623,10594,29,332,361,665,723,58,0.004831320283215327,0.2415865480053216,0.002415865480053216,10706,9960,-746,-0.062140774677217826,4970,4300,670,0,0,0,0,0.0,0,0,0,0,0.0,0,0,0,0,0.0,0,0,0,0,0,0,0,0,0,0.0,0.0,0.0,0.0,0.0,0.0,0.0,0.0,0.0,0.0,0.0,0.0,0.0,0.0,0.0,0.0,0.0,0.0,2.003012048192771,2.0027700831024933,0.0,0.0,0.0,0.0,0.0,0.0,0,0,0,0.0,3,3,0,0,0,0,0,0,0.008803885853066181
CFD,0,0,0,0.0,ok,,ex19,factor-l,/home/scan_SpTRSV/data/factors/spcg/ex19/spcg_spilu_l_ex19_fill10_drop0.0001_permccolamd_sp0.mtx,12005,wavefront-oriented,0.05,0.01880532316621538,0.0001,1,1,1,6195,6195,329428,323233,333,337,10623,10619,4,332,334,665,669,4,0.0003331945022907122,0.01771809499606533,0.00017718094996065333,10706,9463,-1243,-0.10354019158683882,4970,4049,921,0,0,0,0,0.0,0,0,0,0,0.0,0,0,0,0,0.0,0,0,0,0,0,0,0,0,0,0.0,0.0,0.0,0.0,0.0,0.0,0.0,0.0,0.0,0.0,0.0,0.0,0.0,0.0,0.0,0.0,0.0,0.0,2.003012048192771,2.002994011976048,0.0,0.0,0.0,0.0,0.0,0.0,0,0,0,0.0,3,3,0,0,0,0,0,0,0.000645682001614205
CFD,0,0,0,0.0,ok,,ex19,factor-l,/home/scan_SpTRSV/data/factors/spcg/ex19/spcg_spilu_l_ex19_fill10_drop0.0001_permccolamd_sp0.mtx,12005,wavefront-oriented,0.05,0.0499987857741297,0.0001,-1,1,1,16471,1054,329428,312957,333,333,10623,10623,0,332,332,665,665,0,0.0,0.0,0.0,10706,10216,-490,-0.04081632653061224,4970,4616,354,0,0,0,0,0.0,0,0,0,0,0.0,0,0,0,0,0.0,0,0,0,0,0,0,0,0,0,0.0,0.0,0.0,0.0,0.0,0.0,0.0,0.0,0.0,0.0,0.0,0.0,0.0,0.0,0.0,0.0,0.0,0.0,2.003012048192771,2.003012048192771,0.0,0.0,0.0,0.0,0.0,0.0,0,0,0,0.0,3,3,0,0,0,0,0,0,0.0
CFD,0,0,0,0.0,ok,,ex19,factor-l,/home/scan_SpTRSV/data/factors/spcg/ex19/spcg_spilu_l_ex19_fill10_drop0.0001_permccolamd_sp0.mtx,12005,wavefront-oriented,0.05,0.021673931784790608,0.001,1,1,1,7140,7140,329428,322288,333,372,10623,10584,39,332,369,665,739,74,0.006164098292378176,0.28440148070890164,0.002844014807089016,10706,8081,-2625,-0.21865889212827988,4970,2982,1988,0,0,0,0,0.0,0,0,0,0,0.0,0,0,0,0,0.0,0,0,0,0,0,0,0,0,0,0.0,0.0,0.0,0.0,0.0,0.0,0.0,0.0,0.0,0.0,0.0,0.0,0.0,0.0,0.0,0.0,0.0,0.0,2.003012048192771,2.002710027100271,0.0,0.0,0.0,0.0,0.0,0.0,0,0,0,0.0,3,3,0,0,0,0,0,0,0.010364145658263305
CFD,0,0,0,0.0,ok,,ex19,factor-l,/home/scan_SpTRSV/data/factors/spcg/ex19/spcg_spilu_l_ex19_fill10_drop0.0001_permccolamd_sp0.mtx,12005,wavefront-oriented,0.05,0.0499987857741297,0.001,-1,1,1,16471,1037,329428,312957,333,368,10623,10588,35,332,367,665,735,70,0.0058309037900874635,0.11662090788421668,0.0011662090788421668,10706,9928,-778,-0.06480633069554352,4970,4220,750,0,0,0,0,0.0,0,0,0,0,0.0,0,0,0,0,0.0,0,0,0,0,0,0,0,0,0,0.0,0.0,0.0,0.0,0.0,0.0,0.0,0.0,0.0,0.0,0.0,0.0,0.0,0.0,0.0,0.0,0.0,0.0,2.003012048192771,2.002724795640327,0.0,0.0,0.0,0.0,0.0,0.0,0,0,0,0.0,3,3,0,0,0,0,0,0,0.004249893752656183
CFD,0,0,0,0.0,ok,,ex19,factor-l,/home/scan_SpTRSV/data/factors/spcg/ex19/spcg_spilu_l_ex19_fill10_drop0.0001_permccolamd_sp0.mtx,12005,wavefront-oriented,0.05,0.02551999222895443,0.01,1,1,1,8407,8407,329428,321021,333,418,10623,10538,85,332,409,665,819,154,0.01282798833819242,0.5026642729004464,0.005026642729004464,10706,7703,-3003,-0.2501457725947522,4970,2762,2208,0,0,0,0,0.0,0,0,0,0,0.0,0,0,0,0,0.0,0,0,0,0,0,0,0,0,0,0.0,0.0,0.0,0.0,0.0,0.0,0.0,0.0,0.0,0.0,0.0,0.0,0.0,0.0,0.0,0.0,0.0,0.0,2.003012048192771,2.002444987775061,0.0,0.0,0.0,0.0,0.0,0.0,0,0,0,0.0,3,3,0,0,0,0,0,0,0.018318068276436304
CFD,0,0,0,0.0,ok,,ex19,factor-l,/home/scan_SpTRSV/data/factors/spcg/ex19/spcg_spilu_l_ex19_fill10_drop0.0001_permccolamd_sp0.mtx,12005,wavefront-oriented,0.05,0.0499987857741297,0.01,-1,1,1,16471,952,329428,312957,333,366,10623,10590,33,332,365,665,731,66,0.005497709287796752,0.10995685600511859,0.0010995685600511858,10706,9841,-865,-0.07205331112036652,4970,4209,761,0,0,0,0,0.0,0,0,0,0,0.0,0,0,0,0,0.0,0,0,0,0,0,0,0,0,0,0.0,0.0,0.0,0.0,0.0,0.0,0.0,0.0,0.0,0.0,0.0,0.0,0.0,0.0,0.0,0.0,0.0,0.0,2.003012048192771,2.0027397260273974,0.0,0.0,0.0,0.0,0.0,0.0,0,0,0,0.0,3,3,0,0,0,0,0,0,0.00400704268107583
CFD,0,0,0,0.0,ok,,ex19,factor-l,/home/scan_SpTRSV/data/factors/spcg/ex19/spcg_spilu_l_ex19_fill10_drop0.0001_permccolamd_sp0.mtx,12005,wavefront-oriented,0.1,0.01880532316621538,0.0001,1,1,1,6195,6195,329428,323233,333,337,10623,10619,4,332,334,665,669,4,0.0003331945022907122,0.01771809499606533,0.00017718094996065333,10706,9463,-1243,-0.10354019158683882,4970,4049,921,0,0,0,0,0.0,0,0,0,0,0.0,0,0,0,0,0.0,0,0,0,0,0,0,0,0,0,0.0,0.0,0.0,0.0,0.0,0.0,0.0,0.0,0.0,0.0,0.0,0.0,0.0,0.0,0.0,0.0,0.0,0.0,2.003012048192771,2.002994011976048,0.0,0.0,0.0,0.0,0.0,0.0,0,0,0,0.0,3,3,0,0,0,0,0,0,0.000645682001614205
CFD,0,0,0,0.0,ok,,ex19,factor-l,/home/scan_SpTRSV/data/factors/spcg/ex19/spcg_spilu_l_ex19_fill10_drop0.0001_permccolamd_sp0.mtx,12005,wavefront-oriented,0.1,0.0999975715482594,0.0001,-1,1,1,32942,1969,329428,296486,333,333,10623,10623,0,332,332,665,665,0,0.0,0.0,0.0,10706,9945,-761,-0.06339025406080799,4970,4417,553,0,0,0,0,0.0,0,0,0,0,0.0,0,0,0,0,0.0,0,0,0,0,0,0,0,0,0,0.0,0.0,0.0,0.0,0.0,0.0,0.0,0.0,0.0,0.0,0.0,0.0,0.0,0.0,0.0,0.0,0.0,0.0,2.003012048192771,2.003012048192771,0.0,0.0,0.0,0.0,0.0,0.0,0,0,0,0.0,3,3,0,0,0,0,0,0,0.0
CFD,0,0,0,0.0,ok,,ex19,factor-l,/home/scan_SpTRSV/data/factors/spcg/ex19/spcg_spilu_l_ex19_fill10_drop0.0001_permccolamd_sp0.mtx,12005,wavefront-oriented,0.1,0.021673931784790608,0.001,1,1,1,7140,7140,329428,322288,333,372,10623,10584,39,332,369,665,739,74,0.006164098292378176,0.28440148070890164,0.002844014807089016,10706,8081,-2625,-0.21865889212827988,4970,2982,1988,0,0,0,0,0.0,0,0,0,0,0.0,0,0,0,0,0.0,0,0,0,0,0,0,0,0,0,0.0,0.0,0.0,0.0,0.0,0.0,0.0,0.0,0.0,0.0,0.0,0.0,0.0,0.0,0.0,0.0,0.0,0.0,2.003012048192771,2.002710027100271,0.0,0.0,0.0,0.0,0.0,0.0,0,0,0,0.0,3,3,0,0,0,0,0,0,0.010364145658263305
CFD,0,0,0,0.0,ok,,ex19,factor-l,/home/scan_SpTRSV/data/factors/spcg/ex19/spcg_spilu_l_ex19_fill10_drop0.0001_permccolamd_sp0.mtx,12005,wavefront-oriented,0.1,0.0999975715482594,0.001,-1,1,1,32942,1628,329428,296486,333,368,10623,10588,35,332,367,665,735,70,0.0058309037900874635,0.05831045394210834,0.0005831045394210834,10706,9736,-970,-0.0807996668054977,4970,4051,919,0,0,0,0,0.0,0,0,0,0,0.0,0,0,0,0,0.0,0,0,0,0,0,0,0,0,0,0.0,0.0,0.0,0.0,0.0,0.0,0.0,0.0,0.0,0.0,0.0,0.0,0.0,0.0,0.0,0.0,0.0,0.0,2.003012048192771,2.002724795640327,0.0,0.0,0.0,0.0,0.0,0.0,0,0,0,0.0,3,3,0,0,0,0,0,0,0.0021249468763280916
CFD,0,0,0,0.0,ok,,ex19,factor-l,/home/scan_SpTRSV/data/factors/spcg/ex19/spcg_spilu_l_ex19_fill10_drop0.0001_permccolamd_sp0.mtx,12005,wavefront-oriented,0.1,0.02551999222895443,0.01,1,1,1,8407,8407,329428,321021,333,418,10623,10538,85,332,409,665,819,154,0.01282798833819242,0.5026642729004464,0.005026642729004464,10706,7703,-3003,-0.2501457725947522,4970,2762,2208,0,0,0,0,0.0,0,0,0,0,0.0,0,0,0,0,0.0,0,0,0,0,0,0,0,0,0,0.0,0.0,0.0,0.0,0.0,0.0,0.0,0.0,0.0,0.0,0.0,0.0,0.0,0.0,0.0,0.0,0.0,0.0,2.003012048192771,2.002444987775061,0.0,0.0,0.0,0.0,0.0,0.0,0,0,0,0.0,3,3,0,0,0,0,0,0,0.018318068276436304
CFD,0,0,0,0.0,ok,,ex19,factor-l,/home/scan_SpTRSV/data/factors/spcg/ex19/spcg_spilu_l_ex19_fill10_drop0.0001_permccolamd_sp0.mtx,12005,wavefront-oriented,0.1,0.0999975715482594,0.01,-1,1,1,32942,1415,329428,296486,333,373,10623,10583,40,332,372,665,745,80,0.006663890045814244,0.06664051879098097,0.0006664051879098096,10706,9641,-1065,-0.08871303623490212,4970,4047,923,0,0,0,0,0.0,0,0,0,0,0.0,0,0,0,0,0.0,0,0,0,0,0,0,0,0,0,0.0,0.0,0.0,0.0,0.0,0.0,0.0,0.0,0.0,0.0,0.0,0.0,0.0,0.0,0.0,0.0,0.0,0.0,2.003012048192771,2.002688172043011,0.0,0.0,0.0,0.0,0.0,0.0,0,0,0,0.0,3,3,0,0,0,0,0,0,0.0024285107158035337
CFD,0,0,0,0.0,ok,,ex19,factor-l,/home/scan_SpTRSV/data/factors/spcg/ex19/spcg_spilu_l_ex19_fill10_drop0.0001_permccolamd_sp0.mtx,12005,scan-chain-aware,0.01,0.0,0.0001,1,1,1,0,0,329428,329428,333,333,10623,10623,0,332,332,665,665,0,0.0,0.0,0.0,10706,10706,0,0.0,4970,4970,0,0,0,0,0,0.0,0,0,0,0,0.0,0,0,0,0,0.0,0,0,0,0,0,0,0,0,0,0.0,0.0,0.0,0.0,0.0,0.0,0.0,0.0,0.0,0.0,0.0,0.0,0.0,0.0,0.0,0.0,0.0,0.0,2.003012048192771,2.003012048192771,0.0,0.0,0.0,0.0,0.0,0.0,0,0,0,0.0,3,3,0,0,0,0,0,0,0.0
CFD,0,0,0,0.0,ok,,ex19,factor-l,/home/scan_SpTRSV/data/factors/spcg/ex19/spcg_spilu_l_ex19_fill10_drop0.0001_permccolamd_sp0.mtx,12005,scan-chain-aware,0.01,0.009999150041890793,0.0001,-1,1,1,3294,721,329428,326134,333,333,10623,10623,0,332,332,665,665,0,0.0,0.0,0.0,10706,10636,-70,-0.0058309037900874635,4970,5029,-59,0,0,0,0,0.0,0,0,0,0,0.0,0,0,0,0,0.0,0,0,0,0,0,0,0,0,0,0.0,0.0,0.0,0.0,0.0,0.0,0.0,0.0,0.0,0.0,0.0,0.0,0.0,0.0,0.0,0.0,0.0,0.0,2.003012048192771,2.003012048192771,0.0,0.0,0.0,0.0,0.0,0.0,0,0,0,0.0,3,3,0,0,0,0,0,0,0.0
CFD,0,0,0,0.0,ok,,ex19,factor-l,/home/scan_SpTRSV/data/factors/spcg/ex19/spcg_spilu_l_ex19_fill10_drop0.0001_permccolamd_sp0.mtx,12005,scan-chain-aware,0.01,0.0,0.001,1,1,1,0,0,329428,329428,333,333,10623,10623,0,332,332,665,665,0,0.0,0.0,0.0,10706,10706,0,0.0,4970,4970,0,0,0,0,0,0.0,0,0,0,0,0.0,0,0,0,0,0.0,0,0,0,0,0,0,0,0,0,0.0,0.0,0.0,0.0,0.0,0.0,0.0,0.0,0.0,0.0,0.0,0.0,0.0,0.0,0.0,0.0,0.0,0.0,2.003012048192771,2.003012048192771,0.0,0.0,0.0,0.0,0.0,0.0,0,0,0,0.0,3,3,0,0,0,0,0,0,0.0
CFD,0,0,0,0.0,ok,,ex19,factor-l,/home/scan_SpTRSV/data/factors/spcg/ex19/spcg_spilu_l_ex19_fill10_drop0.0001_permccolamd_sp0.mtx,12005,scan-chain-aware,0.01,0.009999150041890793,0.001,-1,1,1,3294,527,329428,326134,333,333,10623,10623,0,332,332,665,665,0,0.0,0.0,0.0,10706,10569,-137,-0.011411911703456894,4970,4959,11,0,0,0,0,0.0,0,0,0,0,0.0,0,0,0,0,0.0,0,0,0,0,0,0,0,0,0,0.0,0.0,0.0,0.0,0.0,0.0,0.0,0.0,0.0,0.0,0.0,0.0,0.0,0.0,0.0,0.0,0.0,0.0,2.003012048192771,2.003012048192771,0.0,0.0,0.0,0.0,0.0,0.0,0,0,0,0.0,3,3,0,0,0,0,0,0,0.0
CFD,0,0,0,0.0,ok,,ex19,factor-l,/home/scan_SpTRSV/data/factors/spcg/ex19/spcg_spilu_l_ex19_fill10_drop0.0001_permccolamd_sp0.mtx,12005,scan-chain-aware,0.01,0.0,0.01,1,1,1,0,0,329428,329428,333,333,10623,10623,0,332,332,665,665,0,0.0,0.0,0.0,10706,10706,0,0.0,4970,4970,0,0,0,0,0,0.0,0,0,0,0,0.0,0,0,0,0,0.0,0,0,0,0,0,0,0,0,0,0.0,0.0,0.0,0.0,0.0,0.0,0.0,0.0,0.0,0.0,0.0,0.0,0.0,0.0,0.0,0.0,0.0,0.0,2.003012048192771,2.003012048192771,0.0,0.0,0.0,0.0,0.0,0.0,0,0,0,0.0,3,3,0,0,0,0,0,0,0.0
CFD,0,0,0,0.0,ok,,ex19,factor-l,/home/scan_SpTRSV/data/factors/spcg/ex19/spcg_spilu_l_ex19_fill10_drop0.0001_permccolamd_sp0.mtx,12005,scan-chain-aware,0.01,0.009999150041890793,0.01,-1,1,1,3294,376,329428,326134,333,333,10623,10623,0,332,332,665,665,0,0.0,0.0,0.0,10706,10606,-100,-0.008329862557267805,4970,4922,48,0,0,0,0,0.0,0,0,0,0,0.0,0,0,0,0,0.0,0,0,0,0,0,0,0,0,0,0.0,0.0,0.0,0.0,0.0,0.0,0.0,0.0,0.0,0.0,0.0,0.0,0.0,0.0,0.0,0.0,0.0,0.0,2.003012048192771,2.003012048192771,0.0,0.0,0.0,0.0,0.0,0.0,0,0,0,0.0,3,3,0,0,0,0,0,0,0.0
CFD,0,0,0,0.0,ok,,ex19,factor-l,/home/scan_SpTRSV/data/factors/spcg/ex19/spcg_spilu_l_ex19_fill10_drop0.0001_permccolamd_sp0.mtx,12005,scan-chain-aware,0.02,0.0,0.0001,1,1,1,0,0,329428,329428,333,333,10623,10623,0,332,332,665,665,0,0.0,0.0,0.0,10706,10706,0,0.0,4970,4970,0,0,0,0,0,0.0,0,0,0,0,0.0,0,0,0,0,0.0,0,0,0,0,0,0,0,0,0,0.0,0.0,0.0,0.0,0.0,0.0,0.0,0.0,0.0,0.0,0.0,0.0,0.0,0.0,0.0,0.0,0.0,0.0,2.003012048192771,2.003012048192771,0.0,0.0,0.0,0.0,0.0,0.0,0,0,0,0.0,3,3,0,0,0,0,0,0,0.0
CFD,0,0,0,0.0,ok,,ex19,factor-l,/home/scan_SpTRSV/data/factors/spcg/ex19/spcg_spilu_l_ex19_fill10_drop0.0001_permccolamd_sp0.mtx,12005,scan-chain-aware,0.02,0.019998300083781586,0.0001,-1,1,1,6588,1924,329428,322840,333,336,10623,10620,3,332,335,665,671,6,0.0004997917534360683,0.024991711862619476,0.00024991711862619475,10706,10526,-180,-0.014993752603082049,4970,4919,51,0,0,0,0,0.0,0,0,0,0,0.0,0,0,0,0,0.0,0,0,0,0,0,0,0,0,0,0.0,0.0,0.0,0.0,0.0,0.0,0.0,0.0,0.0,0.0,0.0,0.0,0.0,0.0,0.0,0.0,0.0,0.0,2.003012048192771,2.002985074626866,0.0,0.0,0.0,0.0,0.0,0.0,0,0,0,0.0,3,3,0,0,0,0,0,0,0.0009107468123861566
CFD,0,0,0,0.0,ok,,ex19,factor-l,/home/scan_SpTRSV/data/factors/spcg/ex19/spcg_spilu_l_ex19_fill10_drop0.0001_permccolamd_sp0.mtx,12005,scan-chain-aware,0.02,0.0,0.001,1,1,1,0,0,329428,329428,333,333,10623,10623,0,332,332,665,665,0,0.0,0.0,0.0,10706,10706,0,0.0,4970,4970,0,0,0,0,0,0.0,0,0,0,0,0.0,0,0,0,0,0.0,0,0,0,0,0,0,0,0,0,0.0,0.0,0.0,0.0,0.0,0.0,0.0,0.0,0.0,0.0,0.0,0.0,0.0,0.0,0.0,0.0,0.0,0.0,2.003012048192771,2.003012048192771,0.0,0.0,0.0,0.0,0.0,0.0,0,0,0,0.0,3,3,0,0,0,0,0,0,0.0
CFD,0,0,0,0.0,ok,,ex19,factor-l,/home/scan_SpTRSV/data/factors/spcg/ex19/spcg_spilu_l_ex19_fill10_drop0.0001_permccolamd_sp0.mtx,12005,scan-chain-aware,0.02,0.019998300083781586,0.001,-1,1,1,6588,893,329428,322840,333,333,10623,10623,0,332,332,665,665,0,0.0,0.0,0.0,10706,10558,-148,-0.012328196584756352,4970,4959,11,0,0,0,0,0.0,0,0,0,0,0.0,0,0,0,0,0.0,0,0,0,0,0,0,0,0,0,0.0,0.0,0.0,0.0,0.0,0.0,0.0,0.0,0.0,0.0,0.0,0.0,0.0,0.0,0.0,0.0,0.0,0.0,2.003012048192771,2.003012048192771,0.0,0.0,0.0,0.0,0.0,0.0,0,0,0,0.0,3,3,0,0,0,0,0,0,0.0
CFD,0,0,0,0.0,ok,,ex19,factor-l,/home/scan_SpTRSV/data/factors/spcg/ex19/spcg_spilu_l_ex19_fill10_drop0.0001_permccolamd_sp0.mtx,12005,scan-chain-aware,0.02,0.0,0.01,1,1,1,0,0,329428,329428,333,333,10623,10623,0,332,332,665,665,0,0.0,0.0,0.0,10706,10706,0,0.0,4970,4970,0,0,0,0,0,0.0,0,0,0,0,0.0,0,0,0,0,0.0,0,0,0,0,0,0,0,0,0,0.0,0.0,0.0,0.0,0.0,0.0,0.0,0.0,0.0,0.0,0.0,0.0,0.0,0.0,0.0,0.0,0.0,0.0,2.003012048192771,2.003012048192771,0.0,0.0,0.0,0.0,0.0,0.0,0,0,0,0.0,3,3,0,0,0,0,0,0,0.0
CFD,0,0,0,0.0,ok,,ex19,factor-l,/home/scan_SpTRSV/data/factors/spcg/ex19/spcg_spilu_l_ex19_fill10_drop0.0001_permccolamd_sp0.mtx,12005,scan-chain-aware,0.02,0.019998300083781586,0.01,-1,1,1,6588,730,329428,322840,333,333,10623,10623,0,332,332,665,665,0,0.0,0.0,0.0,10706,10588,-118,-0.00982923781757601,4970,4924,46,0,0,0,0,0.0,0,0,0,0,0.0,0,0,0,0,0.0,0,0,0,0,0,0,0,0,0,0.0,0.0,0.0,0.0,0.0,0.0,0.0,0.0,0.0,0.0,0.0,0.0,0.0,0.0,0.0,0.0,0.0,0.0,2.003012048192771,2.003012048192771,0.0,0.0,0.0,0.0,0.0,0.0,0,0,0,0.0,3,3,0,0,0,0,0,0,0.0
CFD,0,0,0,0.0,ok,,ex19,factor-l,/home/scan_SpTRSV/data/factors/spcg/ex19/spcg_spilu_l_ex19_fill10_drop0.0001_permccolamd_sp0.mtx,12005,scan-chain-aware,0.05,0.0,0.0001,1,1,1,0,0,329428,329428,333,333,10623,10623,0,332,332,665,665,0,0.0,0.0,0.0,10706,10706,0,0.0,4970,4970,0,0,0,0,0,0.0,0,0,0,0,0.0,0,0,0,0,0.0,0,0,0,0,0,0,0,0,0,0.0,0.0,0.0,0.0,0.0,0.0,0.0,0.0,0.0,0.0,0.0,0.0,0.0,0.0,0.0,0.0,0.0,0.0,2.003012048192771,2.003012048192771,0.0,0.0,0.0,0.0,0.0,0.0,0,0,0,0.0,3,3,0,0,0,0,0,0,0.0
CFD,0,0,0,0.0,ok,,ex19,factor-l,/home/scan_SpTRSV/data/factors/spcg/ex19/spcg_spilu_l_ex19_fill10_drop0.0001_permccolamd_sp0.mtx,12005,scan-chain-aware,0.05,0.0499987857741297,0.0001,-1,1,1,16471,2352,329428,312957,333,336,10623,10620,3,332,335,665,671,6,0.0004997917534360683,0.009996077818647144,9.996077818647144e-05,10706,10529,-177,-0.014743856726364015,4970,4909,61,0,0,0,0,0.0,0,0,0,0,0.0,0,0,0,0,0.0,0,0,0,0,0,0,0,0,0,0.0,0.0,0.0,0.0,0.0,0.0,0.0,0.0,0.0,0.0,0.0,0.0,0.0,0.0,0.0,0.0,0.0,0.0,2.003012048192771,2.002985074626866,0.0,0.0,0.0,0.0,0.0,0.0,0,0,0,0.0,3,3,0,0,0,0,0,0,0.00036427660737053003
CFD,0,0,0,0.0,ok,,ex19,factor-l,/home/scan_SpTRSV/data/factors/spcg/ex19/spcg_spilu_l_ex19_fill10_drop0.0001_permccolamd_sp0.mtx,12005,scan-chain-aware,0.05,0.0,0.001,1,1,1,0,0,329428,329428,333,333,10623,10623,0,332,332,665,665,0,0.0,0.0,0.0,10706,10706,0,0.0,4970,4970,0,0,0,0,0,0.0,0,0,0,0,0.0,0,0,0,0,0.0,0,0,0,0,0,0,0,0,0,0.0,0.0,0.0,0.0,0.0,0.0,0.0,0.0,0.0,0.0,0.0,0.0,0.0,0.0,0.0,0.0,0.0,0.0,2.003012048192771,2.003012048192771,0.0,0.0,0.0,0.0,0.0,0.0,0,0,0,0.0,3,3,0,0,0,0,0,0,0.0
CFD,0,0,0,0.0,ok,,ex19,factor-l,/home/scan_SpTRSV/data/factors/spcg/ex19/spcg_spilu_l_ex19_fill10_drop0.0001_permccolamd_sp0.mtx,12005,scan-chain-aware,0.05,0.0499987857741297,0.001,-1,1,1,16471,2543,329428,312957,333,336,10623,10620,3,332,335,665,671,6,0.0004997917534360683,0.009996077818647144,9.996077818647144e-05,10706,10437,-269,-0.022407330279050397,4970,4814,156,0,0,0,0,0.0,0,0,0,0,0.0,0,0,0,0,0.0,0,0,0,0,0,0,0,0,0,0.0,0.0,0.0,0.0,0.0,0.0,0.0,0.0,0.0,0.0,0.0,0.0,0.0,0.0,0.0,0.0,0.0,0.0,2.003012048192771,2.002985074626866,0.0,0.0,0.0,0.0,0.0,0.0,0,0,0,0.0,3,3,0,0,0,0,0,0,0.00036427660737053003
CFD,0,0,0,0.0,ok,,ex19,factor-l,/home/scan_SpTRSV/data/factors/spcg/ex19/spcg_spilu_l_ex19_fill10_drop0.0001_permccolamd_sp0.mtx,12005,scan-chain-aware,0.05,0.0,0.01,1,1,1,0,0,329428,329428,333,333,10623,10623,0,332,332,665,665,0,0.0,0.0,0.0,10706,10706,0,0.0,4970,4970,0,0,0,0,0,0.0,0,0,0,0,0.0,0,0,0,0,0.0,0,0,0,0,0,0,0,0,0,0.0,0.0,0.0,0.0,0.0,0.0,0.0,0.0,0.0,0.0,0.0,0.0,0.0,0.0,0.0,0.0,0.0,0.0,2.003012048192771,2.003012048192771,0.0,0.0,0.0,0.0,0.0,0.0,0,0,0,0.0,3,3,0,0,0,0,0,0,0.0
CFD,0,0,0,0.0,ok,,ex19,factor-l,/home/scan_SpTRSV/data/factors/spcg/ex19/spcg_spilu_l_ex19_fill10_drop0.0001_permccolamd_sp0.mtx,12005,scan-chain-aware,0.05,0.0499987857741297,0.01,-1,1,1,16471,1295,329428,312957,333,333,10623,10623,0,332,332,665,665,0,0.0,0.0,0.0,10706,10500,-206,-0.017159516867971677,4970,4849,121,0,0,0,0,0.0,0,0,0,0,0.0,0,0,0,0,0.0,0,0,0,0,0,0,0,0,0,0.0,0.0,0.0,0.0,0.0,0.0,0.0,0.0,0.0,0.0,0.0,0.0,0.0,0.0,0.0,0.0,0.0,0.0,2.003012048192771,2.003012048192771,0.0,0.0,0.0,0.0,0.0,0.0,0,0,0,0.0,3,3,0,0,0,0,0,0,0.0
CFD,0,0,0,0.0,ok,,ex19,factor-l,/home/scan_SpTRSV/data/factors/spcg/ex19/spcg_spilu_l_ex19_fill10_drop0.0001_permccolamd_sp0.mtx,12005,scan-chain-aware,0.1,0.0,0.0001,1,1,1,0,0,329428,329428,333,333,10623,10623,0,332,332,665,665,0,0.0,0.0,0.0,10706,10706,0,0.0,4970,4970,0,0,0,0,0,0.0,0,0,0,0,0.0,0,0,0,0,0.0,0,0,0,0,0,0,0,0,0,0.0,0.0,0.0,0.0,0.0,0.0,0.0,0.0,0.0,0.0,0.0,0.0,0.0,0.0,0.0,0.0,0.0,0.0,2.003012048192771,2.003012048192771,0.0,0.0,0.0,0.0,0.0,0.0,0,0,0,0.0,3,3,0,0,0,0,0,0,0.0
CFD,0,0,0,0.0,ok,,ex19,factor-l,/home/scan_SpTRSV/data/factors/spcg/ex19/spcg_spilu_l_ex19_fill10_drop0.0001_permccolamd_sp0.mtx,12005,scan-chain-aware,0.1,0.0999975715482594,0.0001,-1,1,1,32942,3133,329428,296486,333,336,10623,10620,3,332,335,665,671,6,0.0004997917534360683,0.004998038909323572,4.998038909323572e-05,10706,10532,-174,-0.01449396084964598,4970,4895,75,0,0,0,0,0.0,0,0,0,0,0.0,0,0,0,0,0.0,0,0,0,0,0,0,0,0,0,0.0,0.0,0.0,0.0,0.0,0.0,0.0,0.0,0.0,0.0,0.0,0.0,0.0,0.0,0.0,0.0,0.0,0.0,2.003012048192771,2.002985074626866,0.0,0.0,0.0,0.0,0.0,0.0,0,0,0,0.0,3,3,0,0,0,0,0,0,0.00018213830368526501
CFD,0,0,0,0.0,ok,,ex19,factor-l,/home/scan_SpTRSV/data/factors/spcg/ex19/spcg_spilu_l_ex19_fill10_drop0.0001_permccolamd_sp0.mtx,12005,scan-chain-aware,0.1,0.0,0.001,1,1,1,0,0,329428,329428,333,333,10623,10623,0,332,332,665,665,0,0.0,0.0,0.0,10706,10706,0,0.0,4970,4970,0,0,0,0,0,0.0,0,0,0,0,0.0,0,0,0,0,0.0,0,0,0,0,0,0,0,0,0,0.0,0.0,0.0,0.0,0.0,0.0,0.0,0.0,0.0,0.0,0.0,0.0,0.0,0.0,0.0,0.0,0.0,0.0,2.003012048192771,2.003012048192771,0.0,0.0,0.0,0.0,0.0,0.0,0,0,0,0.0,3,3,0,0,0,0,0,0,0.0
CFD,0,0,0,0.0,ok,,ex19,factor-l,/home/scan_SpTRSV/data/factors/spcg/ex19/spcg_spilu_l_ex19_fill10_drop0.0001_permccolamd_sp0.mtx,12005,scan-chain-aware,0.1,0.0999975715482594,0.001,-1,1,1,32942,3095,329428,296486,333,336,10623,10620,3,332,335,665,671,6,0.0004997917534360683,0.004998038909323572,4.998038909323572e-05,10706,10431,-275,-0.022907122032486463,4970,4764,206,0,0,0,0,0.0,0,0,0,0,0.0,0,0,0,0,0.0,0,0,0,0,0,0,0,0,0,0.0,0.0,0.0,0.0,0.0,0.0,0.0,0.0,0.0,0.0,0.0,0.0,0.0,0.0,0.0,0.0,0.0,0.0,2.003012048192771,2.002985074626866,0.0,0.0,0.0,0.0,0.0,0.0,0,0,0,0.0,3,3,0,0,0,0,0,0,0.00018213830368526501
CFD,0,0,0,0.0,ok,,ex19,factor-l,/home/scan_SpTRSV/data/factors/spcg/ex19/spcg_spilu_l_ex19_fill10_drop0.0001_permccolamd_sp0.mtx,12005,scan-chain-aware,0.1,0.0,0.01,1,1,1,0,0,329428,329428,333,333,10623,10623,0,332,332,665,665,0,0.0,0.0,0.0,10706,10706,0,0.0,4970,4970,0,0,0,0,0,0.0,0,0,0,0,0.0,0,0,0,0,0.0,0,0,0,0,0,0,0,0,0,0.0,0.0,0.0,0.0,0.0,0.0,0.0,0.0,0.0,0.0,0.0,0.0,0.0,0.0,0.0,0.0,0.0,0.0,2.003012048192771,2.003012048192771,0.0,0.0,0.0,0.0,0.0,0.0,0,0,0,0.0,3,3,0,0,0,0,0,0,0.0
CFD,0,0,0,0.0,ok,,ex19,factor-l,/home/scan_SpTRSV/data/factors/spcg/ex19/spcg_spilu_l_ex19_fill10_drop0.0001_permccolamd_sp0.mtx,12005,scan-chain-aware,0.1,0.0999975715482594,0.01,-1,1,1,32942,3578,329428,296486,333,337,10623,10619,4,332,335,665,672,7,0.0005830903790087463,0.005831045394210834,5.831045394210834e-05,10706,10256,-450,-0.037484381507705125,4970,4653,317,0,0,0,0,0.0,0,0,0,0,0.0,0,0,0,0,0.0,0,0,0,0,0,0,0,0,0,0.0,0.0,0.0,0.0,0.0,0.0,0.0,0.0,0.0,0.0,0.0,0.0,0.0,0.0,0.0,0.0,0.0,0.0,2.003012048192771,2.005970149253731,0.0,0.0,0.0,0.0,0.0,0.0,0,0,0,0.0,3,3,0,0,0,0,0,0,0.00021249468763280918
CFD,0,0,0,0.0,ok,,ex19,factor-l,/home/scan_SpTRSV/data/factors/spcg/ex19/spcg_spilu_l_ex19_fill10_drop0.0001_permccolamd_sp0.mtx,12005,long-chain-aware-drop,0.01,0.0,0.0001,1,1,1,0,0,329428,329428,333,333,10623,10623,0,332,332,665,665,0,0.0,0.0,0.0,10706,10706,0,0.0,4970,4970,0,0,0,0,0,0.0,0,0,0,0,0.0,0,0,0,0,0.0,0,0,0,0,0,0,0,0,0,0.0,0.0,0.0,0.0,0.0,0.0,0.0,0.0,0.0,0.0,0.0,0.0,0.0,0.0,0.0,0.0,0.0,0.0,2.003012048192771,2.003012048192771,0.0,0.0,0.0,0.0,0.0,0.0,0,0,0,0.0,3,3,0,0,0,0,0,0,0.0
CFD,0,0,0,0.0,ok,,ex19,factor-l,/home/scan_SpTRSV/data/factors/spcg/ex19/spcg_spilu_l_ex19_fill10_drop0.0001_permccolamd_sp0.mtx,12005,long-chain-aware-drop,0.01,0.0,0.0001,-1,1,1,0,0,329428,329428,333,333,10623,10623,0,332,332,665,665,0,0.0,0.0,0.0,10706,10706,0,0.0,4970,4970,0,0,0,0,0,0.0,0,0,0,0,0.0,0,0,0,0,0.0,0,0,0,0,0,0,0,0,0,0.0,0.0,0.0,0.0,0.0,0.0,0.0,0.0,0.0,0.0,0.0,0.0,0.0,0.0,0.0,0.0,0.0,0.0,2.003012048192771,2.003012048192771,0.0,0.0,0.0,0.0,0.0,0.0,0,0,0,0.0,3,3,0,0,0,0,0,0,0.0
CFD,0,0,0,0.0,ok,,ex19,factor-l,/home/scan_SpTRSV/data/factors/spcg/ex19/spcg_spilu_l_ex19_fill10_drop0.0001_permccolamd_sp0.mtx,12005,long-chain-aware-drop,0.01,0.0,0.001,1,1,1,0,0,329428,329428,333,333,10623,10623,0,332,332,665,665,0,0.0,0.0,0.0,10706,10706,0,0.0,4970,4970,0,0,0,0,0,0.0,0,0,0,0,0.0,0,0,0,0,0.0,0,0,0,0,0,0,0,0,0,0.0,0.0,0.0,0.0,0.0,0.0,0.0,0.0,0.0,0.0,0.0,0.0,0.0,0.0,0.0,0.0,0.0,0.0,2.003012048192771,2.003012048192771,0.0,0.0,0.0,0.0,0.0,0.0,0,0,0,0.0,3,3,0,0,0,0,0,0,0.0
CFD,0,0,0,0.0,ok,,ex19,factor-l,/home/scan_SpTRSV/data/factors/spcg/ex19/spcg_spilu_l_ex19_fill10_drop0.0001_permccolamd_sp0.mtx,12005,long-chain-aware-drop,0.01,0.0,0.001,-1,1,1,0,0,329428,329428,333,333,10623,10623,0,332,332,665,665,0,0.0,0.0,0.0,10706,10706,0,0.0,4970,4970,0,0,0,0,0,0.0,0,0,0,0,0.0,0,0,0,0,0.0,0,0,0,0,0,0,0,0,0,0.0,0.0,0.0,0.0,0.0,0.0,0.0,0.0,0.0,0.0,0.0,0.0,0.0,0.0,0.0,0.0,0.0,0.0,2.003012048192771,2.003012048192771,0.0,0.0,0.0,0.0,0.0,0.0,0,0,0,0.0,3,3,0,0,0,0,0,0,0.0
CFD,0,0,0,0.0,ok,,ex19,factor-l,/home/scan_SpTRSV/data/factors/spcg/ex19/spcg_spilu_l_ex19_fill10_drop0.0001_permccolamd_sp0.mtx,12005,long-chain-aware-drop,0.01,0.0,0.01,1,1,1,0,0,329428,329428,333,333,10623,10623,0,332,332,665,665,0,0.0,0.0,0.0,10706,10706,0,0.0,4970,4970,0,0,0,0,0,0.0,0,0,0,0,0.0,0,0,0,0,0.0,0,0,0,0,0,0,0,0,0,0.0,0.0,0.0,0.0,0.0,0.0,0.0,0.0,0.0,0.0,0.0,0.0,0.0,0.0,0.0,0.0,0.0,0.0,2.003012048192771,2.003012048192771,0.0,0.0,0.0,0.0,0.0,0.0,0,0,0,0.0,3,3,0,0,0,0,0,0,0.0
CFD,0,0,0,0.0,ok,,ex19,factor-l,/home/scan_SpTRSV/data/factors/spcg/ex19/spcg_spilu_l_ex19_fill10_drop0.0001_permccolamd_sp0.mtx,12005,long-chain-aware-drop,0.01,0.0,0.01,-1,1,1,0,0,329428,329428,333,333,10623,10623,0,332,332,665,665,0,0.0,0.0,0.0,10706,10706,0,0.0,4970,4970,0,0,0,0,0,0.0,0,0,0,0,0.0,0,0,0,0,0.0,0,0,0,0,0,0,0,0,0,0.0,0.0,0.0,0.0,0.0,0.0,0.0,0.0,0.0,0.0,0.0,0.0,0.0,0.0,0.0,0.0,0.0,0.0,2.003012048192771,2.003012048192771,0.0,0.0,0.0,0.0,0.0,0.0,0,0,0,0.0,3,3,0,0,0,0,0,0,0.0
CFD,0,0,0,0.0,ok,,ex19,factor-l,/home/scan_SpTRSV/data/factors/spcg/ex19/spcg_spilu_l_ex19_fill10_drop0.0001_permccolamd_sp0.mtx,12005,long-chain-aware-drop,0.02,0.0,0.0001,1,1,1,0,0,329428,329428,333,333,10623,10623,0,332,332,665,665,0,0.0,0.0,0.0,10706,10706,0,0.0,4970,4970,0,0,0,0,0,0.0,0,0,0,0,0.0,0,0,0,0,0.0,0,0,0,0,0,0,0,0,0,0.0,0.0,0.0,0.0,0.0,0.0,0.0,0.0,0.0,0.0,0.0,0.0,0.0,0.0,0.0,0.0,0.0,0.0,2.003012048192771,2.003012048192771,0.0,0.0,0.0,0.0,0.0,0.0,0,0,0,0.0,3,3,0,0,0,0,0,0,0.0
CFD,0,0,0,0.0,ok,,ex19,factor-l,/home/scan_SpTRSV/data/factors/spcg/ex19/spcg_spilu_l_ex19_fill10_drop0.0001_permccolamd_sp0.mtx,12005,long-chain-aware-drop,0.02,0.0,0.0001,-1,1,1,0,0,329428,329428,333,333,10623,10623,0,332,332,665,665,0,0.0,0.0,0.0,10706,10706,0,0.0,4970,4970,0,0,0,0,0,0.0,0,0,0,0,0.0,0,0,0,0,0.0,0,0,0,0,0,0,0,0,0,0.0,0.0,0.0,0.0,0.0,0.0,0.0,0.0,0.0,0.0,0.0,0.0,0.0,0.0,0.0,0.0,0.0,0.0,2.003012048192771,2.003012048192771,0.0,0.0,0.0,0.0,0.0,0.0,0,0,0,0.0,3,3,0,0,0,0,0,0,0.0
CFD,0,0,0,0.0,ok,,ex19,factor-l,/home/scan_SpTRSV/data/factors/spcg/ex19/spcg_spilu_l_ex19_fill10_drop0.0001_permccolamd_sp0.mtx,12005,long-chain-aware-drop,0.02,0.0,0.001,1,1,1,0,0,329428,329428,333,333,10623,10623,0,332,332,665,665,0,0.0,0.0,0.0,10706,10706,0,0.0,4970,4970,0,0,0,0,0,0.0,0,0,0,0,0.0,0,0,0,0,0.0,0,0,0,0,0,0,0,0,0,0.0,0.0,0.0,0.0,0.0,0.0,0.0,0.0,0.0,0.0,0.0,0.0,0.0,0.0,0.0,0.0,0.0,0.0,2.003012048192771,2.003012048192771,0.0,0.0,0.0,0.0,0.0,0.0,0,0,0,0.0,3,3,0,0,0,0,0,0,0.0
CFD,0,0,0,0.0,ok,,ex19,factor-l,/home/scan_SpTRSV/data/factors/spcg/ex19/spcg_spilu_l_ex19_fill10_drop0.0001_permccolamd_sp0.mtx,12005,long-chain-aware-drop,0.02,0.0,0.001,-1,1,1,0,0,329428,329428,333,333,10623,10623,0,332,332,665,665,0,0.0,0.0,0.0,10706,10706,0,0.0,4970,4970,0,0,0,0,0,0.0,0,0,0,0,0.0,0,0,0,0,0.0,0,0,0,0,0,0,0,0,0,0.0,0.0,0.0,0.0,0.0,0.0,0.0,0.0,0.0,0.0,0.0,0.0,0.0,0.0,0.0,0.0,0.0,0.0,2.003012048192771,2.003012048192771,0.0,0.0,0.0,0.0,0.0,0.0,0,0,0,0.0,3,3,0,0,0,0,0,0,0.0
CFD,0,0,0,0.0,ok,,ex19,factor-l,/home/scan_SpTRSV/data/factors/spcg/ex19/spcg_spilu_l_ex19_fill10_drop0.0001_permccolamd_sp0.mtx,12005,long-chain-aware-drop,0.02,0.0,0.01,1,1,1,0,0,329428,329428,333,333,10623,10623,0,332,332,665,665,0,0.0,0.0,0.0,10706,10706,0,0.0,4970,4970,0,0,0,0,0,0.0,0,0,0,0,0.0,0,0,0,0,0.0,0,0,0,0,0,0,0,0,0,0.0,0.0,0.0,0.0,0.0,0.0,0.0,0.0,0.0,0.0,0.0,0.0,0.0,0.0,0.0,0.0,0.0,0.0,2.003012048192771,2.003012048192771,0.0,0.0,0.0,0.0,0.0,0.0,0,0,0,0.0,3,3,0,0,0,0,0,0,0.0
CFD,0,0,0,0.0,ok,,ex19,factor-l,/home/scan_SpTRSV/data/factors/spcg/ex19/spcg_spilu_l_ex19_fill10_drop0.0001_permccolamd_sp0.mtx,12005,long-chain-aware-drop,0.02,0.0,0.01,-1,1,1,0,0,329428,329428,333,333,10623,10623,0,332,332,665,665,0,0.0,0.0,0.0,10706,10706,0,0.0,4970,4970,0,0,0,0,0,0.0,0,0,0,0,0.0,0,0,0,0,0.0,0,0,0,0,0,0,0,0,0,0.0,0.0,0.0,0.0,0.0,0.0,0.0,0.0,0.0,0.0,0.0,0.0,0.0,0.0,0.0,0.0,0.0,0.0,2.003012048192771,2.003012048192771,0.0,0.0,0.0,0.0,0.0,0.0,0,0,0,0.0,3,3,0,0,0,0,0,0,0.0
CFD,0,0,0,0.0,ok,,ex19,factor-l,/home/scan_SpTRSV/data/factors/spcg/ex19/spcg_spilu_l_ex19_fill10_drop0.0001_permccolamd_sp0.mtx,12005,long-chain-aware-drop,0.05,0.0,0.0001,1,1,1,0,0,329428,329428,333,333,10623,10623,0,332,332,665,665,0,0.0,0.0,0.0,10706,10706,0,0.0,4970,4970,0,0,0,0,0,0.0,0,0,0,0,0.0,0,0,0,0,0.0,0,0,0,0,0,0,0,0,0,0.0,0.0,0.0,0.0,0.0,0.0,0.0,0.0,0.0,0.0,0.0,0.0,0.0,0.0,0.0,0.0,0.0,0.0,2.003012048192771,2.003012048192771,0.0,0.0,0.0,0.0,0.0,0.0,0,0,0,0.0,3,3,0,0,0,0,0,0,0.0
CFD,0,0,0,0.0,ok,,ex19,factor-l,/home/scan_SpTRSV/data/factors/spcg/ex19/spcg_spilu_l_ex19_fill10_drop0.0001_permccolamd_sp0.mtx,12005,long-chain-aware-drop,0.05,0.0,0.0001,-1,1,1,0,0,329428,329428,333,333,10623,10623,0,332,332,665,665,0,0.0,0.0,0.0,10706,10706,0,0.0,4970,4970,0,0,0,0,0,0.0,0,0,0,0,0.0,0,0,0,0,0.0,0,0,0,0,0,0,0,0,0,0.0,0.0,0.0,0.0,0.0,0.0,0.0,0.0,0.0,0.0,0.0,0.0,0.0,0.0,0.0,0.0,0.0,0.0,2.003012048192771,2.003012048192771,0.0,0.0,0.0,0.0,0.0,0.0,0,0,0,0.0,3,3,0,0,0,0,0,0,0.0
CFD,0,0,0,0.0,ok,,ex19,factor-l,/home/scan_SpTRSV/data/factors/spcg/ex19/spcg_spilu_l_ex19_fill10_drop0.0001_permccolamd_sp0.mtx,12005,long-chain-aware-drop,0.05,0.0,0.001,1,1,1,0,0,329428,329428,333,333,10623,10623,0,332,332,665,665,0,0.0,0.0,0.0,10706,10706,0,0.0,4970,4970,0,0,0,0,0,0.0,0,0,0,0,0.0,0,0,0,0,0.0,0,0,0,0,0,0,0,0,0,0.0,0.0,0.0,0.0,0.0,0.0,0.0,0.0,0.0,0.0,0.0,0.0,0.0,0.0,0.0,0.0,0.0,0.0,2.003012048192771,2.003012048192771,0.0,0.0,0.0,0.0,0.0,0.0,0,0,0,0.0,3,3,0,0,0,0,0,0,0.0
CFD,0,0,0,0.0,ok,,ex19,factor-l,/home/scan_SpTRSV/data/factors/spcg/ex19/spcg_spilu_l_ex19_fill10_drop0.0001_permccolamd_sp0.mtx,12005,long-chain-aware-drop,0.05,0.0,0.001,-1,1,1,0,0,329428,329428,333,333,10623,10623,0,332,332,665,665,0,0.0,0.0,0.0,10706,10706,0,0.0,4970,4970,0,0,0,0,0,0.0,0,0,0,0,0.0,0,0,0,0,0.0,0,0,0,0,0,0,0,0,0,0.0,0.0,0.0,0.0,0.0,0.0,0.0,0.0,0.0,0.0,0.0,0.0,0.0,0.0,0.0,0.0,0.0,0.0,2.003012048192771,2.003012048192771,0.0,0.0,0.0,0.0,0.0,0.0,0,0,0,0.0,3,3,0,0,0,0,0,0,0.0
CFD,0,0,0,0.0,ok,,ex19,factor-l,/home/scan_SpTRSV/data/factors/spcg/ex19/spcg_spilu_l_ex19_fill10_drop0.0001_permccolamd_sp0.mtx,12005,long-chain-aware-drop,0.05,0.0,0.01,1,1,1,0,0,329428,329428,333,333,10623,10623,0,332,332,665,665,0,0.0,0.0,0.0,10706,10706,0,0.0,4970,4970,0,0,0,0,0,0.0,0,0,0,0,0.0,0,0,0,0,0.0,0,0,0,0,0,0,0,0,0,0.0,0.0,0.0,0.0,0.0,0.0,0.0,0.0,0.0,0.0,0.0,0.0,0.0,0.0,0.0,0.0,0.0,0.0,2.003012048192771,2.003012048192771,0.0,0.0,0.0,0.0,0.0,0.0,0,0,0,0.0,3,3,0,0,0,0,0,0,0.0
CFD,0,0,0,0.0,ok,,ex19,factor-l,/home/scan_SpTRSV/data/factors/spcg/ex19/spcg_spilu_l_ex19_fill10_drop0.0001_permccolamd_sp0.mtx,12005,long-chain-aware-drop,0.05,0.0,0.01,-1,1,1,0,0,329428,329428,333,333,10623,10623,0,332,332,665,665,0,0.0,0.0,0.0,10706,10706,0,0.0,4970,4970,0,0,0,0,0,0.0,0,0,0,0,0.0,0,0,0,0,0.0,0,0,0,0,0,0,0,0,0,0.0,0.0,0.0,0.0,0.0,0.0,0.0,0.0,0.0,0.0,0.0,0.0,0.0,0.0,0.0,0.0,0.0,0.0,2.003012048192771,2.003012048192771,0.0,0.0,0.0,0.0,0.0,0.0,0,0,0,0.0,3,3,0,0,0,0,0,0,0.0
CFD,0,0,0,0.0,ok,,ex19,factor-l,/home/scan_SpTRSV/data/factors/spcg/ex19/spcg_spilu_l_ex19_fill10_drop0.0001_permccolamd_sp0.mtx,12005,long-chain-aware-drop,0.1,0.0,0.0001,1,1,1,0,0,329428,329428,333,333,10623,10623,0,332,332,665,665,0,0.0,0.0,0.0,10706,10706,0,0.0,4970,4970,0,0,0,0,0,0.0,0,0,0,0,0.0,0,0,0,0,0.0,0,0,0,0,0,0,0,0,0,0.0,0.0,0.0,0.0,0.0,0.0,0.0,0.0,0.0,0.0,0.0,0.0,0.0,0.0,0.0,0.0,0.0,0.0,2.003012048192771,2.003012048192771,0.0,0.0,0.0,0.0,0.0,0.0,0,0,0,0.0,3,3,0,0,0,0,0,0,0.0
CFD,0,0,0,0.0,ok,,ex19,factor-l,/home/scan_SpTRSV/data/factors/spcg/ex19/spcg_spilu_l_ex19_fill10_drop0.0001_permccolamd_sp0.mtx,12005,long-chain-aware-drop,0.1,0.0,0.0001,-1,1,1,0,0,329428,329428,333,333,10623,10623,0,332,332,665,665,0,0.0,0.0,0.0,10706,10706,0,0.0,4970,4970,0,0,0,0,0,0.0,0,0,0,0,0.0,0,0,0,0,0.0,0,0,0,0,0,0,0,0,0,0.0,0.0,0.0,0.0,0.0,0.0,0.0,0.0,0.0,0.0,0.0,0.0,0.0,0.0,0.0,0.0,0.0,0.0,2.003012048192771,2.003012048192771,0.0,0.0,0.0,0.0,0.0,0.0,0,0,0,0.0,3,3,0,0,0,0,0,0,0.0
CFD,0,0,0,0.0,ok,,ex19,factor-l,/home/scan_SpTRSV/data/factors/spcg/ex19/spcg_spilu_l_ex19_fill10_drop0.0001_permccolamd_sp0.mtx,12005,long-chain-aware-drop,0.1,0.0,0.001,1,1,1,0,0,329428,329428,333,333,10623,10623,0,332,332,665,665,0,0.0,0.0,0.0,10706,10706,0,0.0,4970,4970,0,0,0,0,0,0.0,0,0,0,0,0.0,0,0,0,0,0.0,0,0,0,0,0,0,0,0,0,0.0,0.0,0.0,0.0,0.0,0.0,0.0,0.0,0.0,0.0,0.0,0.0,0.0,0.0,0.0,0.0,0.0,0.0,2.003012048192771,2.003012048192771,0.0,0.0,0.0,0.0,0.0,0.0,0,0,0,0.0,3,3,0,0,0,0,0,0,0.0
CFD,0,0,0,0.0,ok,,ex19,factor-l,/home/scan_SpTRSV/data/factors/spcg/ex19/spcg_spilu_l_ex19_fill10_drop0.0001_permccolamd_sp0.mtx,12005,long-chain-aware-drop,0.1,0.0,0.001,-1,1,1,0,0,329428,329428,333,333,10623,10623,0,332,332,665,665,0,0.0,0.0,0.0,10706,10706,0,0.0,4970,4970,0,0,0,0,0,0.0,0,0,0,0,0.0,0,0,0,0,0.0,0,0,0,0,0,0,0,0,0,0.0,0.0,0.0,0.0,0.0,0.0,0.0,0.0,0.0,0.0,0.0,0.0,0.0,0.0,0.0,0.0,0.0,0.0,2.003012048192771,2.003012048192771,0.0,0.0,0.0,0.0,0.0,0.0,0,0,0,0.0,3,3,0,0,0,0,0,0,0.0
CFD,0,0,0,0.0,ok,,ex19,factor-l,/home/scan_SpTRSV/data/factors/spcg/ex19/spcg_spilu_l_ex19_fill10_drop0.0001_permccolamd_sp0.mtx,12005,long-chain-aware-drop,0.1,0.0,0.01,1,1,1,0,0,329428,329428,333,333,10623,10623,0,332,332,665,665,0,0.0,0.0,0.0,10706,10706,0,0.0,4970,4970,0,0,0,0,0,0.0,0,0,0,0,0.0,0,0,0,0,0.0,0,0,0,0,0,0,0,0,0,0.0,0.0,0.0,0.0,0.0,0.0,0.0,0.0,0.0,0.0,0.0,0.0,0.0,0.0,0.0,0.0,0.0,0.0,2.003012048192771,2.003012048192771,0.0,0.0,0.0,0.0,0.0,0.0,0,0,0,0.0,3,3,0,0,0,0,0,0,0.0
CFD,0,0,0,0.0,ok,,ex19,factor-l,/home/scan_SpTRSV/data/factors/spcg/ex19/spcg_spilu_l_ex19_fill10_drop0.0001_permccolamd_sp0.mtx,12005,long-chain-aware-drop,0.1,0.0,0.01,-1,1,1,0,0,329428,329428,333,333,10623,10623,0,332,332,665,665,0,0.0,0.0,0.0,10706,10706,0,0.0,4970,4970,0,0,0,0,0,0.0,0,0,0,0,0.0,0,0,0,0,0.0,0,0,0,0,0,0,0,0,0,0.0,0.0,0.0,0.0,0.0,0.0,0.0,0.0,0.0,0.0,0.0,0.0,0.0,0.0,0.0,0.0,0.0,0.0,2.003012048192771,2.003012048192771,0.0,0.0,0.0,0.0,0.0,0.0,0,0,0,0.0,3,3,0,0,0,0,0,0,0.0
CFD,12,0,0,0.0,ok,,ex15,factor-l,/home/scan_SpTRSV/data/factors/spcg/ex15/spcg_spilu_l_ex15_fill10_drop0.0001_permccolamd_sp0.mtx,6867,no-drop,0.0,0.0,,0,1,1,0,0,227017,227017,183,183,6652,6652,0,32,32,215,215,0,0.0,0.0,0.0,6447,6447,0,0.0,2925,2925,0,144,144,144,0,0.0,0,0,0,0,0.0,0,0,0,0,0.0,12,12,0,0,0,0,0,0,0,0.020969855832241154,0.020969855832241154,0.020969855832241154,0.0,0.0,0.0,0.0,0.0,0.0,0.0,0.0,0.0,0.0,0.0,0.0,0.0,0.0,0.0,6.71875,6.71875,12.0,12.0,0.0,0.0,0.0,0.0,144,144,0,0.0,12,12,12,12,0,0,0,0,0.0
CFD,12,0,0,0.0,ok,,ex15,factor-l,/home/scan_SpTRSV/data/factors/spcg/ex15/spcg_spilu_l_ex15_fill10_drop0.0001_permccolamd_sp0.mtx,6867,magnitude-drop,0.01,0.009999251157402309,0.0001,1,1,1,2270,2270,227017,224747,183,193,6652,6642,10,32,32,215,221,6,0.0008737439930100481,0.08738094275822118,0.0008738094275822118,6447,6432,-15,-0.00218435998252512,2925,2913,12,144,144,144,0,0.0,0,0,0,0,0.0,0,0,0,0,0.0,12,12,0,0,0,0,0,0,0,0.020969855832241154,0.020969855832241154,0.020969855832241154,0.0,0.0,0.0,0.0,0.0,0.0,0.0,0.0,0.0,0.0,0.0,0.0,0.0,0.0,0.0,6.71875,6.90625,12.0,12.0,0.0,0.0,0.0,0.0,144,144,0,0.0,12,12,12,12,0,0,0,0,0.0026431718061674008
CFD,14,0,0,0.0026214282827466354,ok,,ex15,factor-l,/home/scan_SpTRSV/data/factors/spcg/ex15/spcg_spilu_l_ex15_fill10_drop0.0001_permccolamd_sp0.mtx,6867,magnitude-drop,0.01,0.009999251157402309,0.0001,-1,1,1,2270,1633,227017,224747,183,198,6652,6637,15,32,31,215,225,10,0.0014562399883500802,0.14563490459703532,0.0014563490459703532,6447,6416,-31,-0.004514343963885248,2925,2893,32,144,162,162,18,0.007929515418502203,0,0,0,0,0.0,0,0,0,0,0.0,12,14,2,0,0,0,0,0,0,0.020969855832241154,0.023591087811271297,0.023591087811271297,0.0026212319790301433,0.26214282827466345,0.0026214282827466346,0.0,0.0,0.0,0.0,0.0,0.0,0.0,0.0,0.0,0.0,0.0,0.0,6.71875,7.258064516129032,12.0,11.571428571428571,0.0,0.0,0.0,0.0,144,162,18,0.0026214282827466354,12,12,12,14,0,0,0,0,0.004405286343612335
CFD,12,0,0,0.0,ok,,ex15,factor-l,/home/scan_SpTRSV/data/factors/spcg/ex15/spcg_spilu_l_ex15_fill10_drop0.0001_permccolamd_sp0.mtx,6867,magnitude-drop,0.01,0.009999251157402309,0.001,1,1,1,2270,2270,227017,224747,183,193,6652,6642,10,32,32,215,221,6,0.0008737439930100481,0.08738094275822118,0.0008738094275822118,6447,6432,-15,-0.00218435998252512,2925,2913,12,144,144,144,0,0.0,0,0,0,0,0.0,0,0,0,0,0.0,12,12,0,0,0,0,0,0,0,0.020969855832241154,0.020969855832241154,0.020969855832241154,0.0,0.0,0.0,0.0,0.0,0.0,0.0,0.0,0.0,0.0,0.0,0.0,0.0,0.0,0.0,6.71875,6.90625,12.0,12.0,0.0,0.0,0.0,0.0,144,144,0,0.0,12,12,12,12,0,0,0,0,0.0026431718061674008
CFD,14,0,0,0.0026214282827466354,ok,,ex15,factor-l,/home/scan_SpTRSV/data/factors/spcg/ex15/spcg_spilu_l_ex15_fill10_drop0.0001_permccolamd_sp0.mtx,6867,magnitude-drop,0.01,0.009999251157402309,0.001,-1,1,1,2270,1633,227017,224747,183,198,6652,6637,15,32,31,215,225,10,0.0014562399883500802,0.14563490459703532,0.0014563490459703532,6447,6416,-31,-0.004514343963885248,2925,2893,32,144,162,162,18,0.007929515418502203,0,0,0,0,0.0,0,0,0,0,0.0,12,14,2,0,0,0,0,0,0,0.020969855832241154,0.023591087811271297,0.023591087811271297,0.0026212319790301433,0.26214282827466345,0.0026214282827466346,0.0,0.0,0.0,0.0,0.0,0.0,0.0,0.0,0.0,0.0,0.0,0.0,6.71875,7.258064516129032,12.0,11.571428571428571,0.0,0.0,0.0,0.0,144,162,18,0.0026214282827466354,12,12,12,14,0,0,0,0,0.004405286343612335
CFD,12,0,0,0.0,ok,,ex15,factor-l,/home/scan_SpTRSV/data/factors/spcg/ex15/spcg_spilu_l_ex15_fill10_drop0.0001_permccolamd_sp0.mtx,6867,magnitude-drop,0.01,0.009999251157402309,0.01,1,1,1,2270,2270,227017,224747,183,193,6652,6642,10,32,32,215,221,6,0.0008737439930100481,0.08738094275822118,0.0008738094275822118,6447,6432,-15,-0.00218435998252512,2925,2913,12,144,144,144,0,0.0,0,0,0,0,0.0,0,0,0,0,0.0,12,12,0,0,0,0,0,0,0,0.020969855832241154,0.020969855832241154,0.020969855832241154,0.0,0.0,0.0,0.0,0.0,0.0,0.0,0.0,0.0,0.0,0.0,0.0,0.0,0.0,0.0,6.71875,6.90625,12.0,12.0,0.0,0.0,0.0,0.0,144,144,0,0.0,12,12,12,12,0,0,0,0,0.0026431718061674008
CFD,14,0,0,0.0026214282827466354,ok,,ex15,factor-l,/home/scan_SpTRSV/data/factors/spcg/ex15/spcg_spilu_l_ex15_fill10_drop0.0001_permccolamd_sp0.mtx,6867,magnitude-drop,0.01,0.009999251157402309,0.01,-1,1,1,2270,1633,227017,224747,183,198,6652,6637,15,32,31,215,225,10,0.0014562399883500802,0.14563490459703532,0.0014563490459703532,6447,6416,-31,-0.004514343963885248,2925,2893,32,144,162,162,18,0.007929515418502203,0,0,0,0,0.0,0,0,0,0,0.0,12,14,2,0,0,0,0,0,0,0.020969855832241154,0.023591087811271297,0.023591087811271297,0.0026212319790301433,0.26214282827466345,0.0026214282827466346,0.0,0.0,0.0,0.0,0.0,0.0,0.0,0.0,0.0,0.0,0.0,0.0,6.71875,7.258064516129032,12.0,11.571428571428571,0.0,0.0,0.0,0.0,144,162,18,0.0026214282827466354,12,12,12,14,0,0,0,0,0.004405286343612335
CFD,12,0,0,0.0,ok,,ex15,factor-l,/home/scan_SpTRSV/data/factors/spcg/ex15/spcg_spilu_l_ex15_fill10_drop0.0001_permccolamd_sp0.mtx,6867,magnitude-drop,0.02,0.019998502314804618,0.0001,1,1,1,4540,4540,227017,222477,183,193,6652,6642,10,32,32,215,221,6,0.0008737439930100481,0.04369047137911059,0.0004369047137911059,6447,6430,-17,-0.0024756079801951363,2925,2908,17,144,144,144,0,0.0,0,0,0,0,0.0,0,0,0,0,0.0,12,12,0,0,0,0,0,0,0,0.020969855832241154,0.020969855832241154,0.020969855832241154,0.0,0.0,0.0,0.0,0.0,0.0,0.0,0.0,0.0,0.0,0.0,0.0,0.0,0.0,0.0,6.71875,6.90625,12.0,12.0,0.0,0.0,0.0,0.0,144,144,0,0.0,12,12,12,12,0,0,0,0,0.0013215859030837004
CFD,14,0,0,0.0013107141413733177,ok,,ex15,factor-l,/home/scan_SpTRSV/data/factors/spcg/ex15/spcg_spilu_l_ex15_fill10_drop0.0001_permccolamd_sp0.mtx,6867,magnitude-drop,0.02,0.019998502314804618,0.0001,-1,1,1,4540,3498,227017,222477,183,198,6652,6637,15,32,31,215,225,10,0.0014562399883500802,0.07281745229851766,0.0007281745229851766,6447,6384,-63,-0.009174311926605505,2925,2883,42,144,162,162,18,0.003964757709251102,0,0,0,0,0.0,0,0,0,0,0.0,12,14,2,0,0,0,0,0,0,0.020969855832241154,0.023591087811271297,0.023591087811271297,0.0026212319790301433,0.13107141413733173,0.0013107141413733173,0.0,0.0,0.0,0.0,0.0,0.0,0.0,0.0,0.0,0.0,0.0,0.0,6.71875,7.258064516129032,12.0,11.571428571428571,0.0,0.0,0.0,0.0,144,162,18,0.0013107141413733177,12,12,12,14,0,0,0,0,0.0022026431718061676
CFD,12,0,0,0.0,ok,,ex15,factor-l,/home/scan_SpTRSV/data/factors/spcg/ex15/spcg_spilu_l_ex15_fill10_drop0.0001_permccolamd_sp0.mtx,6867,magnitude-drop,0.02,0.019998502314804618,0.001,1,1,1,4540,4540,227017,222477,183,193,6652,6642,10,32,32,215,221,6,0.0008737439930100481,0.04369047137911059,0.0004369047137911059,6447,6430,-17,-0.0024756079801951363,2925,2908,17,144,144,144,0,0.0,0,0,0,0,0.0,0,0,0,0,0.0,12,12,0,0,0,0,0,0,0,0.020969855832241154,0.020969855832241154,0.020969855832241154,0.0,0.0,0.0,0.0,0.0,0.0,0.0,0.0,0.0,0.0,0.0,0.0,0.0,0.0,0.0,6.71875,6.90625,12.0,12.0,0.0,0.0,0.0,0.0,144,144,0,0.0,12,12,12,12,0,0,0,0,0.0013215859030837004
CFD,14,0,0,0.0013107141413733177,ok,,ex15,factor-l,/home/scan_SpTRSV/data/factors/spcg/ex15/spcg_spilu_l_ex15_fill10_drop0.0001_permccolamd_sp0.mtx,6867,magnitude-drop,0.02,0.019998502314804618,0.001,-1,1,1,4540,3498,227017,222477,183,198,6652,6637,15,32,31,215,225,10,0.0014562399883500802,0.07281745229851766,0.0007281745229851766,6447,6384,-63,-0.009174311926605505,2925,2883,42,144,162,162,18,0.003964757709251102,0,0,0,0,0.0,0,0,0,0,0.0,12,14,2,0,0,0,0,0,0,0.020969855832241154,0.023591087811271297,0.023591087811271297,0.0026212319790301433,0.13107141413733173,0.0013107141413733173,0.0,0.0,0.0,0.0,0.0,0.0,0.0,0.0,0.0,0.0,0.0,0.0,6.71875,7.258064516129032,12.0,11.571428571428571,0.0,0.0,0.0,0.0,144,162,18,0.0013107141413733177,12,12,12,14,0,0,0,0,0.0022026431718061676
CFD,12,0,0,0.0,ok,,ex15,factor-l,/home/scan_SpTRSV/data/factors/spcg/ex15/spcg_spilu_l_ex15_fill10_drop0.0001_permccolamd_sp0.mtx,6867,magnitude-drop,0.02,0.019998502314804618,0.01,1,1,1,4540,4540,227017,222477,183,193,6652,6642,10,32,32,215,221,6,0.0008737439930100481,0.04369047137911059,0.0004369047137911059,6447,6430,-17,-0.0024756079801951363,2925,2908,17,144,144,144,0,0.0,0,0,0,0,0.0,0,0,0,0,0.0,12,12,0,0,0,0,0,0,0,0.020969855832241154,0.020969855832241154,0.020969855832241154,0.0,0.0,0.0,0.0,0.0,0.0,0.0,0.0,0.0,0.0,0.0,0.0,0.0,0.0,0.0,6.71875,6.90625,12.0,12.0,0.0,0.0,0.0,0.0,144,144,0,0.0,12,12,12,12,0,0,0,0,0.0013215859030837004
CFD,14,0,0,0.0013107141413733177,ok,,ex15,factor-l,/home/scan_SpTRSV/data/factors/spcg/ex15/spcg_spilu_l_ex15_fill10_drop0.0001_permccolamd_sp0.mtx,6867,magnitude-drop,0.02,0.019998502314804618,0.01,-1,1,1,4540,3498,227017,222477,183,198,6652,6637,15,32,31,215,225,10,0.0014562399883500802,0.07281745229851766,0.0007281745229851766,6447,6384,-63,-0.009174311926605505,2925,2883,42,144,162,162,18,0.003964757709251102,0,0,0,0,0.0,0,0,0,0,0.0,12,14,2,0,0,0,0,0,0,0.020969855832241154,0.023591087811271297,0.023591087811271297,0.0026212319790301433,0.13107141413733173,0.0013107141413733173,0.0,0.0,0.0,0.0,0.0,0.0,0.0,0.0,0.0,0.0,0.0,0.0,6.71875,7.258064516129032,12.0,11.571428571428571,0.0,0.0,0.0,0.0,144,162,18,0.0013107141413733177,12,12,12,14,0,0,0,0,0.0022026431718061676
CFD,12,0,0,0.0,ok,,ex15,factor-l,/home/scan_SpTRSV/data/factors/spcg/ex15/spcg_spilu_l_ex15_fill10_drop0.0001_permccolamd_sp0.mtx,6867,magnitude-drop,0.05,0.02111295629842699,0.0001,1,1,1,4793,4793,227017,222224,183,193,6652,6642,10,32,32,215,221,6,0.0008737439930100481,0.04138425621972921,0.00041384256219729207,6447,6430,-17,-0.0024756079801951363,2925,2907,18,144,144,144,0,0.0,0,0,0,0,0.0,0,0,0,0,0.0,12,12,0,0,0,0,0,0,0,0.020969855832241154,0.020969855832241154,0.020969855832241154,0.0,0.0,0.0,0.0,0.0,0.0,0.0,0.0,0.0,0.0,0.0,0.0,0.0,0.0,0.0,6.71875,6.90625,12.0,12.0,0.0,0.0,0.0,0.0,144,144,0,0.0,12,12,12,12,0,0,0,0,0.0012518255789693302
CFD,14,0,0,0.000524285656549327,ok,,ex15,factor-l,/home/scan_SpTRSV/data/factors/spcg/ex15/spcg_spilu_l_ex15_fill10_drop0.0001_permccolamd_sp0.mtx,6867,magnitude-drop,0.05,0.04999625578701154,0.0001,-1,1,1,11350,4591,227017,215667,183,198,6652,6637,15,32,31,215,225,10,0.0014562399883500802,0.029126980919407065,0.0002912698091940706,6447,6258,-189,-0.027522935779816515,2925,2778,147,144,162,162,18,0.0015859030837004405,0,0,0,0,0.0,0,0,0,0,0.0,12,14,2,0,0,0,0,0,0,0.020969855832241154,0.023591087811271297,0.023591087811271297,0.0026212319790301433,0.052428565654932695,0.0005242856565493269,0.0,0.0,0.0,0.0,0.0,0.0,0.0,0.0,0.0,0.0,0.0,0.0,6.71875,7.258064516129032,12.0,11.571428571428571,0.0,0.0,0.0,0.0,144,162,18,0.000524285656549327,12,12,12,14,0,0,0,0,0.000881057268722467
CFD,12,0,0,0.0,ok,,ex15,factor-l,/home/scan_SpTRSV/data/factors/spcg/ex15/spcg_spilu_l_ex15_fill10_drop0.0001_permccolamd_sp0.mtx,6867,magnitude-drop,0.05,0.026689631172995856,0.001,1,1,1,6059,6059,227017,220958,183,194,6652,6641,11,32,31,215,219,4,0.000582495995340032,0.02182480498004754,0.00021824804980047542,6447,6409,-38,-0.005533711955730304,2925,2866,59,144,144,144,0,0.0,0,0,0,0,0.0,0,0,0,0,0.0,12,12,0,0,0,0,0,0,0,0.020969855832241154,0.020969855832241154,0.020969855832241154,0.0,0.0,0.0,0.0,0.0,0.0,0.0,0.0,0.0,0.0,0.0,0.0,0.0,0.0,0.0,6.71875,7.064516129032258,12.0,12.0,0.0,0.0,0.0,0.0,144,144,0,0.0,12,12,12,12,0,0,0,0,0.0006601749463607857
CFD,14,0,0,0.000524285656549327,ok,,ex15,factor-l,/home/scan_SpTRSV/data/factors/spcg/ex15/spcg_spilu_l_ex15_fill10_drop0.0001_permccolamd_sp0.mtx,6867,magnitude-drop,0.05,0.04999625578701154,0.001,-1,1,1,11350,4591,227017,215667,183,198,6652,6637,15,32,31,215,225,10,0.0014562399883500802,0.029126980919407065,0.0002912698091940706,6447,6258,-189,-0.027522935779816515,2925,2778,147,144,162,162,18,0.0015859030837004405,0,0,0,0,0.0,0,0,0,0,0.0,12,14,2,0,0,0,0,0,0,0.020969855832241154,0.023591087811271297,0.023591087811271297,0.0026212319790301433,0.052428565654932695,0.0005242856565493269,0.0,0.0,0.0,0.0,0.0,0.0,0.0,0.0,0.0,0.0,0.0,0.0,6.71875,7.258064516129032,12.0,11.571428571428571,0.0,0.0,0.0,0.0,144,162,18,0.000524285656549327,12,12,12,14,0,0,0,0,0.000881057268722467
CFD,12,0,0,0.0,ok,,ex15,factor-l,/home/scan_SpTRSV/data/factors/spcg/ex15/spcg_spilu_l_ex15_fill10_drop0.0001_permccolamd_sp0.mtx,6867,magnitude-drop,0.05,0.02820493619420572,0.01,1,1,1,6403,6403,227017,220614,183,194,6652,6641,11,32,31,215,219,4,0.000582495995340032,0.020652271337514922,0.0002065227133751492,6447,6414,-33,-0.004805591961555264,2925,2842,83,144,144,144,0,0.0,0,0,0,0,0.0,0,0,0,0,0.0,12,12,0,0,0,0,0,0,0,0.020969855832241154,0.020969855832241154,0.020969855832241154,0.0,0.0,0.0,0.0,0.0,0.0,0.0,0.0,0.0,0.0,0.0,0.0,0.0,0.0,0.0,6.71875,7.064516129032258,12.0,12.0,0.0,0.0,0.0,0.0,144,144,0,0.0,12,12,12,12,0,0,0,0,0.0006247071685147587
CFD,14,0,0,0.000524285656549327,ok,,ex15,factor-l,/home/scan_SpTRSV/data/factors/spcg/ex15/spcg_spilu_l_ex15_fill10_drop0.0001_permccolamd_sp0.mtx,6867,magnitude-drop,0.05,0.04999625578701154,0.01,-1,1,1,11350,4591,227017,215667,183,198,6652,6637,15,32,31,215,225,10,0.0014562399883500802,0.029126980919407065,0.0002912698091940706,6447,6258,-189,-0.027522935779816515,2925,2778,147,144,162,162,18,0.0015859030837004405,0,0,0,0,0.0,0,0,0,0,0.0,12,14,2,0,0,0,0,0,0,0.020969855832241154,0.023591087811271297,0.023591087811271297,0.0026212319790301433,0.052428565654932695,0.0005242856565493269,0.0,0.0,0.0,0.0,0.0,0.0,0.0,0.0,0.0,0.0,0.0,0.0,6.71875,7.258064516129032,12.0,11.571428571428571,0.0,0.0,0.0,0.0,144,162,18,0.000524285656549327,12,12,12,14,0,0,0,0,0.000881057268722467
CFD,12,0,0,0.0,ok,,ex15,factor-l,/home/scan_SpTRSV/data/factors/spcg/ex15/spcg_spilu_l_ex15_fill10_drop0.0001_permccolamd_sp0.mtx,6867,magnitude-drop,0.1,0.02111295629842699,0.0001,1,1,1,4793,4793,227017,222224,183,193,6652,6642,10,32,32,215,221,6,0.0008737439930100481,0.04138425621972921,0.00041384256219729207,6447,6430,-17,-0.0024756079801951363,2925,2907,18,144,144,144,0,0.0,0,0,0,0,0.0,0,0,0,0,0.0,12,12,0,0,0,0,0,0,0,0.020969855832241154,0.020969855832241154,0.020969855832241154,0.0,0.0,0.0,0.0,0.0,0.0,0.0,0.0,0.0,0.0,0.0,0.0,0.0,0.0,0.0,6.71875,6.90625,12.0,12.0,0.0,0.0,0.0,0.0,144,144,0,0.0,12,12,12,12,0,0,0,0,0.0012518255789693302
CFD,14,0,0,0.00027596541306102406,ok,,ex15,factor-l,/home/scan_SpTRSV/data/factors/spcg/ex15/spcg_spilu_l_ex15_fill10_drop0.0001_permccolamd_sp0.mtx,6867,magnitude-drop,0.1,0.09498407608240793,0.0001,-1,1,1,21563,4793,227017,205454,183,198,6652,6637,15,32,31,215,225,10,0.0014562399883500802,0.015331411836723562,0.0001533141183672356,6447,6198,-249,-0.036260375709917,2925,2730,195,144,162,162,18,0.0008347632518666233,0,0,0,0,0.0,0,0,0,0,0.0,12,14,2,0,0,0,0,0,0,0.020969855832241154,0.023591087811271297,0.023591087811271297,0.0026212319790301433,0.0275965413061024,0.000275965413061024,0.0,0.0,0.0,0.0,0.0,0.0,0.0,0.0,0.0,0.0,0.0,0.0,6.71875,7.258064516129032,12.0,11.571428571428571,0.0,0.0,0.0,0.0,144,162,18,0.00027596541306102406,12,12,12,14,0,0,0,0,0.0004637573621481241
CFD,12,0,0,0.0,ok,,ex15,factor-l,/home/scan_SpTRSV/data/factors/spcg/ex15/spcg_spilu_l_ex15_fill10_drop0.0001_permccolamd_sp0.mtx,6867,magnitude-drop,0.1,0.026689631172995856,0.001,1,1,1,6059,6059,227017,220958,183,194,6652,6641,11,32,31,215,219,4,0.000582495995340032,0.02182480498004754,0.00021824804980047542,6447,6409,-38,-0.005533711955730304,2925,2866,59,144,144,144,0,0.0,0,0,0,0,0.0,0,0,0,0,0.0,12,12,0,0,0,0,0,0,0,0.020969855832241154,0.020969855832241154,0.020969855832241154,0.0,0.0,0.0,0.0,0.0,0.0,0.0,0.0,0.0,0.0,0.0,0.0,0.0,0.0,0.0,6.71875,7.064516129032258,12.0,12.0,0.0,0.0,0.0,0.0,144,144,0,0.0,12,12,12,12,0,0,0,0,0.0006601749463607857
CFD,14,0,0,0.00026213128064115515,ok,,ex15,factor-l,/home/scan_SpTRSV/data/factors/spcg/ex15/spcg_spilu_l_ex15_fill10_drop0.0001_permccolamd_sp0.mtx,6867,magnitude-drop,0.1,0.0999969165304801,0.001,-1,1,1,22701,4804,227017,204316,183,198,6652,6637,15,32,31,215,225,10,0.0014562399883500802,0.014562848924508619,0.0001456284892450862,6447,6186,-261,-0.03800786369593709,2925,2722,203,144,162,162,18,0.0007929166116030131,0,0,0,0,0.0,0,0,0,0,0.0,12,14,2,0,0,0,0,0,0,0.020969855832241154,0.023591087811271297,0.023591087811271297,0.0026212319790301433,0.026213128064115503,0.00026213128064115504,0.0,0.0,0.0,0.0,0.0,0.0,0.0,0.0,0.0,0.0,0.0,0.0,6.71875,7.258064516129032,12.0,11.571428571428571,0.0,0.0,0.0,0.0,144,162,18,0.00026213128064115515,12,12,12,14,0,0,0,0,0.0004405092286683406
CFD,12,0,0,0.0,ok,,ex15,factor-l,/home/scan_SpTRSV/data/factors/spcg/ex15/spcg_spilu_l_ex15_fill10_drop0.0001_permccolamd_sp0.mtx,6867,magnitude-drop,0.1,0.02820493619420572,0.01,1,1,1,6403,6403,227017,220614,183,194,6652,6641,11,32,31,215,219,4,0.000582495995340032,0.020652271337514922,0.0002065227133751492,6447,6414,-33,-0.004805591961555264,2925,2842,83,144,144,144,0,0.0,0,0,0,0,0.0,0,0,0,0,0.0,12,12,0,0,0,0,0,0,0,0.020969855832241154,0.020969855832241154,0.020969855832241154,0.0,0.0,0.0,0.0,0.0,0.0,0.0,0.0,0.0,0.0,0.0,0.0,0.0,0.0,0.0,6.71875,7.064516129032258,12.0,12.0,0.0,0.0,0.0,0.0,144,144,0,0.0,12,12,12,12,0,0,0,0,0.0006247071685147587
CFD,14,0,0,0.00026213128064115515,ok,,ex15,factor-l,/home/scan_SpTRSV/data/factors/spcg/ex15/spcg_spilu_l_ex15_fill10_drop0.0001_permccolamd_sp0.mtx,6867,magnitude-drop,0.1,0.0999969165304801,0.01,-1,1,1,22701,4804,227017,204316,183,198,6652,6637,15,32,31,215,225,10,0.0014562399883500802,0.014562848924508619,0.0001456284892450862,6447,6186,-261,-0.03800786369593709,2925,2722,203,144,162,162,18,0.0007929166116030131,0,0,0,0,0.0,0,0,0,0,0.0,12,14,2,0,0,0,0,0,0,0.020969855832241154,0.023591087811271297,0.023591087811271297,0.0026212319790301433,0.026213128064115503,0.00026213128064115504,0.0,0.0,0.0,0.0,0.0,0.0,0.0,0.0,0.0,0.0,0.0,0.0,6.71875,7.258064516129032,12.0,11.571428571428571,0.0,0.0,0.0,0.0,144,162,18,0.00026213128064115515,12,12,12,14,0,0,0,0,0.0004405092286683406
CFD,12,0,0,0.0,ok,,ex15,factor-l,/home/scan_SpTRSV/data/factors/spcg/ex15/spcg_spilu_l_ex15_fill10_drop0.0001_permccolamd_sp0.mtx,6867,wavefront-oriented,0.01,0.009999251157402309,0.0001,1,1,1,2270,2270,227017,224747,183,183,6652,6652,0,32,32,215,215,0,0.0,0.0,0.0,6447,6275,-172,-0.025047327799621377,2925,2764,161,144,144,144,0,0.0,0,0,0,0,0.0,0,0,0,0,0.0,12,12,0,0,0,0,0,0,0,0.020969855832241154,0.020969855832241154,0.020969855832241154,0.0,0.0,0.0,0.0,0.0,0.0,0.0,0.0,0.0,0.0,0.0,0.0,0.0,0.0,0.0,6.71875,6.71875,12.0,12.0,0.0,0.0,0.0,0.0,144,144,0,0.0,12,12,12,12,0,0,0,0,0.0
CFD,12,0,0,0.0,ok,,ex15,factor-l,/home/scan_SpTRSV/data/factors/spcg/ex15/spcg_spilu_l_ex15_fill10_drop0.0001_permccolamd_sp0.mtx,6867,wavefront-oriented,0.01,0.009999251157402309,0.0001,-1,1,1,2270,484,227017,224747,183,183,6652,6652,0,32,32,215,215,0,0.0,0.0,0.0,6447,6365,-82,-0.011941167904470657,2925,2847,78,144,144,144,0,0.0,0,0,0,0,0.0,0,0,0,0,0.0,12,12,0,0,0,0,0,0,0,0.020969855832241154,0.020969855832241154,0.020969855832241154,0.0,0.0,0.0,0.0,0.0,0.0,0.0,0.0,0.0,0.0,0.0,0.0,0.0,0.0,0.0,6.71875,6.71875,12.0,12.0,0.0,0.0,0.0,0.0,144,144,0,0.0,12,12,12,12,0,0,0,0,0.0
CFD,12,0,0,0.0,ok,,ex15,factor-l,/home/scan_SpTRSV/data/factors/spcg/ex15/spcg_spilu_l_ex15_fill10_drop0.0001_permccolamd_sp0.mtx,6867,wavefront-oriented,0.01,0.009999251157402309,0.001,1,1,1,2270,2270,227017,224747,183,183,6652,6652,0,32,32,215,215,0,0.0,0.0,0.0,6447,6248,-199,-0.028979175768166592,2925,2757,168,144,144,144,0,0.0,0,0,0,0,0.0,0,0,0,0,0.0,12,12,0,0,0,0,0,0,0,0.020969855832241154,0.020969855832241154,0.020969855832241154,0.0,0.0,0.0,0.0,0.0,0.0,0.0,0.0,0.0,0.0,0.0,0.0,0.0,0.0,0.0,6.71875,6.71875,12.0,12.0,0.0,0.0,0.0,0.0,144,144,0,0.0,12,12,12,12,0,0,0,0,0.0
CFD,12,0,0,0.0,ok,,ex15,factor-l,/home/scan_SpTRSV/data/factors/spcg/ex15/spcg_spilu_l_ex15_fill10_drop0.0001_permccolamd_sp0.mtx,6867,wavefront-oriented,0.01,0.009999251157402309,0.001,-1,1,1,2270,174,227017,224747,183,183,6652,6652,0,32,32,215,215,0,0.0,0.0,0.0,6447,6370,-77,-0.011213047910295617,2925,2855,70,144,144,144,0,0.0,0,0,0,0,0.0,0,0,0,0,0.0,12,12,0,0,0,0,0,0,0,0.020969855832241154,0.020969855832241154,0.020969855832241154,0.0,0.0,0.0,0.0,0.0,0.0,0.0,0.0,0.0,0.0,0.0,0.0,0.0,0.0,0.0,6.71875,6.71875,12.0,12.0,0.0,0.0,0.0,0.0,144,144,0,0.0,12,12,12,12,0,0,0,0,0.0
CFD,12,0,0,0.0,ok,,ex15,factor-l,/home/scan_SpTRSV/data/factors/spcg/ex15/spcg_spilu_l_ex15_fill10_drop0.0001_permccolamd_sp0.mtx,6867,wavefront-oriented,0.01,0.009999251157402309,0.01,1,1,1,2270,2270,227017,224747,183,183,6652,6652,0,32,32,215,215,0,0.0,0.0,0.0,6447,6178,-269,-0.03917285568661715,2925,2724,201,144,144,144,0,0.0,0,0,0,0,0.0,0,0,0,0,0.0,12,12,0,0,0,0,0,0,0,0.020969855832241154,0.020969855832241154,0.020969855832241154,0.0,0.0,0.0,0.0,0.0,0.0,0.0,0.0,0.0,0.0,0.0,0.0,0.0,0.0,0.0,6.71875,6.71875,12.0,12.0,0.0,0.0,0.0,0.0,144,144,0,0.0,12,12,12,12,0,0,0,0,0.0
CFD,12,0,0,0.0,ok,,ex15,factor-l,/home/scan_SpTRSV/data/factors/spcg/ex15/spcg_spilu_l_ex15_fill10_drop0.0001_permccolamd_sp0.mtx,6867,wavefront-oriented,0.01,0.009999251157402309,0.01,-1,1,1,2270,173,227017,224747,183,183,6652,6652,0,32,32,215,215,0,0.0,0.0,0.0,6447,6317,-130,-0.01893111984855104,2925,2817,108,144,144,144,0,0.0,0,0,0,0,0.0,0,0,0,0,0.0,12,12,0,0,0,0,0,0,0,0.020969855832241154,0.020969855832241154,0.020969855832241154,0.0,0.0,0.0,0.0,0.0,0.0,0.0,0.0,0.0,0.0,0.0,0.0,0.0,0.0,0.0,6.71875,6.71875,12.0,12.0,0.0,0.0,0.0,0.0,144,144,0,0.0,12,12,12,12,0,0,0,0,0.0
CFD,12,0,0,0.0,ok,,ex15,factor-l,/home/scan_SpTRSV/data/factors/spcg/ex15/spcg_spilu_l_ex15_fill10_drop0.0001_permccolamd_sp0.mtx,6867,wavefront-oriented,0.02,0.019998502314804618,0.0001,1,1,1,4540,4540,227017,222477,183,190,6652,6645,7,32,32,215,218,3,0.00043687199650502403,0.021845235689555296,0.00021845235689555296,6447,6236,-211,-0.03072666375418669,2925,2728,197,144,144,144,0,0.0,0,0,0,0,0.0,0,0,0,0,0.0,12,12,0,0,0,0,0,0,0,0.020969855832241154,0.020969855832241154,0.020969855832241154,0.0,0.0,0.0,0.0,0.0,0.0,0.0,0.0,0.0,0.0,0.0,0.0,0.0,0.0,0.0,6.71875,6.8125,12.0,12.0,0.0,0.0,0.0,0.0,144,144,0,0.0,12,12,12,12,0,0,0,0,0.0006607929515418502
CFD,12,0,0,0.0,ok,,ex15,factor-l,/home/scan_SpTRSV/data/factors/spcg/ex15/spcg_spilu_l_ex15_fill10_drop0.0001_permccolamd_sp0.mtx,6867,wavefront-oriented,0.02,0.019998502314804618,0.0001,-1,1,1,4540,1142,227017,222477,183,183,6652,6652,0,32,32,215,215,0,0.0,0.0,0.0,6447,6333,-114,-0.016601135867190912,2925,2815,110,144,144,144,0,0.0,0,0,0,0,0.0,0,0,0,0,0.0,12,12,0,0,0,0,0,0,0,0.020969855832241154,0.020969855832241154,0.020969855832241154,0.0,0.0,0.0,0.0,0.0,0.0,0.0,0.0,0.0,0.0,0.0,0.0,0.0,0.0,0.0,6.71875,6.71875,12.0,12.0,0.0,0.0,0.0,0.0,144,144,0,0.0,12,12,12,12,0,0,0,0,0.0
CFD,12,0,0,0.0,ok,,ex15,factor-l,/home/scan_SpTRSV/data/factors/spcg/ex15/spcg_spilu_l_ex15_fill10_drop0.0001_permccolamd_sp0.mtx,6867,wavefront-oriented,0.02,0.019998502314804618,0.001,1,1,1,4540,4540,227017,222477,183,191,6652,6644,8,32,31,215,216,1,0.000145623998835008,0.007281745229851764,7.281745229851764e-05,6447,6093,-354,-0.051550895587592835,2925,2693,232,144,144,144,0,0.0,0,0,0,0,0.0,0,0,0,0,0.0,12,12,0,0,0,0,0,0,0,0.020969855832241154,0.020969855832241154,0.020969855832241154,0.0,0.0,0.0,0.0,0.0,0.0,0.0,0.0,0.0,0.0,0.0,0.0,0.0,0.0,0.0,6.71875,6.967741935483871,12.0,12.0,0.0,0.0,0.0,0.0,144,144,0,0.0,12,12,12,12,0,0,0,0,0.00022026431718061675
CFD,12,0,0,0.0,ok,,ex15,factor-l,/home/scan_SpTRSV/data/factors/spcg/ex15/spcg_spilu_l_ex15_fill10_drop0.0001_permccolamd_sp0.mtx,6867,wavefront-oriented,0.02,0.019998502314804618,0.001,-1,1,1,4540,252,227017,222477,183,183,6652,6652,0,32,32,215,215,0,0.0,0.0,0.0,6447,6369,-78,-0.011358671909130624,2925,2851,74,144,144,144,0,0.0,0,0,0,0,0.0,0,0,0,0,0.0,12,12,0,0,0,0,0,0,0,0.020969855832241154,0.020969855832241154,0.020969855832241154,0.0,0.0,0.0,0.0,0.0,0.0,0.0,0.0,0.0,0.0,0.0,0.0,0.0,0.0,0.0,6.71875,6.71875,12.0,12.0,0.0,0.0,0.0,0.0,144,144,0,0.0,12,12,12,12,0,0,0,0,0.0
CFD,12,0,0,0.0,ok,,ex15,factor-l,/home/scan_SpTRSV/data/factors/spcg/ex15/spcg_spilu_l_ex15_fill10_drop0.0001_permccolamd_sp0.mtx,6867,wavefront-oriented,0.02,0.019998502314804618,0.01,1,1,1,4540,4540,227017,222477,183,191,6652,6644,8,32,31,215,216,1,0.000145623998835008,0.007281745229851764,7.281745229851764e-05,6447,5841,-606,-0.08824814329401486,2925,2544,381,144,144,144,0,0.0,0,0,0,0,0.0,0,0,0,0,0.0,12,12,0,0,0,0,0,0,0,0.020969855832241154,0.020969855832241154,0.020969855832241154,0.0,0.0,0.0,0.0,0.0,0.0,0.0,0.0,0.0,0.0,0.0,0.0,0.0,0.0,0.0,6.71875,6.967741935483871,12.0,12.0,0.0,0.0,0.0,0.0,144,144,0,0.0,12,12,12,12,0,0,0,0,0.00022026431718061675
CFD,12,0,0,0.0,ok,,ex15,factor-l,/home/scan_SpTRSV/data/factors/spcg/ex15/spcg_spilu_l_ex15_fill10_drop0.0001_permccolamd_sp0.mtx,6867,wavefront-oriented,0.02,0.019998502314804618,0.01,-1,1,1,4540,222,227017,222477,183,183,6652,6652,0,32,32,215,215,0,0.0,0.0,0.0,6447,6316,-131,-0.01907674384738605,2925,2816,109,144,144,144,0,0.0,0,0,0,0,0.0,0,0,0,0,0.0,12,12,0,0,0,0,0,0,0,0.020969855832241154,0.020969855832241154,0.020969855832241154,0.0,0.0,0.0,0.0,0.0,0.0,0.0,0.0,0.0,0.0,0.0,0.0,0.0,0.0,0.0,6.71875,6.71875,12.0,12.0,0.0,0.0,0.0,0.0,144,144,0,0.0,12,12,12,12,0,0,0,0,0.0
CFD,12,0,0,0.0,ok,,ex15,factor-l,/home/scan_SpTRSV/data/factors/spcg/ex15/spcg_spilu_l_ex15_fill10_drop0.0001_permccolamd_sp0.mtx,6867,wavefront-oriented,0.05,0.02111295629842699,0.0001,1,1,1,4793,4793,227017,222224,183,193,6652,6642,10,32,32,215,221,6,0.0008737439930100481,0.04138425621972921,0.00041384256219729207,6447,6248,-199,-0.028979175768166592,2925,2730,195,144,144,144,0,0.0,0,0,0,0,0.0,0,0,0,0,0.0,12,12,0,0,0,0,0,0,0,0.020969855832241154,0.020969855832241154,0.020969855832241154,0.0,0.0,0.0,0.0,0.0,0.0,0.0,0.0,0.0,0.0,0.0,0.0,0.0,0.0,0.0,6.71875,6.90625,12.0,12.0,0.0,0.0,0.0,0.0,144,144,0,0.0,12,12,12,12,0,0,0,0,0.0012518255789693302
CFD,12,0,0,0.0,ok,,ex15,factor-l,/home/scan_SpTRSV/data/factors/spcg/ex15/spcg_spilu_l_ex15_fill10_drop0.0001_permccolamd_sp0.mtx,6867,wavefront-oriented,0.05,0.04999625578701154,0.0001,-1,1,1,11350,2076,227017,215667,183,183,6652,6652,0,32,32,215,215,0,0.0,0.0,0.0,6447,6286,-161,-0.023445463812436288,2925,2769,156,144,144,144,0,0.0,0,0,0,0,0.0,0,0,0,0,0.0,12,12,0,0,0,0,0,0,0,0.020969855832241154,0.020969855832241154,0.020969855832241154,0.0,0.0,0.0,0.0,0.0,0.0,0.0,0.0,0.0,0.0,0.0,0.0,0.0,0.0,0.0,6.71875,6.71875,12.0,12.0,0.0,0.0,0.0,0.0,144,144,0,0.0,12,12,12,12,0,0,0,0,0.0
CFD,12,0,0,0.0,ok,,ex15,factor-l,/home/scan_SpTRSV/data/factors/spcg/ex15/spcg_spilu_l_ex15_fill10_drop0.0001_permccolamd_sp0.mtx,6867,wavefront-oriented,0.05,0.026689631172995856,0.001,1,1,1,6059,6059,227017,220958,183,194,6652,6641,11,32,31,215,219,4,0.000582495995340032,0.02182480498004754,0.00021824804980047542,6447,6137,-310,-0.045143439638852485,2925,2602,323,144,144,144,0,0.0,0,0,0,0,0.0,0,0,0,0,0.0,12,12,0,0,0,0,0,0,0,0.020969855832241154,0.020969855832241154,0.020969855832241154,0.0,0.0,0.0,0.0,0.0,0.0,0.0,0.0,0.0,0.0,0.0,0.0,0.0,0.0,0.0,6.71875,7.064516129032258,12.0,12.0,0.0,0.0,0.0,0.0,144,144,0,0.0,12,12,12,12,0,0,0,0,0.0006601749463607857
CFD,12,0,0,0.0,ok,,ex15,factor-l,/home/scan_SpTRSV/data/factors/spcg/ex15/spcg_spilu_l_ex15_fill10_drop0.0001_permccolamd_sp0.mtx,6867,wavefront-oriented,0.05,0.04999625578701154,0.001,-1,1,1,11350,570,227017,215667,183,183,6652,6652,0,32,32,215,215,0,0.0,0.0,0.0,6447,6350,-97,-0.014125527886995778,2925,2837,88,144,144,144,0,0.0,0,0,0,0,0.0,0,0,0,0,0.0,12,12,0,0,0,0,0,0,0,0.020969855832241154,0.020969855832241154,0.020969855832241154,0.0,0.0,0.0,0.0,0.0,0.0,0.0,0.0,0.0,0.0,0.0,0.0,0.0,0.0,0.0,6.71875,6.71875,12.0,12.0,0.0,0.0,0.0,0.0,144,144,0,0.0,12,12,12,12,0,0,0,0,0.0
CFD,12,0,0,0.0,ok,,ex15,factor-l,/home/scan_SpTRSV/data/factors/spcg/ex15/spcg_spilu_l_ex15_fill10_drop0.0001_permccolamd_sp0.mtx,6867,wavefront-oriented,0.05,0.02820493619420572,0.01,1,1,1,6403,6403,227017,220614,183,194,6652,6641,11,32,31,215,219,4,0.000582495995340032,0.020652271337514922,0.0002065227133751492,6447,5902,-545,-0.07936507936507936,2925,2453,472,144,144,144,0,0.0,0,0,0,0,0.0,0,0,0,0,0.0,12,12,0,0,0,0,0,0,0,0.020969855832241154,0.020969855832241154,0.020969855832241154,0.0,0.0,0.0,0.0,0.0,0.0,0.0,0.0,0.0,0.0,0.0,0.0,0.0,0.0,0.0,6.71875,7.064516129032258,12.0,12.0,0.0,0.0,0.0,0.0,144,144,0,0.0,12,12,12,12,0,0,0,0,0.0006247071685147587
CFD,12,0,0,0.0,ok,,ex15,factor-l,/home/scan_SpTRSV/data/factors/spcg/ex15/spcg_spilu_l_ex15_fill10_drop0.0001_permccolamd_sp0.mtx,6867,wavefront-oriented,0.05,0.04999625578701154,0.01,-1,1,1,11350,412,227017,215667,183,183,6652,6652,0,32,32,215,215,0,0.0,0.0,0.0,6447,6312,-135,-0.019659239842726082,2925,2805,120,144,144,144,0,0.0,0,0,0,0,0.0,0,0,0,0,0.0,12,12,0,0,0,0,0,0,0,0.020969855832241154,0.020969855832241154,0.020969855832241154,0.0,0.0,0.0,0.0,0.0,0.0,0.0,0.0,0.0,0.0,0.0,0.0,0.0,0.0,0.0,6.71875,6.71875,12.0,12.0,0.0,0.0,0.0,0.0,144,144,0,0.0,12,12,12,12,0,0,0,0,0.0
CFD,12,0,0,0.0,ok,,ex15,factor-l,/home/scan_SpTRSV/data/factors/spcg/ex15/spcg_spilu_l_ex15_fill10_drop0.0001_permccolamd_sp0.mtx,6867,wavefront-oriented,0.1,0.02111295629842699,0.0001,1,1,1,4793,4793,227017,222224,183,193,6652,6642,10,32,32,215,221,6,0.0008737439930100481,0.04138425621972921,0.00041384256219729207,6447,6248,-199,-0.028979175768166592,2925,2730,195,144,144,144,0,0.0,0,0,0,0,0.0,0,0,0,0,0.0,12,12,0,0,0,0,0,0,0,0.020969855832241154,0.020969855832241154,0.020969855832241154,0.0,0.0,0.0,0.0,0.0,0.0,0.0,0.0,0.0,0.0,0.0,0.0,0.0,0.0,0.0,6.71875,6.90625,12.0,12.0,0.0,0.0,0.0,0.0,144,144,0,0.0,12,12,12,12,0,0,0,0,0.0012518255789693302
CFD,14,0,0,0.00027596541306102406,ok,,ex15,factor-l,/home/scan_SpTRSV/data/factors/spcg/ex15/spcg_spilu_l_ex15_fill10_drop0.0001_permccolamd_sp0.mtx,6867,wavefront-oriented,0.1,0.09498407608240793,0.0001,-1,1,1,21563,4793,227017,205454,183,198,6652,6637,15,32,31,215,225,10,0.0014562399883500802,0.015331411836723562,0.0001533141183672356,6447,6198,-249,-0.036260375709917,2925,2730,195,144,162,162,18,0.0008347632518666233,0,0,0,0,0.0,0,0,0,0,0.0,12,14,2,0,0,0,0,0,0,0.020969855832241154,0.023591087811271297,0.023591087811271297,0.0026212319790301433,0.0275965413061024,0.000275965413061024,0.0,0.0,0.0,0.0,0.0,0.0,0.0,0.0,0.0,0.0,0.0,0.0,6.71875,7.258064516129032,12.0,11.571428571428571,0.0,0.0,0.0,0.0,144,162,18,0.00027596541306102406,12,12,12,14,0,0,0,0,0.0004637573621481241
CFD,12,0,0,0.0,ok,,ex15,factor-l,/home/scan_SpTRSV/data/factors/spcg/ex15/spcg_spilu_l_ex15_fill10_drop0.0001_permccolamd_sp0.mtx,6867,wavefront-oriented,0.1,0.026689631172995856,0.001,1,1,1,6059,6059,227017,220958,183,194,6652,6641,11,32,31,215,219,4,0.000582495995340032,0.02182480498004754,0.00021824804980047542,6447,6137,-310,-0.045143439638852485,2925,2602,323,144,144,144,0,0.0,0,0,0,0,0.0,0,0,0,0,0.0,12,12,0,0,0,0,0,0,0,0.020969855832241154,0.020969855832241154,0.020969855832241154,0.0,0.0,0.0,0.0,0.0,0.0,0.0,0.0,0.0,0.0,0.0,0.0,0.0,0.0,0.0,6.71875,7.064516129032258,12.0,12.0,0.0,0.0,0.0,0.0,144,144,0,0.0,12,12,12,12,0,0,0,0,0.0006601749463607857
CFD,12,0,0,0.0,ok,,ex15,factor-l,/home/scan_SpTRSV/data/factors/spcg/ex15/spcg_spilu_l_ex15_fill10_drop0.0001_permccolamd_sp0.mtx,6867,wavefront-oriented,0.1,0.0999969165304801,0.001,-1,1,1,22701,1135,227017,204316,183,183,6652,6652,0,32,32,215,215,0,0.0,0.0,0.0,6447,6320,-127,-0.018494247852046015,2925,2822,103,144,144,144,0,0.0,0,0,0,0,0.0,0,0,0,0,0.0,12,12,0,0,0,0,0,0,0,0.020969855832241154,0.020969855832241154,0.020969855832241154,0.0,0.0,0.0,0.0,0.0,0.0,0.0,0.0,0.0,0.0,0.0,0.0,0.0,0.0,0.0,6.71875,6.71875,12.0,12.0,0.0,0.0,0.0,0.0,144,144,0,0.0,12,12,12,12,0,0,0,0,0.0
CFD,12,0,0,0.0,ok,,ex15,factor-l,/home/scan_SpTRSV/data/factors/spcg/ex15/spcg_spilu_l_ex15_fill10_drop0.0001_permccolamd_sp0.mtx,6867,wavefront-oriented,0.1,0.02820493619420572,0.01,1,1,1,6403,6403,227017,220614,183,194,6652,6641,11,32,31,215,219,4,0.000582495995340032,0.020652271337514922,0.0002065227133751492,6447,5902,-545,-0.07936507936507936,2925,2453,472,144,144,144,0,0.0,0,0,0,0,0.0,0,0,0,0,0.0,12,12,0,0,0,0,0,0,0,0.020969855832241154,0.020969855832241154,0.020969855832241154,0.0,0.0,0.0,0.0,0.0,0.0,0.0,0.0,0.0,0.0,0.0,0.0,0.0,0.0,0.0,6.71875,7.064516129032258,12.0,12.0,0.0,0.0,0.0,0.0,144,144,0,0.0,12,12,12,12,0,0,0,0,0.0006247071685147587
CFD,12,0,0,0.0,ok,,ex15,factor-l,/home/scan_SpTRSV/data/factors/spcg/ex15/spcg_spilu_l_ex15_fill10_drop0.0001_permccolamd_sp0.mtx,6867,wavefront-oriented,0.1,0.0999969165304801,0.01,-1,1,1,22701,772,227017,204316,183,183,6652,6652,0,32,32,215,215,0,0.0,0.0,0.0,6447,6282,-165,-0.024027959807776323,2925,2789,136,144,144,144,0,0.0,0,0,0,0,0.0,0,0,0,0,0.0,12,12,0,0,0,0,0,0,0,0.020969855832241154,0.020969855832241154,0.020969855832241154,0.0,0.0,0.0,0.0,0.0,0.0,0.0,0.0,0.0,0.0,0.0,0.0,0.0,0.0,0.0,6.71875,6.71875,12.0,12.0,0.0,0.0,0.0,0.0,144,144,0,0.0,12,12,12,12,0,0,0,0,0.0
CFD,12,0,0,0.0,ok,,ex15,factor-l,/home/scan_SpTRSV/data/factors/spcg/ex15/spcg_spilu_l_ex15_fill10_drop0.0001_permccolamd_sp0.mtx,6867,scan-chain-aware,0.01,1.761982582802169e-05,0.0001,1,1,1,4,4,227017,227013,183,187,6652,6648,4,32,34,215,221,6,0.0008737439930100481,49.588685015290515,0.4958868501529051,6447,6446,-1,-0.000145623998835008,2925,2924,1,144,144,144,0,0.0,0,0,0,0,0.0,0,0,0,0,0.0,12,12,0,0,0,0,0,0,0,0.020969855832241154,0.020969855832241154,0.020969855832241154,0.0,0.0,0.0,0.0,0.0,0.0,0.0,0.0,0.0,0.0,0.0,0.0,0.0,0.0,0.0,6.71875,6.5,12.0,12.0,0.0,0.0,0.0,0.0,144,144,0,0.0,12,12,12,12,0,0,0,0,1.5
CFD,12,0,0,0.0,ok,,ex15,factor-l,/home/scan_SpTRSV/data/factors/spcg/ex15/spcg_spilu_l_ex15_fill10_drop0.0001_permccolamd_sp0.mtx,6867,scan-chain-aware,0.01,0.009999251157402309,0.0001,-1,1,1,2270,577,227017,224747,183,189,6652,6646,6,32,34,215,223,8,0.001164991990680064,0.11650792367762823,0.0011650792367762822,6447,6437,-10,-0.0014562399883500802,2925,2915,10,144,144,144,0,0.0,0,0,0,0,0.0,0,0,0,0,0.0,12,12,0,0,0,0,0,0,0,0.020969855832241154,0.020969855832241154,0.020969855832241154,0.0,0.0,0.0,0.0,0.0,0.0,0.0,0.0,0.0,0.0,0.0,0.0,0.0,0.0,0.0,6.71875,6.5588235294117645,12.0,12.0,0.0,0.0,0.0,0.0,144,144,0,0.0,12,12,12,12,0,0,0,0,0.003524229074889868
CFD,12,0,0,0.0,ok,,ex15,factor-l,/home/scan_SpTRSV/data/factors/spcg/ex15/spcg_spilu_l_ex15_fill10_drop0.0001_permccolamd_sp0.mtx,6867,scan-chain-aware,0.01,1.761982582802169e-05,0.001,1,1,1,4,4,227017,227013,183,187,6652,6648,4,32,34,215,221,6,0.0008737439930100481,49.588685015290515,0.4958868501529051,6447,6446,-1,-0.000145623998835008,2925,2924,1,144,144,144,0,0.0,0,0,0,0,0.0,0,0,0,0,0.0,12,12,0,0,0,0,0,0,0,0.020969855832241154,0.020969855832241154,0.020969855832241154,0.0,0.0,0.0,0.0,0.0,0.0,0.0,0.0,0.0,0.0,0.0,0.0,0.0,0.0,0.0,6.71875,6.5,12.0,12.0,0.0,0.0,0.0,0.0,144,144,0,0.0,12,12,12,12,0,0,0,0,1.5
CFD,12,0,0,0.0,ok,,ex15,factor-l,/home/scan_SpTRSV/data/factors/spcg/ex15/spcg_spilu_l_ex15_fill10_drop0.0001_permccolamd_sp0.mtx,6867,scan-chain-aware,0.01,0.009999251157402309,0.001,-1,1,1,2270,520,227017,224747,183,189,6652,6646,6,32,34,215,223,8,0.001164991990680064,0.11650792367762823,0.0011650792367762822,6447,6506,59,0.008591815931265472,2925,2873,52,144,144,144,0,0.0,0,0,0,0,0.0,0,0,0,0,0.0,12,12,0,0,0,0,0,0,0,0.020969855832241154,0.020969855832241154,0.020969855832241154,0.0,0.0,0.0,0.0,0.0,0.0,0.0,0.0,0.0,0.0,0.0,0.0,0.0,0.0,0.0,6.71875,6.5588235294117645,12.0,12.0,0.0,0.0,0.0,0.0,144,144,0,0.0,12,12,12,12,0,0,0,0,0.003524229074889868
CFD,12,0,0,0.0,ok,,ex15,factor-l,/home/scan_SpTRSV/data/factors/spcg/ex15/spcg_spilu_l_ex15_fill10_drop0.0001_permccolamd_sp0.mtx,6867,scan-chain-aware,0.01,1.761982582802169e-05,0.01,1,1,1,4,4,227017,227013,183,187,6652,6648,4,32,34,215,221,6,0.0008737439930100481,49.588685015290515,0.4958868501529051,6447,6446,-1,-0.000145623998835008,2925,2924,1,144,144,144,0,0.0,0,0,0,0,0.0,0,0,0,0,0.0,12,12,0,0,0,0,0,0,0,0.020969855832241154,0.020969855832241154,0.020969855832241154,0.0,0.0,0.0,0.0,0.0,0.0,0.0,0.0,0.0,0.0,0.0,0.0,0.0,0.0,0.0,6.71875,6.5,12.0,12.0,0.0,0.0,0.0,0.0,144,144,0,0.0,12,12,12,12,0,0,0,0,1.5
CFD,12,0,0,0.0005825396183881411,ok,,ex15,factor-l,/home/scan_SpTRSV/data/factors/spcg/ex15/spcg_spilu_l_ex15_fill10_drop0.0001_permccolamd_sp0.mtx,6867,scan-chain-aware,0.01,0.009999251157402309,0.01,-1,1,1,2270,191,227017,224747,183,191,6652,6644,8,32,34,215,225,10,0.0014562399883500802,0.14563490459703532,0.0014563490459703532,6447,6407,-40,-0.005824959953400321,2925,2905,20,144,148,148,4,0.001762114537444934,0,0,0,0,0.0,0,0,0,0,0.0,12,12,0,0,0,0,0,0,0,0.020969855832241154,0.021552351827581185,0.021552351827581185,0.0005824959953400315,0.05825396183881407,0.0005825396183881406,0.0,0.0,0.0,0.0,0.0,0.0,0.0,0.0,0.0,0.0,0.0,0.0,6.71875,6.617647058823529,12.0,12.333333333333334,0.0,0.0,0.0,0.0,144,148,4,0.0005825396183881411,12,13,12,12,0,0,0,0,0.004405286343612335
CFD,12,0,0,0.0,ok,,ex15,factor-l,/home/scan_SpTRSV/data/factors/spcg/ex15/spcg_spilu_l_ex15_fill10_drop0.0001_permccolamd_sp0.mtx,6867,scan-chain-aware,0.02,1.761982582802169e-05,0.0001,1,1,1,4,4,227017,227013,183,187,6652,6648,4,32,34,215,221,6,0.0008737439930100481,49.588685015290515,0.4958868501529051,6447,6446,-1,-0.000145623998835008,2925,2924,1,144,144,144,0,0.0,0,0,0,0,0.0,0,0,0,0,0.0,12,12,0,0,0,0,0,0,0,0.020969855832241154,0.020969855832241154,0.020969855832241154,0.0,0.0,0.0,0.0,0.0,0.0,0.0,0.0,0.0,0.0,0.0,0.0,0.0,0.0,0.0,6.71875,6.5,12.0,12.0,0.0,0.0,0.0,0.0,144,144,0,0.0,12,12,12,12,0,0,0,0,1.5
CFD,12,0,0,0.0,ok,,ex15,factor-l,/home/scan_SpTRSV/data/factors/spcg/ex15/spcg_spilu_l_ex15_fill10_drop0.0001_permccolamd_sp0.mtx,6867,scan-chain-aware,0.02,0.019998502314804618,0.0001,-1,1,1,4540,1125,227017,222477,183,189,6652,6646,6,32,34,215,223,8,0.001164991990680064,0.058253961838814115,0.0005825396183881411,6447,6437,-10,-0.0014562399883500802,2925,2914,11,144,144,144,0,0.0,0,0,0,0,0.0,0,0,0,0,0.0,12,12,0,0,0,0,0,0,0,0.020969855832241154,0.020969855832241154,0.020969855832241154,0.0,0.0,0.0,0.0,0.0,0.0,0.0,0.0,0.0,0.0,0.0,0.0,0.0,0.0,0.0,6.71875,6.5588235294117645,12.0,12.0,0.0,0.0,0.0,0.0,144,144,0,0.0,12,12,12,12,0,0,0,0,0.001762114537444934
CFD,12,0,0,0.0,ok,,ex15,factor-l,/home/scan_SpTRSV/data/factors/spcg/ex15/spcg_spilu_l_ex15_fill10_drop0.0001_permccolamd_sp0.mtx,6867,scan-chain-aware,0.02,1.761982582802169e-05,0.001,1,1,1,4,4,227017,227013,183,187,6652,6648,4,32,34,215,221,6,0.0008737439930100481,49.588685015290515,0.4958868501529051,6447,6446,-1,-0.000145623998835008,2925,2924,1,144,144,144,0,0.0,0,0,0,0,0.0,0,0,0,0,0.0,12,12,0,0,0,0,0,0,0,0.020969855832241154,0.020969855832241154,0.020969855832241154,0.0,0.0,0.0,0.0,0.0,0.0,0.0,0.0,0.0,0.0,0.0,0.0,0.0,0.0,0.0,6.71875,6.5,12.0,12.0,0.0,0.0,0.0,0.0,144,144,0,0.0,12,12,12,12,0,0,0,0,1.5
CFD,12,0,0,0.0,ok,,ex15,factor-l,/home/scan_SpTRSV/data/factors/spcg/ex15/spcg_spilu_l_ex15_fill10_drop0.0001_permccolamd_sp0.mtx,6867,scan-chain-aware,0.02,0.019998502314804618,0.001,-1,1,1,4540,820,227017,222477,183,189,6652,6646,6,32,34,215,223,8,0.001164991990680064,0.058253961838814115,0.0005825396183881411,6447,6549,102,0.014853647881170816,2925,2905,20,144,144,144,0,0.0,0,0,0,0,0.0,0,0,0,0,0.0,12,12,0,0,0,0,0,0,0,0.020969855832241154,0.020969855832241154,0.020969855832241154,0.0,0.0,0.0,0.0,0.0,0.0,0.0,0.0,0.0,0.0,0.0,0.0,0.0,0.0,0.0,6.71875,6.5588235294117645,12.0,12.0,0.0,0.0,0.0,0.0,144,144,0,0.0,12,12,12,12,0,0,0,0,0.001762114537444934
CFD,12,0,0,0.0,ok,,ex15,factor-l,/home/scan_SpTRSV/data/factors/spcg/ex15/spcg_spilu_l_ex15_fill10_drop0.0001_permccolamd_sp0.mtx,6867,scan-chain-aware,0.02,1.761982582802169e-05,0.01,1,1,1,4,4,227017,227013,183,187,6652,6648,4,32,34,215,221,6,0.0008737439930100481,49.588685015290515,0.4958868501529051,6447,6446,-1,-0.000145623998835008,2925,2924,1,144,144,144,0,0.0,0,0,0,0,0.0,0,0,0,0,0.0,12,12,0,0,0,0,0,0,0,0.020969855832241154,0.020969855832241154,0.020969855832241154,0.0,0.0,0.0,0.0,0.0,0.0,0.0,0.0,0.0,0.0,0.0,0.0,0.0,0.0,0.0,6.71875,6.5,12.0,12.0,0.0,0.0,0.0,0.0,144,144,0,0.0,12,12,12,12,0,0,0,0,1.5
CFD,12,0,0,0.00029126980919407056,ok,,ex15,factor-l,/home/scan_SpTRSV/data/factors/spcg/ex15/spcg_spilu_l_ex15_fill10_drop0.0001_permccolamd_sp0.mtx,6867,scan-chain-aware,0.02,0.019998502314804618,0.01,-1,1,1,4540,802,227017,222477,183,194,6652,6641,11,32,34,215,228,13,0.0018931119848551042,0.09466268798807295,0.0009466268798807295,6447,6502,55,0.00800931993592544,2925,2823,102,144,148,148,4,0.000881057268722467,0,0,0,0,0.0,0,0,0,0,0.0,12,12,0,0,0,0,0,0,0,0.020969855832241154,0.021552351827581185,0.021552351827581185,0.0005824959953400315,0.029126980919407033,0.0002912698091940703,0.0,0.0,0.0,0.0,0.0,0.0,0.0,0.0,0.0,0.0,0.0,0.0,6.71875,6.705882352941177,12.0,12.333333333333334,0.0,0.0,0.0,0.0,144,148,4,0.00029126980919407056,12,13,12,12,0,0,0,0,0.0028634361233480176
CFD,12,0,0,0.0,ok,,ex15,factor-l,/home/scan_SpTRSV/data/factors/spcg/ex15/spcg_spilu_l_ex15_fill10_drop0.0001_permccolamd_sp0.mtx,6867,scan-chain-aware,0.05,1.761982582802169e-05,0.0001,1,1,1,4,4,227017,227013,183,187,6652,6648,4,32,34,215,221,6,0.0008737439930100481,49.588685015290515,0.4958868501529051,6447,6446,-1,-0.000145623998835008,2925,2924,1,144,144,144,0,0.0,0,0,0,0,0.0,0,0,0,0,0.0,12,12,0,0,0,0,0,0,0,0.020969855832241154,0.020969855832241154,0.020969855832241154,0.0,0.0,0.0,0.0,0.0,0.0,0.0,0.0,0.0,0.0,0.0,0.0,0.0,0.0,0.0,6.71875,6.5,12.0,12.0,0.0,0.0,0.0,0.0,144,144,0,0.0,12,12,12,12,0,0,0,0,1.5
CFD,12,0,0,0.0,ok,,ex15,factor-l,/home/scan_SpTRSV/data/factors/spcg/ex15/spcg_spilu_l_ex15_fill10_drop0.0001_permccolamd_sp0.mtx,6867,scan-chain-aware,0.05,0.04999625578701154,0.0001,-1,1,1,11350,2177,227017,215667,183,189,6652,6646,6,32,34,215,223,8,0.001164991990680064,0.023301584735525648,0.00023301584735525648,6447,6437,-10,-0.0014562399883500802,2925,2914,11,144,144,144,0,0.0,0,0,0,0,0.0,0,0,0,0,0.0,12,12,0,0,0,0,0,0,0,0.020969855832241154,0.020969855832241154,0.020969855832241154,0.0,0.0,0.0,0.0,0.0,0.0,0.0,0.0,0.0,0.0,0.0,0.0,0.0,0.0,0.0,6.71875,6.5588235294117645,12.0,12.0,0.0,0.0,0.0,0.0,144,144,0,0.0,12,12,12,12,0,0,0,0,0.0007048458149779736
CFD,12,0,0,0.0,ok,,ex15,factor-l,/home/scan_SpTRSV/data/factors/spcg/ex15/spcg_spilu_l_ex15_fill10_drop0.0001_permccolamd_sp0.mtx,6867,scan-chain-aware,0.05,1.761982582802169e-05,0.001,1,1,1,4,4,227017,227013,183,187,6652,6648,4,32,34,215,221,6,0.0008737439930100481,49.588685015290515,0.4958868501529051,6447,6446,-1,-0.000145623998835008,2925,2924,1,144,144,144,0,0.0,0,0,0,0,0.0,0,0,0,0,0.0,12,12,0,0,0,0,0,0,0,0.020969855832241154,0.020969855832241154,0.020969855832241154,0.0,0.0,0.0,0.0,0.0,0.0,0.0,0.0,0.0,0.0,0.0,0.0,0.0,0.0,0.0,6.71875,6.5,12.0,12.0,0.0,0.0,0.0,0.0,144,144,0,0.0,12,12,12,12,0,0,0,0,1.5
CFD,12,0,0,0.0,ok,,ex15,factor-l,/home/scan_SpTRSV/data/factors/spcg/ex15/spcg_spilu_l_ex15_fill10_drop0.0001_permccolamd_sp0.mtx,6867,scan-chain-aware,0.05,0.04999625578701154,0.001,-1,1,1,11350,1096,227017,215667,183,189,6652,6646,6,32,34,215,223,8,0.001164991990680064,0.023301584735525648,0.00023301584735525648,6447,6548,101,0.01470802388233581,2925,2905,20,144,144,144,0,0.0,0,0,0,0,0.0,0,0,0,0,0.0,12,12,0,0,0,0,0,0,0,0.020969855832241154,0.020969855832241154,0.020969855832241154,0.0,0.0,0.0,0.0,0.0,0.0,0.0,0.0,0.0,0.0,0.0,0.0,0.0,0.0,0.0,6.71875,6.5588235294117645,12.0,12.0,0.0,0.0,0.0,0.0,144,144,0,0.0,12,12,12,12,0,0,0,0,0.0007048458149779736
CFD,12,0,0,0.0,ok,,ex15,factor-l,/home/scan_SpTRSV/data/factors/spcg/ex15/spcg_spilu_l_ex15_fill10_drop0.0001_permccolamd_sp0.mtx,6867,scan-chain-aware,0.05,1.761982582802169e-05,0.01,1,1,1,4,4,227017,227013,183,187,6652,6648,4,32,34,215,221,6,0.0008737439930100481,49.588685015290515,0.4958868501529051,6447,6446,-1,-0.000145623998835008,2925,2924,1,144,144,144,0,0.0,0,0,0,0,0.0,0,0,0,0,0.0,12,12,0,0,0,0,0,0,0,0.020969855832241154,0.020969855832241154,0.020969855832241154,0.0,0.0,0.0,0.0,0.0,0.0,0.0,0.0,0.0,0.0,0.0,0.0,0.0,0.0,0.0,6.71875,6.5,12.0,12.0,0.0,0.0,0.0,0.0,144,144,0,0.0,12,12,12,12,0,0,0,0,1.5
CFD,12,0,0,0.00011650792367762824,ok,,ex15,factor-l,/home/scan_SpTRSV/data/factors/spcg/ex15/spcg_spilu_l_ex15_fill10_drop0.0001_permccolamd_sp0.mtx,6867,scan-chain-aware,0.05,0.04999625578701154,0.01,-1,1,1,11350,1249,227017,215667,183,194,6652,6641,11,32,34,215,228,13,0.0018931119848551042,0.037865075195229185,0.0003786507519522918,6447,6574,127,0.018494247852046015,2925,2802,123,144,148,148,4,0.0003524229074889868,0,0,0,0,0.0,0,0,0,0,0.0,12,12,0,0,0,0,0,0,0,0.020969855832241154,0.021552351827581185,0.021552351827581185,0.0005824959953400315,0.011650792367762813,0.00011650792367762813,0.0,0.0,0.0,0.0,0.0,0.0,0.0,0.0,0.0,0.0,0.0,0.0,6.71875,6.705882352941177,12.0,12.333333333333334,0.0,0.0,0.0,0.0,144,148,4,0.00011650792367762824,12,13,12,12,0,0,0,0,0.0011453744493392071
CFD,12,0,0,0.0,ok,,ex15,factor-l,/home/scan_SpTRSV/data/factors/spcg/ex15/spcg_spilu_l_ex15_fill10_drop0.0001_permccolamd_sp0.mtx,6867,scan-chain-aware,0.1,1.761982582802169e-05,0.0001,1,1,1,4,4,227017,227013,183,187,6652,6648,4,32,34,215,221,6,0.0008737439930100481,49.588685015290515,0.4958868501529051,6447,6446,-1,-0.000145623998835008,2925,2924,1,144,144,144,0,0.0,0,0,0,0,0.0,0,0,0,0,0.0,12,12,0,0,0,0,0,0,0,0.020969855832241154,0.020969855832241154,0.020969855832241154,0.0,0.0,0.0,0.0,0.0,0.0,0.0,0.0,0.0,0.0,0.0,0.0,0.0,0.0,0.0,6.71875,6.5,12.0,12.0,0.0,0.0,0.0,0.0,144,144,0,0.0,12,12,12,12,0,0,0,0,1.5
CFD,12,0,0,0.0,ok,,ex15,factor-l,/home/scan_SpTRSV/data/factors/spcg/ex15/spcg_spilu_l_ex15_fill10_drop0.0001_permccolamd_sp0.mtx,6867,scan-chain-aware,0.1,0.09443345652528225,0.0001,-1,1,1,21438,4784,227017,205579,183,189,6652,6646,6,32,34,215,223,8,0.001164991990680064,0.01233664459129658,0.0001233664459129658,6447,6437,-10,-0.0014562399883500802,2925,2913,12,144,144,144,0,0.0,0,0,0,0,0.0,0,0,0,0,0.0,12,12,0,0,0,0,0,0,0,0.020969855832241154,0.020969855832241154,0.020969855832241154,0.0,0.0,0.0,0.0,0.0,0.0,0.0,0.0,0.0,0.0,0.0,0.0,0.0,0.0,0.0,6.71875,6.5588235294117645,12.0,12.0,0.0,0.0,0.0,0.0,144,144,0,0.0,12,12,12,12,0,0,0,0,0.00037316913891221194
CFD,12,0,0,0.0,ok,,ex15,factor-l,/home/scan_SpTRSV/data/factors/spcg/ex15/spcg_spilu_l_ex15_fill10_drop0.0001_permccolamd_sp0.mtx,6867,scan-chain-aware,0.1,1.761982582802169e-05,0.001,1,1,1,4,4,227017,227013,183,187,6652,6648,4,32,34,215,221,6,0.0008737439930100481,49.588685015290515,0.4958868501529051,6447,6446,-1,-0.000145623998835008,2925,2924,1,144,144,144,0,0.0,0,0,0,0,0.0,0,0,0,0,0.0,12,12,0,0,0,0,0,0,0,0.020969855832241154,0.020969855832241154,0.020969855832241154,0.0,0.0,0.0,0.0,0.0,0.0,0.0,0.0,0.0,0.0,0.0,0.0,0.0,0.0,0.0,6.71875,6.5,12.0,12.0,0.0,0.0,0.0,0.0,144,144,0,0.0,12,12,12,12,0,0,0,0,1.5
CFD,12,0,0,0.0,ok,,ex15,factor-l,/home/scan_SpTRSV/data/factors/spcg/ex15/spcg_spilu_l_ex15_fill10_drop0.0001_permccolamd_sp0.mtx,6867,scan-chain-aware,0.1,0.0999969165304801,0.001,-1,1,1,22701,1744,227017,204316,183,189,6652,6646,6,32,34,215,223,8,0.001164991990680064,0.011650279139606893,0.00011650279139606895,6447,6638,191,0.02781418377748653,2925,2909,16,144,144,144,0,0.0,0,0,0,0,0.0,0,0,0,0,0.0,12,12,0,0,0,0,0,0,0,0.020969855832241154,0.020969855832241154,0.020969855832241154,0.0,0.0,0.0,0.0,0.0,0.0,0.0,0.0,0.0,0.0,0.0,0.0,0.0,0.0,0.0,6.71875,6.5588235294117645,12.0,12.0,0.0,0.0,0.0,0.0,144,144,0,0.0,12,12,12,12,0,0,0,0,0.00035240738293467247
CFD,12,0,0,0.0,ok,,ex15,factor-l,/home/scan_SpTRSV/data/factors/spcg/ex15/spcg_spilu_l_ex15_fill10_drop0.0001_permccolamd_sp0.mtx,6867,scan-chain-aware,0.1,1.761982582802169e-05,0.01,1,1,1,4,4,227017,227013,183,187,6652,6648,4,32,34,215,221,6,0.0008737439930100481,49.588685015290515,0.4958868501529051,6447,6446,-1,-0.000145623998835008,2925,2924,1,144,144,144,0,0.0,0,0,0,0,0.0,0,0,0,0,0.0,12,12,0,0,0,0,0,0,0,0.020969855832241154,0.020969855832241154,0.020969855832241154,0.0,0.0,0.0,0.0,0.0,0.0,0.0,0.0,0.0,0.0,0.0,0.0,0.0,0.0,0.0,6.71875,6.5,12.0,12.0,0.0,0.0,0.0,0.0,144,144,0,0.0,12,12,12,12,0,0,0,0,1.5
CFD,12,0,0,5.8251395698034474e-05,ok,,ex15,factor-l,/home/scan_SpTRSV/data/factors/spcg/ex15/spcg_spilu_l_ex15_fill10_drop0.0001_permccolamd_sp0.mtx,6867,scan-chain-aware,0.1,0.0999969165304801,0.01,-1,1,1,22701,1513,227017,204316,183,194,6652,6641,11,32,34,215,228,13,0.0018931119848551042,0.018931703601861204,0.00018931703601861205,6447,6574,127,0.018494247852046015,2925,2797,128,144,148,148,4,0.00017620369146733624,0,0,0,0,0.0,0,0,0,0,0.0,12,12,0,0,0,0,0,0,0,0.020969855832241154,0.021552351827581185,0.021552351827581185,0.0005824959953400315,0.005825139569803441,5.825139569803442e-05,0.0,0.0,0.0,0.0,0.0,0.0,0.0,0.0,0.0,0.0,0.0,0.0,6.71875,6.705882352941177,12.0,12.333333333333334,0.0,0.0,0.0,0.0,144,148,4,5.8251395698034474e-05,12,13,12,12,0,0,0,0,0.0005726619972688428
CFD,12,0,0,0.0,ok,,ex15,factor-l,/home/scan_SpTRSV/data/factors/spcg/ex15/spcg_spilu_l_ex15_fill10_drop0.0001_permccolamd_sp0.mtx,6867,long-chain-aware-drop,0.01,0.0,0.0001,1,1,1,0,0,227017,227017,183,183,6652,6652,0,32,32,215,215,0,0.0,0.0,0.0,6447,6447,0,0.0,2925,2925,0,144,144,144,0,0.0,0,0,0,0,0.0,0,0,0,0,0.0,12,12,0,0,0,0,0,0,0,0.020969855832241154,0.020969855832241154,0.020969855832241154,0.0,0.0,0.0,0.0,0.0,0.0,0.0,0.0,0.0,0.0,0.0,0.0,0.0,0.0,0.0,6.71875,6.71875,12.0,12.0,0.0,0.0,0.0,0.0,144,144,0,0.0,12,12,12,12,0,0,0,0,0.0
CFD,12,0,0,0.0,ok,,ex15,factor-l,/home/scan_SpTRSV/data/factors/spcg/ex15/spcg_spilu_l_ex15_fill10_drop0.0001_permccolamd_sp0.mtx,6867,long-chain-aware-drop,0.01,0.00021143790993626027,0.0001,-1,1,1,48,18,227017,226969,183,183,6652,6652,0,32,32,215,215,0,0.0,0.0,0.0,6447,6447,0,0.0,2925,2925,0,144,144,144,0,0.0,0,0,0,0,0.0,0,0,0,0,0.0,12,12,0,0,0,0,0,0,0,0.020969855832241154,0.020969855832241154,0.020969855832241154,0.0,0.0,0.0,0.0,0.0,0.0,0.0,0.0,0.0,0.0,0.0,0.0,0.0,0.0,0.0,6.71875,6.71875,12.0,12.0,0.0,0.0,0.0,0.0,144,144,0,0.0,12,12,12,12,0,0,0,0,0.0
CFD,12,0,0,0.0,ok,,ex15,factor-l,/home/scan_SpTRSV/data/factors/spcg/ex15/spcg_spilu_l_ex15_fill10_drop0.0001_permccolamd_sp0.mtx,6867,long-chain-aware-drop,0.01,0.0,0.001,1,1,1,0,0,227017,227017,183,183,6652,6652,0,32,32,215,215,0,0.0,0.0,0.0,6447,6447,0,0.0,2925,2925,0,144,144,144,0,0.0,0,0,0,0,0.0,0,0,0,0,0.0,12,12,0,0,0,0,0,0,0,0.020969855832241154,0.020969855832241154,0.020969855832241154,0.0,0.0,0.0,0.0,0.0,0.0,0.0,0.0,0.0,0.0,0.0,0.0,0.0,0.0,0.0,6.71875,6.71875,12.0,12.0,0.0,0.0,0.0,0.0,144,144,0,0.0,12,12,12,12,0,0,0,0,0.0
CFD,12,0,0,0.0,ok,,ex15,factor-l,/home/scan_SpTRSV/data/factors/spcg/ex15/spcg_spilu_l_ex15_fill10_drop0.0001_permccolamd_sp0.mtx,6867,long-chain-aware-drop,0.01,0.0014448257178977786,0.001,-1,1,1,328,26,227017,226689,183,183,6652,6652,0,32,32,215,215,0,0.0,0.0,0.0,6447,6447,0,0.0,2925,2923,2,144,144,144,0,0.0,0,0,0,0,0.0,0,0,0,0,0.0,12,12,0,0,0,0,0,0,0,0.020969855832241154,0.020969855832241154,0.020969855832241154,0.0,0.0,0.0,0.0,0.0,0.0,0.0,0.0,0.0,0.0,0.0,0.0,0.0,0.0,0.0,6.71875,6.71875,12.0,12.0,0.0,0.0,0.0,0.0,144,144,0,0.0,12,12,12,12,0,0,0,0,0.0
CFD,12,0,0,0.0,ok,,ex15,factor-l,/home/scan_SpTRSV/data/factors/spcg/ex15/spcg_spilu_l_ex15_fill10_drop0.0001_permccolamd_sp0.mtx,6867,long-chain-aware-drop,0.01,0.0,0.01,1,1,1,0,0,227017,227017,183,183,6652,6652,0,32,32,215,215,0,0.0,0.0,0.0,6447,6447,0,0.0,2925,2925,0,144,144,144,0,0.0,0,0,0,0,0.0,0,0,0,0,0.0,12,12,0,0,0,0,0,0,0,0.020969855832241154,0.020969855832241154,0.020969855832241154,0.0,0.0,0.0,0.0,0.0,0.0,0.0,0.0,0.0,0.0,0.0,0.0,0.0,0.0,0.0,6.71875,6.71875,12.0,12.0,0.0,0.0,0.0,0.0,144,144,0,0.0,12,12,12,12,0,0,0,0,0.0
CFD,12,0,0,0.002547909313566629,ok,,ex15,factor-l,/home/scan_SpTRSV/data/factors/spcg/ex15/spcg_spilu_l_ex15_fill10_drop0.0001_permccolamd_sp0.mtx,6867,long-chain-aware-drop,0.01,0.002286172401185814,0.01,-1,1,1,519,38,227017,226498,183,187,6652,6648,4,32,32,215,219,4,0.000582495995340032,0.2547909313566629,0.002547909313566629,6447,6445,-2,-0.000291247997670016,2925,2929,-4,144,148,148,4,0.007707129094412331,0,0,0,0,0.0,0,0,0,0,0.0,12,12,0,0,0,0,0,0,0,0.020969855832241154,0.021552351827581185,0.021552351827581185,0.0005824959953400315,0.2547909313566627,0.0025479093135666268,0.0,0.0,0.0,0.0,0.0,0.0,0.0,0.0,0.0,0.0,0.0,0.0,6.71875,6.84375,12.0,12.333333333333334,0.0,0.0,0.0,0.0,144,148,4,0.002547909313566629,12,13,12,12,0,0,0,0,0.007707129094412331
CFD,12,0,0,0.0,ok,,ex15,factor-l,/home/scan_SpTRSV/data/factors/spcg/ex15/spcg_spilu_l_ex15_fill10_drop0.0001_permccolamd_sp0.mtx,6867,long-chain-aware-drop,0.02,0.0,0.0001,1,1,1,0,0,227017,227017,183,183,6652,6652,0,32,32,215,215,0,0.0,0.0,0.0,6447,6447,0,0.0,2925,2925,0,144,144,144,0,0.0,0,0,0,0,0.0,0,0,0,0,0.0,12,12,0,0,0,0,0,0,0,0.020969855832241154,0.020969855832241154,0.020969855832241154,0.0,0.0,0.0,0.0,0.0,0.0,0.0,0.0,0.0,0.0,0.0,0.0,0.0,0.0,0.0,6.71875,6.71875,12.0,12.0,0.0,0.0,0.0,0.0,144,144,0,0.0,12,12,12,12,0,0,0,0,0.0
CFD,12,0,0,0.0,ok,,ex15,factor-l,/home/scan_SpTRSV/data/factors/spcg/ex15/spcg_spilu_l_ex15_fill10_drop0.0001_permccolamd_sp0.mtx,6867,long-chain-aware-drop,0.02,0.00021143790993626027,0.0001,-1,1,1,48,18,227017,226969,183,183,6652,6652,0,32,32,215,215,0,0.0,0.0,0.0,6447,6447,0,0.0,2925,2925,0,144,144,144,0,0.0,0,0,0,0,0.0,0,0,0,0,0.0,12,12,0,0,0,0,0,0,0,0.020969855832241154,0.020969855832241154,0.020969855832241154,0.0,0.0,0.0,0.0,0.0,0.0,0.0,0.0,0.0,0.0,0.0,0.0,0.0,0.0,0.0,6.71875,6.71875,12.0,12.0,0.0,0.0,0.0,0.0,144,144,0,0.0,12,12,12,12,0,0,0,0,0.0
CFD,12,0,0,0.0,ok,,ex15,factor-l,/home/scan_SpTRSV/data/factors/spcg/ex15/spcg_spilu_l_ex15_fill10_drop0.0001_permccolamd_sp0.mtx,6867,long-chain-aware-drop,0.02,0.0,0.001,1,1,1,0,0,227017,227017,183,183,6652,6652,0,32,32,215,215,0,0.0,0.0,0.0,6447,6447,0,0.0,2925,2925,0,144,144,144,0,0.0,0,0,0,0,0.0,0,0,0,0,0.0,12,12,0,0,0,0,0,0,0,0.020969855832241154,0.020969855832241154,0.020969855832241154,0.0,0.0,0.0,0.0,0.0,0.0,0.0,0.0,0.0,0.0,0.0,0.0,0.0,0.0,0.0,6.71875,6.71875,12.0,12.0,0.0,0.0,0.0,0.0,144,144,0,0.0,12,12,12,12,0,0,0,0,0.0
CFD,12,0,0,0.0,ok,,ex15,factor-l,/home/scan_SpTRSV/data/factors/spcg/ex15/spcg_spilu_l_ex15_fill10_drop0.0001_permccolamd_sp0.mtx,6867,long-chain-aware-drop,0.02,0.0014448257178977786,0.001,-1,1,1,328,26,227017,226689,183,183,6652,6652,0,32,32,215,215,0,0.0,0.0,0.0,6447,6447,0,0.0,2925,2923,2,144,144,144,0,0.0,0,0,0,0,0.0,0,0,0,0,0.0,12,12,0,0,0,0,0,0,0,0.020969855832241154,0.020969855832241154,0.020969855832241154,0.0,0.0,0.0,0.0,0.0,0.0,0.0,0.0,0.0,0.0,0.0,0.0,0.0,0.0,0.0,6.71875,6.71875,12.0,12.0,0.0,0.0,0.0,0.0,144,144,0,0.0,12,12,12,12,0,0,0,0,0.0
CFD,12,0,0,0.0,ok,,ex15,factor-l,/home/scan_SpTRSV/data/factors/spcg/ex15/spcg_spilu_l_ex15_fill10_drop0.0001_permccolamd_sp0.mtx,6867,long-chain-aware-drop,0.02,0.0,0.01,1,1,1,0,0,227017,227017,183,183,6652,6652,0,32,32,215,215,0,0.0,0.0,0.0,6447,6447,0,0.0,2925,2925,0,144,144,144,0,0.0,0,0,0,0,0.0,0,0,0,0,0.0,12,12,0,0,0,0,0,0,0,0.020969855832241154,0.020969855832241154,0.020969855832241154,0.0,0.0,0.0,0.0,0.0,0.0,0.0,0.0,0.0,0.0,0.0,0.0,0.0,0.0,0.0,6.71875,6.71875,12.0,12.0,0.0,0.0,0.0,0.0,144,144,0,0.0,12,12,12,12,0,0,0,0,0.0
CFD,12,0,0,0.002547909313566629,ok,,ex15,factor-l,/home/scan_SpTRSV/data/factors/spcg/ex15/spcg_spilu_l_ex15_fill10_drop0.0001_permccolamd_sp0.mtx,6867,long-chain-aware-drop,0.02,0.002286172401185814,0.01,-1,1,1,519,38,227017,226498,183,187,6652,6648,4,32,32,215,219,4,0.000582495995340032,0.2547909313566629,0.002547909313566629,6447,6445,-2,-0.000291247997670016,2925,2929,-4,144,148,148,4,0.007707129094412331,0,0,0,0,0.0,0,0,0,0,0.0,12,12,0,0,0,0,0,0,0,0.020969855832241154,0.021552351827581185,0.021552351827581185,0.0005824959953400315,0.2547909313566627,0.0025479093135666268,0.0,0.0,0.0,0.0,0.0,0.0,0.0,0.0,0.0,0.0,0.0,0.0,6.71875,6.84375,12.0,12.333333333333334,0.0,0.0,0.0,0.0,144,148,4,0.002547909313566629,12,13,12,12,0,0,0,0,0.007707129094412331
CFD,12,0,0,0.0,ok,,ex15,factor-l,/home/scan_SpTRSV/data/factors/spcg/ex15/spcg_spilu_l_ex15_fill10_drop0.0001_permccolamd_sp0.mtx,6867,long-chain-aware-drop,0.05,0.0,0.0001,1,1,1,0,0,227017,227017,183,183,6652,6652,0,32,32,215,215,0,0.0,0.0,0.0,6447,6447,0,0.0,2925,2925,0,144,144,144,0,0.0,0,0,0,0,0.0,0,0,0,0,0.0,12,12,0,0,0,0,0,0,0,0.020969855832241154,0.020969855832241154,0.020969855832241154,0.0,0.0,0.0,0.0,0.0,0.0,0.0,0.0,0.0,0.0,0.0,0.0,0.0,0.0,0.0,6.71875,6.71875,12.0,12.0,0.0,0.0,0.0,0.0,144,144,0,0.0,12,12,12,12,0,0,0,0,0.0
CFD,12,0,0,0.0,ok,,ex15,factor-l,/home/scan_SpTRSV/data/factors/spcg/ex15/spcg_spilu_l_ex15_fill10_drop0.0001_permccolamd_sp0.mtx,6867,long-chain-aware-drop,0.05,0.00021143790993626027,0.0001,-1,1,1,48,18,227017,226969,183,183,6652,6652,0,32,32,215,215,0,0.0,0.0,0.0,6447,6447,0,0.0,2925,2925,0,144,144,144,0,0.0,0,0,0,0,0.0,0,0,0,0,0.0,12,12,0,0,0,0,0,0,0,0.020969855832241154,0.020969855832241154,0.020969855832241154,0.0,0.0,0.0,0.0,0.0,0.0,0.0,0.0,0.0,0.0,0.0,0.0,0.0,0.0,0.0,6.71875,6.71875,12.0,12.0,0.0,0.0,0.0,0.0,144,144,0,0.0,12,12,12,12,0,0,0,0,0.0
CFD,12,0,0,0.0,ok,,ex15,factor-l,/home/scan_SpTRSV/data/factors/spcg/ex15/spcg_spilu_l_ex15_fill10_drop0.0001_permccolamd_sp0.mtx,6867,long-chain-aware-drop,0.05,0.0,0.001,1,1,1,0,0,227017,227017,183,183,6652,6652,0,32,32,215,215,0,0.0,0.0,0.0,6447,6447,0,0.0,2925,2925,0,144,144,144,0,0.0,0,0,0,0,0.0,0,0,0,0,0.0,12,12,0,0,0,0,0,0,0,0.020969855832241154,0.020969855832241154,0.020969855832241154,0.0,0.0,0.0,0.0,0.0,0.0,0.0,0.0,0.0,0.0,0.0,0.0,0.0,0.0,0.0,6.71875,6.71875,12.0,12.0,0.0,0.0,0.0,0.0,144,144,0,0.0,12,12,12,12,0,0,0,0,0.0
CFD,12,0,0,0.0,ok,,ex15,factor-l,/home/scan_SpTRSV/data/factors/spcg/ex15/spcg_spilu_l_ex15_fill10_drop0.0001_permccolamd_sp0.mtx,6867,long-chain-aware-drop,0.05,0.0014448257178977786,0.001,-1,1,1,328,26,227017,226689,183,183,6652,6652,0,32,32,215,215,0,0.0,0.0,0.0,6447,6447,0,0.0,2925,2923,2,144,144,144,0,0.0,0,0,0,0,0.0,0,0,0,0,0.0,12,12,0,0,0,0,0,0,0,0.020969855832241154,0.020969855832241154,0.020969855832241154,0.0,0.0,0.0,0.0,0.0,0.0,0.0,0.0,0.0,0.0,0.0,0.0,0.0,0.0,0.0,6.71875,6.71875,12.0,12.0,0.0,0.0,0.0,0.0,144,144,0,0.0,12,12,12,12,0,0,0,0,0.0
CFD,12,0,0,0.0,ok,,ex15,factor-l,/home/scan_SpTRSV/data/factors/spcg/ex15/spcg_spilu_l_ex15_fill10_drop0.0001_permccolamd_sp0.mtx,6867,long-chain-aware-drop,0.05,0.0,0.01,1,1,1,0,0,227017,227017,183,183,6652,6652,0,32,32,215,215,0,0.0,0.0,0.0,6447,6447,0,0.0,2925,2925,0,144,144,144,0,0.0,0,0,0,0,0.0,0,0,0,0,0.0,12,12,0,0,0,0,0,0,0,0.020969855832241154,0.020969855832241154,0.020969855832241154,0.0,0.0,0.0,0.0,0.0,0.0,0.0,0.0,0.0,0.0,0.0,0.0,0.0,0.0,0.0,6.71875,6.71875,12.0,12.0,0.0,0.0,0.0,0.0,144,144,0,0.0,12,12,12,12,0,0,0,0,0.0
CFD,12,0,0,0.002547909313566629,ok,,ex15,factor-l,/home/scan_SpTRSV/data/factors/spcg/ex15/spcg_spilu_l_ex15_fill10_drop0.0001_permccolamd_sp0.mtx,6867,long-chain-aware-drop,0.05,0.002286172401185814,0.01,-1,1,1,519,38,227017,226498,183,187,6652,6648,4,32,32,215,219,4,0.000582495995340032,0.2547909313566629,0.002547909313566629,6447,6445,-2,-0.000291247997670016,2925,2929,-4,144,148,148,4,0.007707129094412331,0,0,0,0,0.0,0,0,0,0,0.0,12,12,0,0,0,0,0,0,0,0.020969855832241154,0.021552351827581185,0.021552351827581185,0.0005824959953400315,0.2547909313566627,0.0025479093135666268,0.0,0.0,0.0,0.0,0.0,0.0,0.0,0.0,0.0,0.0,0.0,0.0,6.71875,6.84375,12.0,12.333333333333334,0.0,0.0,0.0,0.0,144,148,4,0.002547909313566629,12,13,12,12,0,0,0,0,0.007707129094412331
CFD,12,0,0,0.0,ok,,ex15,factor-l,/home/scan_SpTRSV/data/factors/spcg/ex15/spcg_spilu_l_ex15_fill10_drop0.0001_permccolamd_sp0.mtx,6867,long-chain-aware-drop,0.1,0.0,0.0001,1,1,1,0,0,227017,227017,183,183,6652,6652,0,32,32,215,215,0,0.0,0.0,0.0,6447,6447,0,0.0,2925,2925,0,144,144,144,0,0.0,0,0,0,0,0.0,0,0,0,0,0.0,12,12,0,0,0,0,0,0,0,0.020969855832241154,0.020969855832241154,0.020969855832241154,0.0,0.0,0.0,0.0,0.0,0.0,0.0,0.0,0.0,0.0,0.0,0.0,0.0,0.0,0.0,6.71875,6.71875,12.0,12.0,0.0,0.0,0.0,0.0,144,144,0,0.0,12,12,12,12,0,0,0,0,0.0
CFD,12,0,0,0.0,ok,,ex15,factor-l,/home/scan_SpTRSV/data/factors/spcg/ex15/spcg_spilu_l_ex15_fill10_drop0.0001_permccolamd_sp0.mtx,6867,long-chain-aware-drop,0.1,0.00021143790993626027,0.0001,-1,1,1,48,18,227017,226969,183,183,6652,6652,0,32,32,215,215,0,0.0,0.0,0.0,6447,6447,0,0.0,2925,2925,0,144,144,144,0,0.0,0,0,0,0,0.0,0,0,0,0,0.0,12,12,0,0,0,0,0,0,0,0.020969855832241154,0.020969855832241154,0.020969855832241154,0.0,0.0,0.0,0.0,0.0,0.0,0.0,0.0,0.0,0.0,0.0,0.0,0.0,0.0,0.0,6.71875,6.71875,12.0,12.0,0.0,0.0,0.0,0.0,144,144,0,0.0,12,12,12,12,0,0,0,0,0.0
CFD,12,0,0,0.0,ok,,ex15,factor-l,/home/scan_SpTRSV/data/factors/spcg/ex15/spcg_spilu_l_ex15_fill10_drop0.0001_permccolamd_sp0.mtx,6867,long-chain-aware-drop,0.1,0.0,0.001,1,1,1,0,0,227017,227017,183,183,6652,6652,0,32,32,215,215,0,0.0,0.0,0.0,6447,6447,0,0.0,2925,2925,0,144,144,144,0,0.0,0,0,0,0,0.0,0,0,0,0,0.0,12,12,0,0,0,0,0,0,0,0.020969855832241154,0.020969855832241154,0.020969855832241154,0.0,0.0,0.0,0.0,0.0,0.0,0.0,0.0,0.0,0.0,0.0,0.0,0.0,0.0,0.0,6.71875,6.71875,12.0,12.0,0.0,0.0,0.0,0.0,144,144,0,0.0,12,12,12,12,0,0,0,0,0.0
CFD,12,0,0,0.0,ok,,ex15,factor-l,/home/scan_SpTRSV/data/factors/spcg/ex15/spcg_spilu_l_ex15_fill10_drop0.0001_permccolamd_sp0.mtx,6867,long-chain-aware-drop,0.1,0.0014448257178977786,0.001,-1,1,1,328,26,227017,226689,183,183,6652,6652,0,32,32,215,215,0,0.0,0.0,0.0,6447,6447,0,0.0,2925,2923,2,144,144,144,0,0.0,0,0,0,0,0.0,0,0,0,0,0.0,12,12,0,0,0,0,0,0,0,0.020969855832241154,0.020969855832241154,0.020969855832241154,0.0,0.0,0.0,0.0,0.0,0.0,0.0,0.0,0.0,0.0,0.0,0.0,0.0,0.0,0.0,6.71875,6.71875,12.0,12.0,0.0,0.0,0.0,0.0,144,144,0,0.0,12,12,12,12,0,0,0,0,0.0
CFD,12,0,0,0.0,ok,,ex15,factor-l,/home/scan_SpTRSV/data/factors/spcg/ex15/spcg_spilu_l_ex15_fill10_drop0.0001_permccolamd_sp0.mtx,6867,long-chain-aware-drop,0.1,0.0,0.01,1,1,1,0,0,227017,227017,183,183,6652,6652,0,32,32,215,215,0,0.0,0.0,0.0,6447,6447,0,0.0,2925,2925,0,144,144,144,0,0.0,0,0,0,0,0.0,0,0,0,0,0.0,12,12,0,0,0,0,0,0,0,0.020969855832241154,0.020969855832241154,0.020969855832241154,0.0,0.0,0.0,0.0,0.0,0.0,0.0,0.0,0.0,0.0,0.0,0.0,0.0,0.0,0.0,6.71875,6.71875,12.0,12.0,0.0,0.0,0.0,0.0,144,144,0,0.0,12,12,12,12,0,0,0,0,0.0
CFD,12,0,0,0.002547909313566629,ok,,ex15,factor-l,/home/scan_SpTRSV/data/factors/spcg/ex15/spcg_spilu_l_ex15_fill10_drop0.0001_permccolamd_sp0.mtx,6867,long-chain-aware-drop,0.1,0.002286172401185814,0.01,-1,1,1,519,38,227017,226498,183,187,6652,6648,4,32,32,215,219,4,0.000582495995340032,0.2547909313566629,0.002547909313566629,6447,6445,-2,-0.000291247997670016,2925,2929,-4,144,148,148,4,0.007707129094412331,0,0,0,0,0.0,0,0,0,0,0.0,12,12,0,0,0,0,0,0,0,0.020969855832241154,0.021552351827581185,0.021552351827581185,0.0005824959953400315,0.2547909313566627,0.0025479093135666268,0.0,0.0,0.0,0.0,0.0,0.0,0.0,0.0,0.0,0.0,0.0,0.0,6.71875,6.84375,12.0,12.333333333333334,0.0,0.0,0.0,0.0,144,148,4,0.002547909313566629,12,13,12,12,0,0,0,0,0.007707129094412331
CFD,0,0,0,0.0,ok,,raefsky3,factor-l,/home/scan_SpTRSV/data/factors/spcg/raefsky3/spcg_spilu_l_raefsky3_fill10_drop0.0001_permccolamd_sp0.mtx,21200,no-drop,0.0,0.0,,0,1,1,0,0,4211306,4211306,19,19,21154,21154,0,19,19,38,38,0,0.0,0.0,0.0,21043,21043,0,0.0,10210,10210,0,0,0,0,0,0.0,0,0,0,0,0.0,0,0,0,0,0.0,0,0,0,0,0,0,0,0,0,0.0,0.0,0.0,0.0,0.0,0.0,0.0,0.0,0.0,0.0,0.0,0.0,0.0,0.0,0.0,0.0,0.0,0.0,2.0,2.0,0.0,0.0,0.0,0.0,0.0,0.0,0,0,0,0.0,2,2,0,0,0,0,0,0,0.0
CFD,0,0,0,0.0,ok,,raefsky3,factor-l,/home/scan_SpTRSV/data/factors/spcg/raefsky3/spcg_spilu_l_raefsky3_fill10_drop0.0001_permccolamd_sp0.mtx,21200,magnitude-drop,0.01,0.004738197604258631,0.0001,1,1,1,19954,19954,4211306,4191352,19,23,21154,21150,4,19,15,38,30,-8,-0.0003773584905660377,-0.07964177986727965,-0.0007964177986727964,21043,20946,-97,-0.004575471698113207,10210,10150,60,0,0,0,0,0.0,0,0,0,0,0.0,0,0,0,0,0.0,0,0,0,0,0,0,0,0,0,0.0,0.0,0.0,0.0,0.0,0.0,0.0,0.0,0.0,0.0,0.0,0.0,0.0,0.0,0.0,0.0,0.0,0.0,2.0,2.0,0.0,0.0,0.0,0.0,0.0,0.0,0,0,0,0.0,2,2,0,0,0,0,0,0,-0.00040092212087801946
CFD,0,0,0,0.0,ok,,raefsky3,factor-l,/home/scan_SpTRSV/data/factors/spcg/raefsky3/spcg_spilu_l_raefsky3_fill10_drop0.0001_permccolamd_sp0.mtx,21200,magnitude-drop,0.01,0.009999985752638255,0.0001,-1,1,1,42113,6937,4211306,4169193,19,19,21154,21154,0,19,19,38,38,0,0.0,0.0,0.0,21043,20998,-45,-0.0021226415094339622,10210,10201,9,0,0,0,0,0.0,0,0,0,0,0.0,0,0,0,0,0.0,0,0,0,0,0,0,0,0,0,0.0,0.0,0.0,0.0,0.0,0.0,0.0,0.0,0.0,0.0,0.0,0.0,0.0,0.0,0.0,0.0,0.0,0.0,2.0,2.0,0.0,0.0,0.0,0.0,0.0,0.0,0,0,0,0.0,2,2,0,0,0,0,0,0,0.0
CFD,0,0,0,0.0,ok,,raefsky3,factor-l,/home/scan_SpTRSV/data/factors/spcg/raefsky3/spcg_spilu_l_raefsky3_fill10_drop0.0001_permccolamd_sp0.mtx,21200,magnitude-drop,0.01,0.004777615305085881,0.001,1,1,1,20120,20120,4211306,4191186,19,23,21154,21150,4,19,15,38,30,-8,-0.0003773584905660377,-0.07898469559998499,-0.0007898469559998499,21043,20946,-97,-0.004575471698113207,10210,10150,60,0,0,0,0,0.0,0,0,0,0,0.0,0,0,0,0,0.0,0,0,0,0,0,0,0,0,0,0.0,0.0,0.0,0.0,0.0,0.0,0.0,0.0,0.0,0.0,0.0,0.0,0.0,0.0,0.0,0.0,0.0,0.0,2.0,2.0,0.0,0.0,0.0,0.0,0.0,0.0,0,0,0,0.0,2,2,0,0,0,0,0,0,-0.00039761431411530816
CFD,0,0,0,0.0,ok,,raefsky3,factor-l,/home/scan_SpTRSV/data/factors/spcg/raefsky3/spcg_spilu_l_raefsky3_fill10_drop0.0001_permccolamd_sp0.mtx,21200,magnitude-drop,0.01,0.009999985752638255,0.001,-1,1,1,42113,6937,4211306,4169193,19,19,21154,21154,0,19,19,38,38,0,0.0,0.0,0.0,21043,20998,-45,-0.0021226415094339622,10210,10201,9,0,0,0,0,0.0,0,0,0,0,0.0,0,0,0,0,0.0,0,0,0,0,0,0,0,0,0,0.0,0.0,0.0,0.0,0.0,0.0,0.0,0.0,0.0,0.0,0.0,0.0,0.0,0.0,0.0,0.0,0.0,0.0,2.0,2.0,0.0,0.0,0.0,0.0,0.0,0.0,0,0,0,0.0,2,2,0,0,0,0,0,0,0.0
CFD,0,0,0,0.0,ok,,raefsky3,factor-l,/home/scan_SpTRSV/data/factors/spcg/raefsky3/spcg_spilu_l_raefsky3_fill10_drop0.0001_permccolamd_sp0.mtx,21200,magnitude-drop,0.01,0.00480397292431374,0.01,1,1,1,20231,20231,4211306,4191075,19,23,21154,21150,4,19,15,38,30,-8,-0.0003773584905660377,-0.07855133584458,-0.0007855133584458,21043,20938,-105,-0.004952830188679245,10210,10144,66,0,0,0,0,0.0,0,0,0,0,0.0,0,0,0,0,0.0,0,0,0,0,0,0,0,0,0,0.0,0.0,0.0,0.0,0.0,0.0,0.0,0.0,0.0,0.0,0.0,0.0,0.0,0.0,0.0,0.0,0.0,0.0,2.0,2.0,0.0,0.0,0.0,0.0,0.0,0.0,0,0,0,0.0,2,2,0,0,0,0,0,0,-0.000395432751717661
CFD,0,0,0,0.0,ok,,raefsky3,factor-l,/home/scan_SpTRSV/data/factors/spcg/raefsky3/spcg_spilu_l_raefsky3_fill10_drop0.0001_permccolamd_sp0.mtx,21200,magnitude-drop,0.01,0.009999985752638255,0.01,-1,1,1,42113,6937,4211306,4169193,19,19,21154,21154,0,19,19,38,38,0,0.0,0.0,0.0,21043,20998,-45,-0.0021226415094339622,10210,10201,9,0,0,0,0,0.0,0,0,0,0,0.0,0,0,0,0,0.0,0,0,0,0,0,0,0,0,0,0.0,0.0,0.0,0.0,0.0,0.0,0.0,0.0,0.0,0.0,0.0,0.0,0.0,0.0,0.0,0.0,0.0,0.0,2.0,2.0,0.0,0.0,0.0,0.0,0.0,0.0,0,0,0,0.0,2,2,0,0,0,0,0,0,0.0
CFD,0,0,0,0.0,ok,,raefsky3,factor-l,/home/scan_SpTRSV/data/factors/spcg/raefsky3/spcg_spilu_l_raefsky3_fill10_drop0.0001_permccolamd_sp0.mtx,21200,magnitude-drop,0.02,0.004738197604258631,0.0001,1,1,1,19954,19954,4211306,4191352,19,23,21154,21150,4,19,15,38,30,-8,-0.0003773584905660377,-0.07964177986727965,-0.0007964177986727964,21043,20946,-97,-0.004575471698113207,10210,10150,60,0,0,0,0,0.0,0,0,0,0,0.0,0,0,0,0,0.0,0,0,0,0,0,0,0,0,0,0.0,0.0,0.0,0.0,0.0,0.0,0.0,0.0,0.0,0.0,0.0,0.0,0.0,0.0,0.0,0.0,0.0,0.0,2.0,2.0,0.0,0.0,0.0,0.0,0.0,0.0,0,0,0,0.0,2,2,0,0,0,0,0,0,-0.00040092212087801946
CFD,0,0,0,0.0,ok,,raefsky3,factor-l,/home/scan_SpTRSV/data/factors/spcg/raefsky3/spcg_spilu_l_raefsky3_fill10_drop0.0001_permccolamd_sp0.mtx,21200,magnitude-drop,0.02,0.01999997150527651,0.0001,-1,1,1,84226,9481,4211306,4127080,19,19,21154,21154,0,19,19,38,38,0,0.0,0.0,0.0,21043,20949,-94,-0.004433962264150944,10210,10183,27,0,0,0,0,0.0,0,0,0,0,0.0,0,0,0,0,0.0,0,0,0,0,0,0,0,0,0,0.0,0.0,0.0,0.0,0.0,0.0,0.0,0.0,0.0,0.0,0.0,0.0,0.0,0.0,0.0,0.0,0.0,0.0,2.0,2.0,0.0,0.0,0.0,0.0,0.0,0.0,0,0,0,0.0,2,2,0,0,0,0,0,0,0.0
CFD,0,0,0,0.0,ok,,raefsky3,factor-l,/home/scan_SpTRSV/data/factors/spcg/raefsky3/spcg_spilu_l_raefsky3_fill10_drop0.0001_permccolamd_sp0.mtx,21200,magnitude-drop,0.02,0.004777615305085881,0.001,1,1,1,20120,20120,4211306,4191186,19,23,21154,21150,4,19,15,38,30,-8,-0.0003773584905660377,-0.07898469559998499,-0.0007898469559998499,21043,20946,-97,-0.004575471698113207,10210,10150,60,0,0,0,0,0.0,0,0,0,0,0.0,0,0,0,0,0.0,0,0,0,0,0,0,0,0,0,0.0,0.0,0.0,0.0,0.0,0.0,0.0,0.0,0.0,0.0,0.0,0.0,0.0,0.0,0.0,0.0,0.0,0.0,2.0,2.0,0.0,0.0,0.0,0.0,0.0,0.0,0,0,0,0.0,2,2,0,0,0,0,0,0,-0.00039761431411530816
CFD,0,0,0,0.0,ok,,raefsky3,factor-l,/home/scan_SpTRSV/data/factors/spcg/raefsky3/spcg_spilu_l_raefsky3_fill10_drop0.0001_permccolamd_sp0.mtx,21200,magnitude-drop,0.02,0.01999997150527651,0.001,-1,1,1,84226,9481,4211306,4127080,19,19,21154,21154,0,19,19,38,38,0,0.0,0.0,0.0,21043,20949,-94,-0.004433962264150944,10210,10183,27,0,0,0,0,0.0,0,0,0,0,0.0,0,0,0,0,0.0,0,0,0,0,0,0,0,0,0,0.0,0.0,0.0,0.0,0.0,0.0,0.0,0.0,0.0,0.0,0.0,0.0,0.0,0.0,0.0,0.0,0.0,0.0,2.0,2.0,0.0,0.0,0.0,0.0,0.0,0.0,0,0,0,0.0,2,2,0,0,0,0,0,0,0.0
CFD,0,0,0,0.0,ok,,raefsky3,factor-l,/home/scan_SpTRSV/data/factors/spcg/raefsky3/spcg_spilu_l_raefsky3_fill10_drop0.0001_permccolamd_sp0.mtx,21200,magnitude-drop,0.02,0.00480397292431374,0.01,1,1,1,20231,20231,4211306,4191075,19,23,21154,21150,4,19,15,38,30,-8,-0.0003773584905660377,-0.07855133584458,-0.0007855133584458,21043,20938,-105,-0.004952830188679245,10210,10144,66,0,0,0,0,0.0,0,0,0,0,0.0,0,0,0,0,0.0,0,0,0,0,0,0,0,0,0,0.0,0.0,0.0,0.0,0.0,0.0,0.0,0.0,0.0,0.0,0.0,0.0,0.0,0.0,0.0,0.0,0.0,0.0,2.0,2.0,0.0,0.0,0.0,0.0,0.0,0.0,0,0,0,0.0,2,2,0,0,0,0,0,0,-0.000395432751717661
CFD,0,0,0,0.0,ok,,raefsky3,factor-l,/home/scan_SpTRSV/data/factors/spcg/raefsky3/spcg_spilu_l_raefsky3_fill10_drop0.0001_permccolamd_sp0.mtx,21200,magnitude-drop,0.02,0.01999997150527651,0.01,-1,1,1,84226,9481,4211306,4127080,19,19,21154,21154,0,19,19,38,38,0,0.0,0.0,0.0,21043,20949,-94,-0.004433962264150944,10210,10183,27,0,0,0,0,0.0,0,0,0,0,0.0,0,0,0,0,0.0,0,0,0,0,0,0,0,0,0,0.0,0.0,0.0,0.0,0.0,0.0,0.0,0.0,0.0,0.0,0.0,0.0,0.0,0.0,0.0,0.0,0.0,0.0,2.0,2.0,0.0,0.0,0.0,0.0,0.0,0.0,0,0,0,0.0,2,2,0,0,0,0,0,0,0.0
CFD,0,0,0,0.0,ok,,raefsky3,factor-l,/home/scan_SpTRSV/data/factors/spcg/raefsky3/spcg_spilu_l_raefsky3_fill10_drop0.0001_permccolamd_sp0.mtx,21200,magnitude-drop,0.05,0.004738197604258631,0.0001,1,1,1,19954,19954,4211306,4191352,19,23,21154,21150,4,19,15,38,30,-8,-0.0003773584905660377,-0.07964177986727965,-0.0007964177986727964,21043,20946,-97,-0.004575471698113207,10210,10150,60,0,0,0,0,0.0,0,0,0,0,0.0,0,0,0,0,0.0,0,0,0,0,0,0,0,0,0,0.0,0.0,0.0,0.0,0.0,0.0,0.0,0.0,0.0,0.0,0.0,0.0,0.0,0.0,0.0,0.0,0.0,0.0,2.0,2.0,0.0,0.0,0.0,0.0,0.0,0.0,0,0,0,0.0,2,2,0,0,0,0,0,0,-0.00040092212087801946
CFD,0,0,0,0.0,ok,,raefsky3,factor-l,/home/scan_SpTRSV/data/factors/spcg/raefsky3/spcg_spilu_l_raefsky3_fill10_drop0.0001_permccolamd_sp0.mtx,21200,magnitude-drop,0.05,0.04999992876319127,0.0001,-1,1,1,210565,12348,4211306,4000741,19,19,21154,21154,0,19,19,38,38,0,0.0,0.0,0.0,21043,20821,-222,-0.010471698113207547,10210,10117,93,0,0,0,0,0.0,0,0,0,0,0.0,0,0,0,0,0.0,0,0,0,0,0,0,0,0,0,0.0,0.0,0.0,0.0,0.0,0.0,0.0,0.0,0.0,0.0,0.0,0.0,0.0,0.0,0.0,0.0,0.0,0.0,2.0,2.0,0.0,0.0,0.0,0.0,0.0,0.0,0,0,0,0.0,2,2,0,0,0,0,0,0,0.0
CFD,0,0,0,0.0,ok,,raefsky3,factor-l,/home/scan_SpTRSV/data/factors/spcg/raefsky3/spcg_spilu_l_raefsky3_fill10_drop0.0001_permccolamd_sp0.mtx,21200,magnitude-drop,0.05,0.004777615305085881,0.001,1,1,1,20120,20120,4211306,4191186,19,23,21154,21150,4,19,15,38,30,-8,-0.0003773584905660377,-0.07898469559998499,-0.0007898469559998499,21043,20946,-97,-0.004575471698113207,10210,10150,60,0,0,0,0,0.0,0,0,0,0,0.0,0,0,0,0,0.0,0,0,0,0,0,0,0,0,0,0.0,0.0,0.0,0.0,0.0,0.0,0.0,0.0,0.0,0.0,0.0,0.0,0.0,0.0,0.0,0.0,0.0,0.0,2.0,2.0,0.0,0.0,0.0,0.0,0.0,0.0,0,0,0,0.0,2,2,0,0,0,0,0,0,-0.00039761431411530816
CFD,0,0,0,0.0,ok,,raefsky3,factor-l,/home/scan_SpTRSV/data/factors/spcg/raefsky3/spcg_spilu_l_raefsky3_fill10_drop0.0001_permccolamd_sp0.mtx,21200,magnitude-drop,0.05,0.04999992876319127,0.001,-1,1,1,210565,12348,4211306,4000741,19,19,21154,21154,0,19,19,38,38,0,0.0,0.0,0.0,21043,20821,-222,-0.010471698113207547,10210,10117,93,0,0,0,0,0.0,0,0,0,0,0.0,0,0,0,0,0.0,0,0,0,0,0,0,0,0,0,0.0,0.0,0.0,0.0,0.0,0.0,0.0,0.0,0.0,0.0,0.0,0.0,0.0,0.0,0.0,0.0,0.0,0.0,2.0,2.0,0.0,0.0,0.0,0.0,0.0,0.0,0,0,0,0.0,2,2,0,0,0,0,0,0,0.0
CFD,0,0,0,0.0,ok,,raefsky3,factor-l,/home/scan_SpTRSV/data/factors/spcg/raefsky3/spcg_spilu_l_raefsky3_fill10_drop0.0001_permccolamd_sp0.mtx,21200,magnitude-drop,0.05,0.00480397292431374,0.01,1,1,1,20231,20231,4211306,4191075,19,23,21154,21150,4,19,15,38,30,-8,-0.0003773584905660377,-0.07855133584458,-0.0007855133584458,21043,20938,-105,-0.004952830188679245,10210,10144,66,0,0,0,0,0.0,0,0,0,0,0.0,0,0,0,0,0.0,0,0,0,0,0,0,0,0,0,0.0,0.0,0.0,0.0,0.0,0.0,0.0,0.0,0.0,0.0,0.0,0.0,0.0,0.0,0.0,0.0,0.0,0.0,2.0,2.0,0.0,0.0,0.0,0.0,0.0,0.0,0,0,0,0.0,2,2,0,0,0,0,0,0,-0.000395432751717661
CFD,0,0,0,0.0,ok,,raefsky3,factor-l,/home/scan_SpTRSV/data/factors/spcg/raefsky3/spcg_spilu_l_raefsky3_fill10_drop0.0001_permccolamd_sp0.mtx,21200,magnitude-drop,0.05,0.04999992876319127,0.01,-1,1,1,210565,12348,4211306,4000741,19,19,21154,21154,0,19,19,38,38,0,0.0,0.0,0.0,21043,20821,-222,-0.010471698113207547,10210,10117,93,0,0,0,0,0.0,0,0,0,0,0.0,0,0,0,0,0.0,0,0,0,0,0,0,0,0,0,0.0,0.0,0.0,0.0,0.0,0.0,0.0,0.0,0.0,0.0,0.0,0.0,0.0,0.0,0.0,0.0,0.0,0.0,2.0,2.0,0.0,0.0,0.0,0.0,0.0,0.0,0,0,0,0.0,2,2,0,0,0,0,0,0,0.0
CFD,0,0,0,0.0,ok,,raefsky3,factor-l,/home/scan_SpTRSV/data/factors/spcg/raefsky3/spcg_spilu_l_raefsky3_fill10_drop0.0001_permccolamd_sp0.mtx,21200,magnitude-drop,0.1,0.004738197604258631,0.0001,1,1,1,19954,19954,4211306,4191352,19,23,21154,21150,4,19,15,38,30,-8,-0.0003773584905660377,-0.07964177986727965,-0.0007964177986727964,21043,20946,-97,-0.004575471698113207,10210,10150,60,0,0,0,0,0.0,0,0,0,0,0.0,0,0,0,0,0.0,0,0,0,0,0,0,0,0,0,0.0,0.0,0.0,0.0,0.0,0.0,0.0,0.0,0.0,0.0,0.0,0.0,0.0,0.0,0.0,0.0,0.0,0.0,2.0,2.0,0.0,0.0,0.0,0.0,0.0,0.0,0,0,0,0.0,2,2,0,0,0,0,0,0,-0.00040092212087801946
CFD,0,0,0,0.0,ok,,raefsky3,factor-l,/home/scan_SpTRSV/data/factors/spcg/raefsky3/spcg_spilu_l_raefsky3_fill10_drop0.0001_permccolamd_sp0.mtx,21200,magnitude-drop,0.1,0.09999985752638255,0.0001,-1,1,1,421130,15231,4211306,3790176,19,19,21154,21154,0,19,19,38,38,0,0.0,0.0,0.0,21043,20427,-616,-0.029056603773584905,10210,9908,302,0,0,0,0,0.0,0,0,0,0,0.0,0,0,0,0,0.0,0,0,0,0,0,0,0,0,0,0.0,0.0,0.0,0.0,0.0,0.0,0.0,0.0,0.0,0.0,0.0,0.0,0.0,0.0,0.0,0.0,0.0,0.0,2.0,2.0,0.0,0.0,0.0,0.0,0.0,0.0,0,0,0,0.0,2,2,0,0,0,0,0,0,0.0
CFD,0,0,0,0.0,ok,,raefsky3,factor-l,/home/scan_SpTRSV/data/factors/spcg/raefsky3/spcg_spilu_l_raefsky3_fill10_drop0.0001_permccolamd_sp0.mtx,21200,magnitude-drop,0.1,0.004777615305085881,0.001,1,1,1,20120,20120,4211306,4191186,19,23,21154,21150,4,19,15,38,30,-8,-0.0003773584905660377,-0.07898469559998499,-0.0007898469559998499,21043,20946,-97,-0.004575471698113207,10210,10150,60,0,0,0,0,0.0,0,0,0,0,0.0,0,0,0,0,0.0,0,0,0,0,0,0,0,0,0,0.0,0.0,0.0,0.0,0.0,0.0,0.0,0.0,0.0,0.0,0.0,0.0,0.0,0.0,0.0,0.0,0.0,0.0,2.0,2.0,0.0,0.0,0.0,0.0,0.0,0.0,0,0,0,0.0,2,2,0,0,0,0,0,0,-0.00039761431411530816
CFD,0,0,0,0.0,ok,,raefsky3,factor-l,/home/scan_SpTRSV/data/factors/spcg/raefsky3/spcg_spilu_l_raefsky3_fill10_drop0.0001_permccolamd_sp0.mtx,21200,magnitude-drop,0.1,0.09999985752638255,0.001,-1,1,1,421130,15231,4211306,3790176,19,19,21154,21154,0,19,19,38,38,0,0.0,0.0,0.0,21043,20427,-616,-0.029056603773584905,10210,9908,302,0,0,0,0,0.0,0,0,0,0,0.0,0,0,0,0,0.0,0,0,0,0,0,0,0,0,0,0.0,0.0,0.0,0.0,0.0,0.0,0.0,0.0,0.0,0.0,0.0,0.0,0.0,0.0,0.0,0.0,0.0,0.0,2.0,2.0,0.0,0.0,0.0,0.0,0.0,0.0,0,0,0,0.0,2,2,0,0,0,0,0,0,0.0
CFD,0,0,0,0.0,ok,,raefsky3,factor-l,/home/scan_SpTRSV/data/factors/spcg/raefsky3/spcg_spilu_l_raefsky3_fill10_drop0.0001_permccolamd_sp0.mtx,21200,magnitude-drop,0.1,0.00480397292431374,0.01,1,1,1,20231,20231,4211306,4191075,19,23,21154,21150,4,19,15,38,30,-8,-0.0003773584905660377,-0.07855133584458,-0.0007855133584458,21043,20938,-105,-0.004952830188679245,10210,10144,66,0,0,0,0,0.0,0,0,0,0,0.0,0,0,0,0,0.0,0,0,0,0,0,0,0,0,0,0.0,0.0,0.0,0.0,0.0,0.0,0.0,0.0,0.0,0.0,0.0,0.0,0.0,0.0,0.0,0.0,0.0,0.0,2.0,2.0,0.0,0.0,0.0,0.0,0.0,0.0,0,0,0,0.0,2,2,0,0,0,0,0,0,-0.000395432751717661
CFD,0,0,0,0.0,ok,,raefsky3,factor-l,/home/scan_SpTRSV/data/factors/spcg/raefsky3/spcg_spilu_l_raefsky3_fill10_drop0.0001_permccolamd_sp0.mtx,21200,magnitude-drop,0.1,0.09999985752638255,0.01,-1,1,1,421130,15231,4211306,3790176,19,19,21154,21154,0,19,19,38,38,0,0.0,0.0,0.0,21043,20427,-616,-0.029056603773584905,10210,9908,302,0,0,0,0,0.0,0,0,0,0,0.0,0,0,0,0,0.0,0,0,0,0,0,0,0,0,0,0.0,0.0,0.0,0.0,0.0,0.0,0.0,0.0,0.0,0.0,0.0,0.0,0.0,0.0,0.0,0.0,0.0,0.0,2.0,2.0,0.0,0.0,0.0,0.0,0.0,0.0,0,0,0,0.0,2,2,0,0,0,0,0,0,0.0
CFD,0,0,0,0.0,ok,,raefsky3,factor-l,/home/scan_SpTRSV/data/factors/spcg/raefsky3/spcg_spilu_l_raefsky3_fill10_drop0.0001_permccolamd_sp0.mtx,21200,wavefront-oriented,0.01,0.004738197604258631,0.0001,1,1,1,19954,19954,4211306,4191352,19,23,21154,21150,4,19,15,38,30,-8,-0.0003773584905660377,-0.07964177986727965,-0.0007964177986727964,21043,10807,-10236,-0.48283018867924526,10210,5130,5080,0,0,0,0,0.0,0,0,0,0,0.0,0,0,0,0,0.0,0,0,0,0,0,0,0,0,0,0.0,0.0,0.0,0.0,0.0,0.0,0.0,0.0,0.0,0.0,0.0,0.0,0.0,0.0,0.0,0.0,0.0,0.0,2.0,2.0,0.0,0.0,0.0,0.0,0.0,0.0,0,0,0,0.0,2,2,0,0,0,0,0,0,-0.00040092212087801946
CFD,0,0,0,0.0,ok,,raefsky3,factor-l,/home/scan_SpTRSV/data/factors/spcg/raefsky3/spcg_spilu_l_raefsky3_fill10_drop0.0001_permccolamd_sp0.mtx,21200,wavefront-oriented,0.01,0.009999985752638255,0.0001,-1,1,1,42113,2874,4211306,4169193,19,24,21154,21149,5,19,20,38,40,2,9.433962264150943e-05,0.0094339757050774,9.433975705077399e-05,21043,17216,-3827,-0.18051886792452831,10210,6763,3447,0,0,0,0,0.0,0,0,0,0,0.0,0,0,0,0,0.0,0,0,0,0,0,0,0,0,0,0.0,0.0,0.0,0.0,0.0,0.0,0.0,0.0,0.0,0.0,0.0,0.0,0.0,0.0,0.0,0.0,0.0,0.0,2.0,2.0,0.0,0.0,0.0,0.0,0.0,0.0,0,0,0,0.0,2,2,0,0,0,0,0,0,4.749127347849833e-05
CFD,0,0,0,0.0,ok,,raefsky3,factor-l,/home/scan_SpTRSV/data/factors/spcg/raefsky3/spcg_spilu_l_raefsky3_fill10_drop0.0001_permccolamd_sp0.mtx,21200,wavefront-oriented,0.01,0.004777615305085881,0.001,1,1,1,20120,20120,4211306,4191186,19,23,21154,21150,4,19,15,38,30,-8,-0.0003773584905660377,-0.07898469559998499,-0.0007898469559998499,21043,10777,-10266,-0.48424528301886793,10210,5071,5139,0,0,0,0,0.0,0,0,0,0,0.0,0,0,0,0,0.0,0,0,0,0,0,0,0,0,0,0.0,0.0,0.0,0.0,0.0,0.0,0.0,0.0,0.0,0.0,0.0,0.0,0.0,0.0,0.0,0.0,0.0,0.0,2.0,2.0,0.0,0.0,0.0,0.0,0.0,0.0,0,0,0,0.0,2,2,0,0,0,0,0,0,-0.00039761431411530816
CFD,0,0,0,0.0,ok,,raefsky3,factor-l,/home/scan_SpTRSV/data/factors/spcg/raefsky3/spcg_spilu_l_raefsky3_fill10_drop0.0001_permccolamd_sp0.mtx,21200,wavefront-oriented,0.01,0.009999985752638255,0.001,-1,1,1,42113,2737,4211306,4169193,19,24,21154,21149,5,19,20,38,40,2,9.433962264150943e-05,0.0094339757050774,9.433975705077399e-05,21043,17219,-3824,-0.18037735849056605,10210,6782,3428,0,0,0,0,0.0,0,0,0,0,0.0,0,0,0,0,0.0,0,0,0,0,0,0,0,0,0,0.0,0.0,0.0,0.0,0.0,0.0,0.0,0.0,0.0,0.0,0.0,0.0,0.0,0.0,0.0,0.0,0.0,0.0,2.0,2.0,0.0,0.0,0.0,0.0,0.0,0.0,0,0,0,0.0,2,2,0,0,0,0,0,0,4.749127347849833e-05
CFD,0,0,0,0.0,ok,,raefsky3,factor-l,/home/scan_SpTRSV/data/factors/spcg/raefsky3/spcg_spilu_l_raefsky3_fill10_drop0.0001_permccolamd_sp0.mtx,21200,wavefront-oriented,0.01,0.00480397292431374,0.01,1,1,1,20231,20231,4211306,4191075,19,23,21154,21150,4,19,15,38,30,-8,-0.0003773584905660377,-0.07855133584458,-0.0007855133584458,21043,10941,-10102,-0.47650943396226414,10210,4678,5532,0,0,0,0,0.0,0,0,0,0,0.0,0,0,0,0,0.0,0,0,0,0,0,0,0,0,0,0.0,0.0,0.0,0.0,0.0,0.0,0.0,0.0,0.0,0.0,0.0,0.0,0.0,0.0,0.0,0.0,0.0,0.0,2.0,2.0,0.0,0.0,0.0,0.0,0.0,0.0,0,0,0,0.0,2,2,0,0,0,0,0,0,-0.000395432751717661
CFD,0,0,0,0.0,ok,,raefsky3,factor-l,/home/scan_SpTRSV/data/factors/spcg/raefsky3/spcg_spilu_l_raefsky3_fill10_drop0.0001_permccolamd_sp0.mtx,21200,wavefront-oriented,0.01,0.009999985752638255,0.01,-1,1,1,42113,2890,4211306,4169193,19,25,21154,21148,6,19,19,38,38,0,0.0,0.0,0.0,21043,17220,-3823,-0.18033018867924527,10210,6943,3267,0,0,0,0,0.0,0,0,0,0,0.0,0,0,0,0,0.0,0,0,0,0,0,0,0,0,0,0.0,0.0,0.0,0.0,0.0,0.0,0.0,0.0,0.0,0.0,0.0,0.0,0.0,0.0,0.0,0.0,0.0,0.0,2.0,2.0,0.0,0.0,0.0,0.0,0.0,0.0,0,0,0,0.0,2,2,0,0,0,0,0,0,0.0
CFD,0,0,0,0.0,ok,,raefsky3,factor-l,/home/scan_SpTRSV/data/factors/spcg/raefsky3/spcg_spilu_l_raefsky3_fill10_drop0.0001_permccolamd_sp0.mtx,21200,wavefront-oriented,0.02,0.004738197604258631,0.0001,1,1,1,19954,19954,4211306,4191352,19,23,21154,21150,4,19,15,38,30,-8,-0.0003773584905660377,-0.07964177986727965,-0.0007964177986727964,21043,10807,-10236,-0.48283018867924526,10210,5130,5080,0,0,0,0,0.0,0,0,0,0,0.0,0,0,0,0,0.0,0,0,0,0,0,0,0,0,0,0.0,0.0,0.0,0.0,0.0,0.0,0.0,0.0,0.0,0.0,0.0,0.0,0.0,0.0,0.0,0.0,0.0,0.0,2.0,2.0,0.0,0.0,0.0,0.0,0.0,0.0,0,0,0,0.0,2,2,0,0,0,0,0,0,-0.00040092212087801946
CFD,0,0,0,0.0,ok,,raefsky3,factor-l,/home/scan_SpTRSV/data/factors/spcg/raefsky3/spcg_spilu_l_raefsky3_fill10_drop0.0001_permccolamd_sp0.mtx,21200,wavefront-oriented,0.02,0.01999997150527651,0.0001,-1,1,1,84226,3513,4211306,4127080,19,25,21154,21148,6,19,21,38,42,4,0.00018867924528301886,0.0094339757050774,9.433975705077399e-05,21043,16832,-4211,-0.19863207547169812,10210,6578,3632,0,0,0,0,0.0,0,0,0,0,0.0,0,0,0,0,0.0,0,0,0,0,0,0,0,0,0,0.0,0.0,0.0,0.0,0.0,0.0,0.0,0.0,0.0,0.0,0.0,0.0,0.0,0.0,0.0,0.0,0.0,0.0,2.0,2.0,0.0,0.0,0.0,0.0,0.0,0.0,0,0,0,0.0,2,2,0,0,0,0,0,0,4.749127347849833e-05
CFD,0,0,0,0.0,ok,,raefsky3,factor-l,/home/scan_SpTRSV/data/factors/spcg/raefsky3/spcg_spilu_l_raefsky3_fill10_drop0.0001_permccolamd_sp0.mtx,21200,wavefront-oriented,0.02,0.004777615305085881,0.001,1,1,1,20120,20120,4211306,4191186,19,23,21154,21150,4,19,15,38,30,-8,-0.0003773584905660377,-0.07898469559998499,-0.0007898469559998499,21043,10777,-10266,-0.48424528301886793,10210,5071,5139,0,0,0,0,0.0,0,0,0,0,0.0,0,0,0,0,0.0,0,0,0,0,0,0,0,0,0,0.0,0.0,0.0,0.0,0.0,0.0,0.0,0.0,0.0,0.0,0.0,0.0,0.0,0.0,0.0,0.0,0.0,0.0,2.0,2.0,0.0,0.0,0.0,0.0,0.0,0.0,0,0,0,0.0,2,2,0,0,0,0,0,0,-0.00039761431411530816
CFD,0,0,0,0.0,ok,,raefsky3,factor-l,/home/scan_SpTRSV/data/factors/spcg/raefsky3/spcg_spilu_l_raefsky3_fill10_drop0.0001_permccolamd_sp0.mtx,21200,wavefront-oriented,0.02,0.01999997150527651,0.001,-1,1,1,84226,3355,4211306,4127080,19,24,21154,21149,5,19,20,38,40,2,9.433962264150943e-05,0.0047169878525387,4.7169878525386995e-05,21043,16896,-4147,-0.19561320754716982,10210,6630,3580,0,0,0,0,0.0,0,0,0,0,0.0,0,0,0,0,0.0,0,0,0,0,0,0,0,0,0,0.0,0.0,0.0,0.0,0.0,0.0,0.0,0.0,0.0,0.0,0.0,0.0,0.0,0.0,0.0,0.0,0.0,0.0,2.0,2.0,0.0,0.0,0.0,0.0,0.0,0.0,0,0,0,0.0,2,2,0,0,0,0,0,0,2.3745636739249164e-05
CFD,0,0,0,0.0,ok,,raefsky3,factor-l,/home/scan_SpTRSV/data/factors/spcg/raefsky3/spcg_spilu_l_raefsky3_fill10_drop0.0001_permccolamd_sp0.mtx,21200,wavefront-oriented,0.02,0.00480397292431374,0.01,1,1,1,20231,20231,4211306,4191075,19,23,21154,21150,4,19,15,38,30,-8,-0.0003773584905660377,-0.07855133584458,-0.0007855133584458,21043,10941,-10102,-0.47650943396226414,10210,4678,5532,0,0,0,0,0.0,0,0,0,0,0.0,0,0,0,0,0.0,0,0,0,0,0,0,0,0,0,0.0,0.0,0.0,0.0,0.0,0.0,0.0,0.0,0.0,0.0,0.0,0.0,0.0,0.0,0.0,0.0,0.0,0.0,2.0,2.0,0.0,0.0,0.0,0.0,0.0,0.0,0,0,0,0.0,2,2,0,0,0,0,0,0,-0.000395432751717661
CFD,0,0,0,0.0,ok,,raefsky3,factor-l,/home/scan_SpTRSV/data/factors/spcg/raefsky3/spcg_spilu_l_raefsky3_fill10_drop0.0001_permccolamd_sp0.mtx,21200,wavefront-oriented,0.02,0.01999997150527651,0.01,-1,1,1,84226,3319,4211306,4127080,19,25,21154,21148,6,19,19,38,38,0,0.0,0.0,0.0,21043,17028,-4015,-0.1893867924528302,10210,6810,3400,0,0,0,0,0.0,0,0,0,0,0.0,0,0,0,0,0.0,0,0,0,0,0,0,0,0,0,0.0,0.0,0.0,0.0,0.0,0.0,0.0,0.0,0.0,0.0,0.0,0.0,0.0,0.0,0.0,0.0,0.0,0.0,2.0,2.0,0.0,0.0,0.0,0.0,0.0,0.0,0,0,0,0.0,2,2,0,0,0,0,0,0,0.0
CFD,0,0,0,0.0,ok,,raefsky3,factor-l,/home/scan_SpTRSV/data/factors/spcg/raefsky3/spcg_spilu_l_raefsky3_fill10_drop0.0001_permccolamd_sp0.mtx,21200,wavefront-oriented,0.05,0.004738197604258631,0.0001,1,1,1,19954,19954,4211306,4191352,19,23,21154,21150,4,19,15,38,30,-8,-0.0003773584905660377,-0.07964177986727965,-0.0007964177986727964,21043,10807,-10236,-0.48283018867924526,10210,5130,5080,0,0,0,0,0.0,0,0,0,0,0.0,0,0,0,0,0.0,0,0,0,0,0,0,0,0,0,0.0,0.0,0.0,0.0,0.0,0.0,0.0,0.0,0.0,0.0,0.0,0.0,0.0,0.0,0.0,0.0,0.0,0.0,2.0,2.0,0.0,0.0,0.0,0.0,0.0,0.0,0,0,0,0.0,2,2,0,0,0,0,0,0,-0.00040092212087801946
CFD,0,0,0,0.0,ok,,raefsky3,factor-l,/home/scan_SpTRSV/data/factors/spcg/raefsky3/spcg_spilu_l_raefsky3_fill10_drop0.0001_permccolamd_sp0.mtx,21200,wavefront-oriented,0.05,0.04999992876319127,0.0001,-1,1,1,210565,5045,4211306,4000741,19,30,21154,21143,11,19,26,38,52,14,0.0006603773584905661,0.013207565987108361,0.0001320756598710836,21043,16037,-5006,-0.23613207547169812,10210,6258,3952,0,0,0,0,0.0,0,0,0,0,0.0,0,0,0,0,0.0,0,0,0,0,0,0,0,0,0,0.0,0.0,0.0,0.0,0.0,0.0,0.0,0.0,0.0,0.0,0.0,0.0,0.0,0.0,0.0,0.0,0.0,0.0,2.0,2.0,0.0,0.0,0.0,0.0,0.0,0.0,0,0,0,0.0,2,2,0,0,0,0,0,0,6.648778286989765e-05
CFD,0,0,0,0.0,ok,,raefsky3,factor-l,/home/scan_SpTRSV/data/factors/spcg/raefsky3/spcg_spilu_l_raefsky3_fill10_drop0.0001_permccolamd_sp0.mtx,21200,wavefront-oriented,0.05,0.004777615305085881,0.001,1,1,1,20120,20120,4211306,4191186,19,23,21154,21150,4,19,15,38,30,-8,-0.0003773584905660377,-0.07898469559998499,-0.0007898469559998499,21043,10777,-10266,-0.48424528301886793,10210,5071,5139,0,0,0,0,0.0,0,0,0,0,0.0,0,0,0,0,0.0,0,0,0,0,0,0,0,0,0,0.0,0.0,0.0,0.0,0.0,0.0,0.0,0.0,0.0,0.0,0.0,0.0,0.0,0.0,0.0,0.0,0.0,0.0,2.0,2.0,0.0,0.0,0.0,0.0,0.0,0.0,0,0,0,0.0,2,2,0,0,0,0,0,0,-0.00039761431411530816
CFD,0,0,0,0.0,ok,,raefsky3,factor-l,/home/scan_SpTRSV/data/factors/spcg/raefsky3/spcg_spilu_l_raefsky3_fill10_drop0.0001_permccolamd_sp0.mtx,21200,wavefront-oriented,0.05,0.04999992876319127,0.001,-1,1,1,210565,4306,4211306,4000741,19,29,21154,21144,10,19,25,38,50,12,0.0005660377358490566,0.01132077084609288,0.00011320770846092881,21043,16320,-4723,-0.22278301886792454,10210,6314,3896,0,0,0,0,0.0,0,0,0,0,0.0,0,0,0,0,0.0,0,0,0,0,0,0,0,0,0,0.0,0.0,0.0,0.0,0.0,0.0,0.0,0.0,0.0,0.0,0.0,0.0,0.0,0.0,0.0,0.0,0.0,0.0,2.0,2.0,0.0,0.0,0.0,0.0,0.0,0.0,0,0,0,0.0,2,2,0,0,0,0,0,0,5.6989528174197994e-05
CFD,0,0,0,0.0,ok,,raefsky3,factor-l,/home/scan_SpTRSV/data/factors/spcg/raefsky3/spcg_spilu_l_raefsky3_fill10_drop0.0001_permccolamd_sp0.mtx,21200,wavefront-oriented,0.05,0.00480397292431374,0.01,1,1,1,20231,20231,4211306,4191075,19,23,21154,21150,4,19,15,38,30,-8,-0.0003773584905660377,-0.07855133584458,-0.0007855133584458,21043,10941,-10102,-0.47650943396226414,10210,4678,5532,0,0,0,0,0.0,0,0,0,0,0.0,0,0,0,0,0.0,0,0,0,0,0,0,0,0,0,0.0,0.0,0.0,0.0,0.0,0.0,0.0,0.0,0.0,0.0,0.0,0.0,0.0,0.0,0.0,0.0,0.0,0.0,2.0,2.0,0.0,0.0,0.0,0.0,0.0,0.0,0,0,0,0.0,2,2,0,0,0,0,0,0,-0.000395432751717661
CFD,0,0,0,0.0,ok,,raefsky3,factor-l,/home/scan_SpTRSV/data/factors/spcg/raefsky3/spcg_spilu_l_raefsky3_fill10_drop0.0001_permccolamd_sp0.mtx,21200,wavefront-oriented,0.05,0.04999992876319127,0.01,-1,1,1,210565,4208,4211306,4000741,19,30,21154,21143,11,19,20,38,40,2,9.433962264150943e-05,0.00188679514101548,1.88679514101548e-05,21043,16548,-4495,-0.21202830188679245,10210,6544,3666,0,0,0,0,0.0,0,0,0,0,0.0,0,0,0,0,0.0,0,0,0,0,0,0,0,0,0,0.0,0.0,0.0,0.0,0.0,0.0,0.0,0.0,0.0,0.0,0.0,0.0,0.0,0.0,0.0,0.0,0.0,0.0,2.0,2.0,0.0,0.0,0.0,0.0,0.0,0.0,0,0,0,0.0,2,2,0,0,0,0,0,0,9.498254695699665e-06
CFD,0,0,0,0.0,ok,,raefsky3,factor-l,/home/scan_SpTRSV/data/factors/spcg/raefsky3/spcg_spilu_l_raefsky3_fill10_drop0.0001_permccolamd_sp0.mtx,21200,wavefront-oriented,0.1,0.004738197604258631,0.0001,1,1,1,19954,19954,4211306,4191352,19,23,21154,21150,4,19,15,38,30,-8,-0.0003773584905660377,-0.07964177986727965,-0.0007964177986727964,21043,10807,-10236,-0.48283018867924526,10210,5130,5080,0,0,0,0,0.0,0,0,0,0,0.0,0,0,0,0,0.0,0,0,0,0,0,0,0,0,0,0.0,0.0,0.0,0.0,0.0,0.0,0.0,0.0,0.0,0.0,0.0,0.0,0.0,0.0,0.0,0.0,0.0,0.0,2.0,2.0,0.0,0.0,0.0,0.0,0.0,0.0,0,0,0,0.0,2,2,0,0,0,0,0,0,-0.00040092212087801946
CFD,0,0,0,0.0,ok,,raefsky3,factor-l,/home/scan_SpTRSV/data/factors/spcg/raefsky3/spcg_spilu_l_raefsky3_fill10_drop0.0001_permccolamd_sp0.mtx,21200,wavefront-oriented,0.1,0.09999985752638255,0.0001,-1,1,1,421130,7546,4211306,3790176,19,33,21154,21140,14,19,29,38,58,20,0.0009433962264150943,0.0094339757050774,9.4339757050774e-05,21043,14924,-6119,-0.2886320754716981,10210,5848,4362,0,0,0,0,0.0,0,0,0,0,0.0,0,0,0,0,0.0,0,0,0,0,0,0,0,0,0,0.0,0.0,0.0,0.0,0.0,0.0,0.0,0.0,0.0,0.0,0.0,0.0,0.0,0.0,0.0,0.0,0.0,0.0,2.0,2.0,0.0,0.0,0.0,0.0,0.0,0.0,0,0,0,0.0,2,2,0,0,0,0,0,0,4.749127347849833e-05
CFD,0,0,0,0.0,ok,,raefsky3,factor-l,/home/scan_SpTRSV/data/factors/spcg/raefsky3/spcg_spilu_l_raefsky3_fill10_drop0.0001_permccolamd_sp0.mtx,21200,wavefront-oriented,0.1,0.004777615305085881,0.001,1,1,1,20120,20120,4211306,4191186,19,23,21154,21150,4,19,15,38,30,-8,-0.0003773584905660377,-0.07898469559998499,-0.0007898469559998499,21043,10777,-10266,-0.48424528301886793,10210,5071,5139,0,0,0,0,0.0,0,0,0,0,0.0,0,0,0,0,0.0,0,0,0,0,0,0,0,0,0,0.0,0.0,0.0,0.0,0.0,0.0,0.0,0.0,0.0,0.0,0.0,0.0,0.0,0.0,0.0,0.0,0.0,0.0,2.0,2.0,0.0,0.0,0.0,0.0,0.0,0.0,0,0,0,0.0,2,2,0,0,0,0,0,0,-0.00039761431411530816
CFD,0,0,0,0.0,ok,,raefsky3,factor-l,/home/scan_SpTRSV/data/factors/spcg/raefsky3/spcg_spilu_l_raefsky3_fill10_drop0.0001_permccolamd_sp0.mtx,21200,wavefront-oriented,0.1,0.09999985752638255,0.001,-1,1,1,421130,6055,4211306,3790176,19,33,21154,21140,14,19,29,38,58,20,0.0009433962264150943,0.0094339757050774,9.4339757050774e-05,21043,15446,-5597,-0.2640094339622642,10210,5978,4232,0,0,0,0,0.0,0,0,0,0,0.0,0,0,0,0,0.0,0,0,0,0,0,0,0,0,0,0.0,0.0,0.0,0.0,0.0,0.0,0.0,0.0,0.0,0.0,0.0,0.0,0.0,0.0,0.0,0.0,0.0,0.0,2.0,2.0,0.0,0.0,0.0,0.0,0.0,0.0,0,0,0,0.0,2,2,0,0,0,0,0,0,4.749127347849833e-05
CFD,0,0,0,0.0,ok,,raefsky3,factor-l,/home/scan_SpTRSV/data/factors/spcg/raefsky3/spcg_spilu_l_raefsky3_fill10_drop0.0001_permccolamd_sp0.mtx,21200,wavefront-oriented,0.1,0.00480397292431374,0.01,1,1,1,20231,20231,4211306,4191075,19,23,21154,21150,4,19,15,38,30,-8,-0.0003773584905660377,-0.07855133584458,-0.0007855133584458,21043,10941,-10102,-0.47650943396226414,10210,4678,5532,0,0,0,0,0.0,0,0,0,0,0.0,0,0,0,0,0.0,0,0,0,0,0,0,0,0,0,0.0,0.0,0.0,0.0,0.0,0.0,0.0,0.0,0.0,0.0,0.0,0.0,0.0,0.0,0.0,0.0,0.0,0.0,2.0,2.0,0.0,0.0,0.0,0.0,0.0,0.0,0,0,0,0.0,2,2,0,0,0,0,0,0,-0.000395432751717661
CFD,0,0,0,0.0,ok,,raefsky3,factor-l,/home/scan_SpTRSV/data/factors/spcg/raefsky3/spcg_spilu_l_raefsky3_fill10_drop0.0001_permccolamd_sp0.mtx,21200,wavefront-oriented,0.1,0.09999985752638255,0.01,-1,1,1,421130,5522,4211306,3790176,19,37,21154,21136,18,19,23,38,46,8,0.0003773584905660377,0.00377359028203096,3.77359028203096e-05,21043,15854,-5189,-0.24476415094339624,10210,6206,4004,0,0,0,0,0.0,0,0,0,0,0.0,0,0,0,0,0.0,0,0,0,0,0,0,0,0,0,0.0,0.0,0.0,0.0,0.0,0.0,0.0,0.0,0.0,0.0,0.0,0.0,0.0,0.0,0.0,0.0,0.0,0.0,2.0,2.0,0.0,0.0,0.0,0.0,0.0,0.0,0,0,0,0.0,2,2,0,0,0,0,0,0,1.899650939139933e-05
CFD,0,0,0,0.0,ok,,raefsky3,factor-l,/home/scan_SpTRSV/data/factors/spcg/raefsky3/spcg_spilu_l_raefsky3_fill10_drop0.0001_permccolamd_sp0.mtx,21200,scan-chain-aware,0.01,0.0,0.0001,1,1,1,0,0,4211306,4211306,19,19,21154,21154,0,19,19,38,38,0,0.0,0.0,0.0,21043,21043,0,0.0,10210,10210,0,0,0,0,0,0.0,0,0,0,0,0.0,0,0,0,0,0.0,0,0,0,0,0,0,0,0,0,0.0,0.0,0.0,0.0,0.0,0.0,0.0,0.0,0.0,0.0,0.0,0.0,0.0,0.0,0.0,0.0,0.0,0.0,2.0,2.0,0.0,0.0,0.0,0.0,0.0,0.0,0,0,0,0.0,2,2,0,0,0,0,0,0,0.0
CFD,0,0,0,0.0,ok,,raefsky3,factor-l,/home/scan_SpTRSV/data/factors/spcg/raefsky3/spcg_spilu_l_raefsky3_fill10_drop0.0001_permccolamd_sp0.mtx,21200,scan-chain-aware,0.01,0.009999985752638255,0.0001,-1,1,1,42113,522,4211306,4169193,19,19,21154,21154,0,19,19,38,38,0,0.0,0.0,0.0,21043,21043,0,0.0,10210,10124,86,0,0,0,0,0.0,0,0,0,0,0.0,0,0,0,0,0.0,0,0,0,0,0,0,0,0,0,0.0,0.0,0.0,0.0,0.0,0.0,0.0,0.0,0.0,0.0,0.0,0.0,0.0,0.0,0.0,0.0,0.0,0.0,2.0,2.0,0.0,0.0,0.0,0.0,0.0,0.0,0,0,0,0.0,2,2,0,0,0,0,0,0,0.0
CFD,0,0,0,0.0,ok,,raefsky3,factor-l,/home/scan_SpTRSV/data/factors/spcg/raefsky3/spcg_spilu_l_raefsky3_fill10_drop0.0001_permccolamd_sp0.mtx,21200,scan-chain-aware,0.01,0.0,0.001,1,1,1,0,0,4211306,4211306,19,19,21154,21154,0,19,19,38,38,0,0.0,0.0,0.0,21043,21043,0,0.0,10210,10210,0,0,0,0,0,0.0,0,0,0,0,0.0,0,0,0,0,0.0,0,0,0,0,0,0,0,0,0,0.0,0.0,0.0,0.0,0.0,0.0,0.0,0.0,0.0,0.0,0.0,0.0,0.0,0.0,0.0,0.0,0.0,0.0,2.0,2.0,0.0,0.0,0.0,0.0,0.0,0.0,0,0,0,0.0,2,2,0,0,0,0,0,0,0.0
CFD,0,0,0,0.0,ok,,raefsky3,factor-l,/home/scan_SpTRSV/data/factors/spcg/raefsky3/spcg_spilu_l_raefsky3_fill10_drop0.0001_permccolamd_sp0.mtx,21200,scan-chain-aware,0.01,0.009999985752638255,0.001,-1,1,1,42113,475,4211306,4169193,19,19,21154,21154,0,19,19,38,38,0,0.0,0.0,0.0,21043,21043,0,0.0,10210,10110,100,0,0,0,0,0.0,0,0,0,0,0.0,0,0,0,0,0.0,0,0,0,0,0,0,0,0,0,0.0,0.0,0.0,0.0,0.0,0.0,0.0,0.0,0.0,0.0,0.0,0.0,0.0,0.0,0.0,0.0,0.0,0.0,2.0,2.0,0.0,0.0,0.0,0.0,0.0,0.0,0,0,0,0.0,2,2,0,0,0,0,0,0,0.0
CFD,0,0,0,0.0,ok,,raefsky3,factor-l,/home/scan_SpTRSV/data/factors/spcg/raefsky3/spcg_spilu_l_raefsky3_fill10_drop0.0001_permccolamd_sp0.mtx,21200,scan-chain-aware,0.01,0.0,0.01,1,1,1,0,0,4211306,4211306,19,19,21154,21154,0,19,19,38,38,0,0.0,0.0,0.0,21043,21043,0,0.0,10210,10210,0,0,0,0,0,0.0,0,0,0,0,0.0,0,0,0,0,0.0,0,0,0,0,0,0,0,0,0,0.0,0.0,0.0,0.0,0.0,0.0,0.0,0.0,0.0,0.0,0.0,0.0,0.0,0.0,0.0,0.0,0.0,0.0,2.0,2.0,0.0,0.0,0.0,0.0,0.0,0.0,0,0,0,0.0,2,2,0,0,0,0,0,0,0.0
CFD,0,0,0,0.0,ok,,raefsky3,factor-l,/home/scan_SpTRSV/data/factors/spcg/raefsky3/spcg_spilu_l_raefsky3_fill10_drop0.0001_permccolamd_sp0.mtx,21200,scan-chain-aware,0.01,0.009999985752638255,0.01,-1,1,1,42113,450,4211306,4169193,19,19,21154,21154,0,19,19,38,38,0,0.0,0.0,0.0,21043,21043,0,0.0,10210,10107,103,0,0,0,0,0.0,0,0,0,0,0.0,0,0,0,0,0.0,0,0,0,0,0,0,0,0,0,0.0,0.0,0.0,0.0,0.0,0.0,0.0,0.0,0.0,0.0,0.0,0.0,0.0,0.0,0.0,0.0,0.0,0.0,2.0,2.0,0.0,0.0,0.0,0.0,0.0,0.0,0,0,0,0.0,2,2,0,0,0,0,0,0,0.0
CFD,0,0,0,0.0,ok,,raefsky3,factor-l,/home/scan_SpTRSV/data/factors/spcg/raefsky3/spcg_spilu_l_raefsky3_fill10_drop0.0001_permccolamd_sp0.mtx,21200,scan-chain-aware,0.02,0.0,0.0001,1,1,1,0,0,4211306,4211306,19,19,21154,21154,0,19,19,38,38,0,0.0,0.0,0.0,21043,21043,0,0.0,10210,10210,0,0,0,0,0,0.0,0,0,0,0,0.0,0,0,0,0,0.0,0,0,0,0,0,0,0,0,0,0.0,0.0,0.0,0.0,0.0,0.0,0.0,0.0,0.0,0.0,0.0,0.0,0.0,0.0,0.0,0.0,0.0,0.0,2.0,2.0,0.0,0.0,0.0,0.0,0.0,0.0,0,0,0,0.0,2,2,0,0,0,0,0,0,0.0
CFD,0,0,0,0.0,ok,,raefsky3,factor-l,/home/scan_SpTRSV/data/factors/spcg/raefsky3/spcg_spilu_l_raefsky3_fill10_drop0.0001_permccolamd_sp0.mtx,21200,scan-chain-aware,0.02,0.01999997150527651,0.0001,-1,1,1,84226,691,4211306,4127080,19,19,21154,21154,0,19,19,38,38,0,0.0,0.0,0.0,21043,21043,0,0.0,10210,10122,88,0,0,0,0,0.0,0,0,0,0,0.0,0,0,0,0,0.0,0,0,0,0,0,0,0,0,0,0.0,0.0,0.0,0.0,0.0,0.0,0.0,0.0,0.0,0.0,0.0,0.0,0.0,0.0,0.0,0.0,0.0,0.0,2.0,2.0,0.0,0.0,0.0,0.0,0.0,0.0,0,0,0,0.0,2,2,0,0,0,0,0,0,0.0
CFD,0,0,0,0.0,ok,,raefsky3,factor-l,/home/scan_SpTRSV/data/factors/spcg/raefsky3/spcg_spilu_l_raefsky3_fill10_drop0.0001_permccolamd_sp0.mtx,21200,scan-chain-aware,0.02,0.0,0.001,1,1,1,0,0,4211306,4211306,19,19,21154,21154,0,19,19,38,38,0,0.0,0.0,0.0,21043,21043,0,0.0,10210,10210,0,0,0,0,0,0.0,0,0,0,0,0.0,0,0,0,0,0.0,0,0,0,0,0,0,0,0,0,0.0,0.0,0.0,0.0,0.0,0.0,0.0,0.0,0.0,0.0,0.0,0.0,0.0,0.0,0.0,0.0,0.0,0.0,2.0,2.0,0.0,0.0,0.0,0.0,0.0,0.0,0,0,0,0.0,2,2,0,0,0,0,0,0,0.0
CFD,0,0,0,0.0,ok,,raefsky3,factor-l,/home/scan_SpTRSV/data/factors/spcg/raefsky3/spcg_spilu_l_raefsky3_fill10_drop0.0001_permccolamd_sp0.mtx,21200,scan-chain-aware,0.02,0.01999997150527651,0.001,-1,1,1,84226,622,4211306,4127080,19,19,21154,21154,0,19,19,38,38,0,0.0,0.0,0.0,21043,21043,0,0.0,10210,10103,107,0,0,0,0,0.0,0,0,0,0,0.0,0,0,0,0,0.0,0,0,0,0,0,0,0,0,0,0.0,0.0,0.0,0.0,0.0,0.0,0.0,0.0,0.0,0.0,0.0,0.0,0.0,0.0,0.0,0.0,0.0,0.0,2.0,2.0,0.0,0.0,0.0,0.0,0.0,0.0,0,0,0,0.0,2,2,0,0,0,0,0,0,0.0
CFD,0,0,0,0.0,ok,,raefsky3,factor-l,/home/scan_SpTRSV/data/factors/spcg/raefsky3/spcg_spilu_l_raefsky3_fill10_drop0.0001_permccolamd_sp0.mtx,21200,scan-chain-aware,0.02,0.0,0.01,1,1,1,0,0,4211306,4211306,19,19,21154,21154,0,19,19,38,38,0,0.0,0.0,0.0,21043,21043,0,0.0,10210,10210,0,0,0,0,0,0.0,0,0,0,0,0.0,0,0,0,0,0.0,0,0,0,0,0,0,0,0,0,0.0,0.0,0.0,0.0,0.0,0.0,0.0,0.0,0.0,0.0,0.0,0.0,0.0,0.0,0.0,0.0,0.0,0.0,2.0,2.0,0.0,0.0,0.0,0.0,0.0,0.0,0,0,0,0.0,2,2,0,0,0,0,0,0,0.0
CFD,0,0,0,0.0,ok,,raefsky3,factor-l,/home/scan_SpTRSV/data/factors/spcg/raefsky3/spcg_spilu_l_raefsky3_fill10_drop0.0001_permccolamd_sp0.mtx,21200,scan-chain-aware,0.02,0.01999997150527651,0.01,-1,1,1,84226,603,4211306,4127080,19,19,21154,21154,0,19,19,38,38,0,0.0,0.0,0.0,21043,21043,0,0.0,10210,10095,115,0,0,0,0,0.0,0,0,0,0,0.0,0,0,0,0,0.0,0,0,0,0,0,0,0,0,0,0.0,0.0,0.0,0.0,0.0,0.0,0.0,0.0,0.0,0.0,0.0,0.0,0.0,0.0,0.0,0.0,0.0,0.0,2.0,2.0,0.0,0.0,0.0,0.0,0.0,0.0,0,0,0,0.0,2,2,0,0,0,0,0,0,0.0
CFD,0,0,0,0.0,ok,,raefsky3,factor-l,/home/scan_SpTRSV/data/factors/spcg/raefsky3/spcg_spilu_l_raefsky3_fill10_drop0.0001_permccolamd_sp0.mtx,21200,scan-chain-aware,0.05,0.0,0.0001,1,1,1,0,0,4211306,4211306,19,19,21154,21154,0,19,19,38,38,0,0.0,0.0,0.0,21043,21043,0,0.0,10210,10210,0,0,0,0,0,0.0,0,0,0,0,0.0,0,0,0,0,0.0,0,0,0,0,0,0,0,0,0,0.0,0.0,0.0,0.0,0.0,0.0,0.0,0.0,0.0,0.0,0.0,0.0,0.0,0.0,0.0,0.0,0.0,0.0,2.0,2.0,0.0,0.0,0.0,0.0,0.0,0.0,0,0,0,0.0,2,2,0,0,0,0,0,0,0.0
CFD,0,0,0,0.0,ok,,raefsky3,factor-l,/home/scan_SpTRSV/data/factors/spcg/raefsky3/spcg_spilu_l_raefsky3_fill10_drop0.0001_permccolamd_sp0.mtx,21200,scan-chain-aware,0.05,0.04999992876319127,0.0001,-1,1,1,210565,3077,4211306,4000741,19,19,21154,21154,0,19,19,38,38,0,0.0,0.0,0.0,21043,20587,-456,-0.02150943396226415,10210,9782,428,0,0,0,0,0.0,0,0,0,0,0.0,0,0,0,0,0.0,0,0,0,0,0,0,0,0,0,0.0,0.0,0.0,0.0,0.0,0.0,0.0,0.0,0.0,0.0,0.0,0.0,0.0,0.0,0.0,0.0,0.0,0.0,2.0,2.0,0.0,0.0,0.0,0.0,0.0,0.0,0,0,0,0.0,2,2,0,0,0,0,0,0,0.0
CFD,0,0,0,0.0,ok,,raefsky3,factor-l,/home/scan_SpTRSV/data/factors/spcg/raefsky3/spcg_spilu_l_raefsky3_fill10_drop0.0001_permccolamd_sp0.mtx,21200,scan-chain-aware,0.05,0.0,0.001,1,1,1,0,0,4211306,4211306,19,19,21154,21154,0,19,19,38,38,0,0.0,0.0,0.0,21043,21043,0,0.0,10210,10210,0,0,0,0,0,0.0,0,0,0,0,0.0,0,0,0,0,0.0,0,0,0,0,0,0,0,0,0,0.0,0.0,0.0,0.0,0.0,0.0,0.0,0.0,0.0,0.0,0.0,0.0,0.0,0.0,0.0,0.0,0.0,0.0,2.0,2.0,0.0,0.0,0.0,0.0,0.0,0.0,0,0,0,0.0,2,2,0,0,0,0,0,0,0.0
CFD,0,0,0,0.0,ok,,raefsky3,factor-l,/home/scan_SpTRSV/data/factors/spcg/raefsky3/spcg_spilu_l_raefsky3_fill10_drop0.0001_permccolamd_sp0.mtx,21200,scan-chain-aware,0.05,0.04999992876319127,0.001,-1,1,1,210565,2320,4211306,4000741,19,19,21154,21154,0,19,19,38,38,0,0.0,0.0,0.0,21043,20584,-459,-0.021650943396226415,10210,9781,429,0,0,0,0,0.0,0,0,0,0,0.0,0,0,0,0,0.0,0,0,0,0,0,0,0,0,0,0.0,0.0,0.0,0.0,0.0,0.0,0.0,0.0,0.0,0.0,0.0,0.0,0.0,0.0,0.0,0.0,0.0,0.0,2.0,2.0,0.0,0.0,0.0,0.0,0.0,0.0,0,0,0,0.0,2,2,0,0,0,0,0,0,0.0
CFD,0,0,0,0.0,ok,,raefsky3,factor-l,/home/scan_SpTRSV/data/factors/spcg/raefsky3/spcg_spilu_l_raefsky3_fill10_drop0.0001_permccolamd_sp0.mtx,21200,scan-chain-aware,0.05,0.0,0.01,1,1,1,0,0,4211306,4211306,19,19,21154,21154,0,19,19,38,38,0,0.0,0.0,0.0,21043,21043,0,0.0,10210,10210,0,0,0,0,0,0.0,0,0,0,0,0.0,0,0,0,0,0.0,0,0,0,0,0,0,0,0,0,0.0,0.0,0.0,0.0,0.0,0.0,0.0,0.0,0.0,0.0,0.0,0.0,0.0,0.0,0.0,0.0,0.0,0.0,2.0,2.0,0.0,0.0,0.0,0.0,0.0,0.0,0,0,0,0.0,2,2,0,0,0,0,0,0,0.0
CFD,0,0,0,0.0,ok,,raefsky3,factor-l,/home/scan_SpTRSV/data/factors/spcg/raefsky3/spcg_spilu_l_raefsky3_fill10_drop0.0001_permccolamd_sp0.mtx,21200,scan-chain-aware,0.05,0.04999992876319127,0.01,-1,1,1,210565,2033,4211306,4000741,19,19,21154,21154,0,19,19,38,38,0,0.0,0.0,0.0,21043,20524,-519,-0.024481132075471698,10210,9717,493,0,0,0,0,0.0,0,0,0,0,0.0,0,0,0,0,0.0,0,0,0,0,0,0,0,0,0,0.0,0.0,0.0,0.0,0.0,0.0,0.0,0.0,0.0,0.0,0.0,0.0,0.0,0.0,0.0,0.0,0.0,0.0,2.0,2.0,0.0,0.0,0.0,0.0,0.0,0.0,0,0,0,0.0,2,2,0,0,0,0,0,0,0.0
CFD,0,0,0,0.0,ok,,raefsky3,factor-l,/home/scan_SpTRSV/data/factors/spcg/raefsky3/spcg_spilu_l_raefsky3_fill10_drop0.0001_permccolamd_sp0.mtx,21200,scan-chain-aware,0.1,0.0,0.0001,1,1,1,0,0,4211306,4211306,19,19,21154,21154,0,19,19,38,38,0,0.0,0.0,0.0,21043,21043,0,0.0,10210,10210,0,0,0,0,0,0.0,0,0,0,0,0.0,0,0,0,0,0.0,0,0,0,0,0,0,0,0,0,0.0,0.0,0.0,0.0,0.0,0.0,0.0,0.0,0.0,0.0,0.0,0.0,0.0,0.0,0.0,0.0,0.0,0.0,2.0,2.0,0.0,0.0,0.0,0.0,0.0,0.0,0,0,0,0.0,2,2,0,0,0,0,0,0,0.0
CFD,0,0,0,0.0,ok,,raefsky3,factor-l,/home/scan_SpTRSV/data/factors/spcg/raefsky3/spcg_spilu_l_raefsky3_fill10_drop0.0001_permccolamd_sp0.mtx,21200,scan-chain-aware,0.1,0.09999985752638255,0.0001,-1,1,1,421130,5156,4211306,3790176,19,19,21154,21154,0,19,19,38,38,0,0.0,0.0,0.0,21043,20590,-453,-0.02136792452830189,10210,9679,531,0,0,0,0,0.0,0,0,0,0,0.0,0,0,0,0,0.0,0,0,0,0,0,0,0,0,0,0.0,0.0,0.0,0.0,0.0,0.0,0.0,0.0,0.0,0.0,0.0,0.0,0.0,0.0,0.0,0.0,0.0,0.0,2.0,2.0,0.0,0.0,0.0,0.0,0.0,0.0,0,0,0,0.0,2,2,0,0,0,0,0,0,0.0
CFD,0,0,0,0.0,ok,,raefsky3,factor-l,/home/scan_SpTRSV/data/factors/spcg/raefsky3/spcg_spilu_l_raefsky3_fill10_drop0.0001_permccolamd_sp0.mtx,21200,scan-chain-aware,0.1,0.0,0.001,1,1,1,0,0,4211306,4211306,19,19,21154,21154,0,19,19,38,38,0,0.0,0.0,0.0,21043,21043,0,0.0,10210,10210,0,0,0,0,0,0.0,0,0,0,0,0.0,0,0,0,0,0.0,0,0,0,0,0,0,0,0,0,0.0,0.0,0.0,0.0,0.0,0.0,0.0,0.0,0.0,0.0,0.0,0.0,0.0,0.0,0.0,0.0,0.0,0.0,2.0,2.0,0.0,0.0,0.0,0.0,0.0,0.0,0,0,0,0.0,2,2,0,0,0,0,0,0,0.0
CFD,0,0,0,0.0,ok,,raefsky3,factor-l,/home/scan_SpTRSV/data/factors/spcg/raefsky3/spcg_spilu_l_raefsky3_fill10_drop0.0001_permccolamd_sp0.mtx,21200,scan-chain-aware,0.1,0.09999985752638255,0.001,-1,1,1,421130,4267,4211306,3790176,19,19,21154,21154,0,19,19,38,38,0,0.0,0.0,0.0,21043,20586,-457,-0.021556603773584905,10210,9603,607,0,0,0,0,0.0,0,0,0,0,0.0,0,0,0,0,0.0,0,0,0,0,0,0,0,0,0,0.0,0.0,0.0,0.0,0.0,0.0,0.0,0.0,0.0,0.0,0.0,0.0,0.0,0.0,0.0,0.0,0.0,0.0,2.0,2.0,0.0,0.0,0.0,0.0,0.0,0.0,0,0,0,0.0,2,2,0,0,0,0,0,0,0.0
CFD,0,0,0,0.0,ok,,raefsky3,factor-l,/home/scan_SpTRSV/data/factors/spcg/raefsky3/spcg_spilu_l_raefsky3_fill10_drop0.0001_permccolamd_sp0.mtx,21200,scan-chain-aware,0.1,0.0,0.01,1,1,1,0,0,4211306,4211306,19,19,21154,21154,0,19,19,38,38,0,0.0,0.0,0.0,21043,21043,0,0.0,10210,10210,0,0,0,0,0,0.0,0,0,0,0,0.0,0,0,0,0,0.0,0,0,0,0,0,0,0,0,0,0.0,0.0,0.0,0.0,0.0,0.0,0.0,0.0,0.0,0.0,0.0,0.0,0.0,0.0,0.0,0.0,0.0,0.0,2.0,2.0,0.0,0.0,0.0,0.0,0.0,0.0,0,0,0,0.0,2,2,0,0,0,0,0,0,0.0
CFD,0,0,0,0.0,ok,,raefsky3,factor-l,/home/scan_SpTRSV/data/factors/spcg/raefsky3/spcg_spilu_l_raefsky3_fill10_drop0.0001_permccolamd_sp0.mtx,21200,scan-chain-aware,0.1,0.09999985752638255,0.01,-1,1,1,421130,3669,4211306,3790176,19,19,21154,21154,0,19,19,38,38,0,0.0,0.0,0.0,21043,20526,-517,-0.024386792452830187,10210,9494,716,0,0,0,0,0.0,0,0,0,0,0.0,0,0,0,0,0.0,0,0,0,0,0,0,0,0,0,0.0,0.0,0.0,0.0,0.0,0.0,0.0,0.0,0.0,0.0,0.0,0.0,0.0,0.0,0.0,0.0,0.0,0.0,2.0,2.0,0.0,0.0,0.0,0.0,0.0,0.0,0,0,0,0.0,2,2,0,0,0,0,0,0,0.0
CFD,0,0,0,0.0,ok,,raefsky3,factor-l,/home/scan_SpTRSV/data/factors/spcg/raefsky3/spcg_spilu_l_raefsky3_fill10_drop0.0001_permccolamd_sp0.mtx,21200,long-chain-aware-drop,0.01,0.0,0.0001,1,1,1,0,0,4211306,4211306,19,19,21154,21154,0,19,19,38,38,0,0.0,0.0,0.0,21043,21043,0,0.0,10210,10210,0,0,0,0,0,0.0,0,0,0,0,0.0,0,0,0,0,0.0,0,0,0,0,0,0,0,0,0,0.0,0.0,0.0,0.0,0.0,0.0,0.0,0.0,0.0,0.0,0.0,0.0,0.0,0.0,0.0,0.0,0.0,0.0,2.0,2.0,0.0,0.0,0.0,0.0,0.0,0.0,0,0,0,0.0,2,2,0,0,0,0,0,0,0.0
CFD,0,0,0,0.0,ok,,raefsky3,factor-l,/home/scan_SpTRSV/data/factors/spcg/raefsky3/spcg_spilu_l_raefsky3_fill10_drop0.0001_permccolamd_sp0.mtx,21200,long-chain-aware-drop,0.01,0.0,0.0001,-1,1,1,0,0,4211306,4211306,19,19,21154,21154,0,19,19,38,38,0,0.0,0.0,0.0,21043,21043,0,0.0,10210,10210,0,0,0,0,0,0.0,0,0,0,0,0.0,0,0,0,0,0.0,0,0,0,0,0,0,0,0,0,0.0,0.0,0.0,0.0,0.0,0.0,0.0,0.0,0.0,0.0,0.0,0.0,0.0,0.0,0.0,0.0,0.0,0.0,2.0,2.0,0.0,0.0,0.0,0.0,0.0,0.0,0,0,0,0.0,2,2,0,0,0,0,0,0,0.0
CFD,0,0,0,0.0,ok,,raefsky3,factor-l,/home/scan_SpTRSV/data/factors/spcg/raefsky3/spcg_spilu_l_raefsky3_fill10_drop0.0001_permccolamd_sp0.mtx,21200,long-chain-aware-drop,0.01,0.0,0.001,1,1,1,0,0,4211306,4211306,19,19,21154,21154,0,19,19,38,38,0,0.0,0.0,0.0,21043,21043,0,0.0,10210,10210,0,0,0,0,0,0.0,0,0,0,0,0.0,0,0,0,0,0.0,0,0,0,0,0,0,0,0,0,0.0,0.0,0.0,0.0,0.0,0.0,0.0,0.0,0.0,0.0,0.0,0.0,0.0,0.0,0.0,0.0,0.0,0.0,2.0,2.0,0.0,0.0,0.0,0.0,0.0,0.0,0,0,0,0.0,2,2,0,0,0,0,0,0,0.0
CFD,0,0,0,0.0,ok,,raefsky3,factor-l,/home/scan_SpTRSV/data/factors/spcg/raefsky3/spcg_spilu_l_raefsky3_fill10_drop0.0001_permccolamd_sp0.mtx,21200,long-chain-aware-drop,0.01,0.0,0.001,-1,1,1,0,0,4211306,4211306,19,19,21154,21154,0,19,19,38,38,0,0.0,0.0,0.0,21043,21043,0,0.0,10210,10210,0,0,0,0,0,0.0,0,0,0,0,0.0,0,0,0,0,0.0,0,0,0,0,0,0,0,0,0,0.0,0.0,0.0,0.0,0.0,0.0,0.0,0.0,0.0,0.0,0.0,0.0,0.0,0.0,0.0,0.0,0.0,0.0,2.0,2.0,0.0,0.0,0.0,0.0,0.0,0.0,0,0,0,0.0,2,2,0,0,0,0,0,0,0.0
CFD,0,0,0,0.0,ok,,raefsky3,factor-l,/home/scan_SpTRSV/data/factors/spcg/raefsky3/spcg_spilu_l_raefsky3_fill10_drop0.0001_permccolamd_sp0.mtx,21200,long-chain-aware-drop,0.01,0.0,0.01,1,1,1,0,0,4211306,4211306,19,19,21154,21154,0,19,19,38,38,0,0.0,0.0,0.0,21043,21043,0,0.0,10210,10210,0,0,0,0,0,0.0,0,0,0,0,0.0,0,0,0,0,0.0,0,0,0,0,0,0,0,0,0,0.0,0.0,0.0,0.0,0.0,0.0,0.0,0.0,0.0,0.0,0.0,0.0,0.0,0.0,0.0,0.0,0.0,0.0,2.0,2.0,0.0,0.0,0.0,0.0,0.0,0.0,0,0,0,0.0,2,2,0,0,0,0,0,0,0.0
CFD,0,0,0,0.0,ok,,raefsky3,factor-l,/home/scan_SpTRSV/data/factors/spcg/raefsky3/spcg_spilu_l_raefsky3_fill10_drop0.0001_permccolamd_sp0.mtx,21200,long-chain-aware-drop,0.01,0.0,0.01,-1,1,1,0,0,4211306,4211306,19,19,21154,21154,0,19,19,38,38,0,0.0,0.0,0.0,21043,21043,0,0.0,10210,10210,0,0,0,0,0,0.0,0,0,0,0,0.0,0,0,0,0,0.0,0,0,0,0,0,0,0,0,0,0.0,0.0,0.0,0.0,0.0,0.0,0.0,0.0,0.0,0.0,0.0,0.0,0.0,0.0,0.0,0.0,0.0,0.0,2.0,2.0,0.0,0.0,0.0,0.0,0.0,0.0,0,0,0,0.0,2,2,0,0,0,0,0,0,0.0
CFD,0,0,0,0.0,ok,,raefsky3,factor-l,/home/scan_SpTRSV/data/factors/spcg/raefsky3/spcg_spilu_l_raefsky3_fill10_drop0.0001_permccolamd_sp0.mtx,21200,long-chain-aware-drop,0.02,0.0,0.0001,1,1,1,0,0,4211306,4211306,19,19,21154,21154,0,19,19,38,38,0,0.0,0.0,0.0,21043,21043,0,0.0,10210,10210,0,0,0,0,0,0.0,0,0,0,0,0.0,0,0,0,0,0.0,0,0,0,0,0,0,0,0,0,0.0,0.0,0.0,0.0,0.0,0.0,0.0,0.0,0.0,0.0,0.0,0.0,0.0,0.0,0.0,0.0,0.0,0.0,2.0,2.0,0.0,0.0,0.0,0.0,0.0,0.0,0,0,0,0.0,2,2,0,0,0,0,0,0,0.0
CFD,0,0,0,0.0,ok,,raefsky3,factor-l,/home/scan_SpTRSV/data/factors/spcg/raefsky3/spcg_spilu_l_raefsky3_fill10_drop0.0001_permccolamd_sp0.mtx,21200,long-chain-aware-drop,0.02,0.0,0.0001,-1,1,1,0,0,4211306,4211306,19,19,21154,21154,0,19,19,38,38,0,0.0,0.0,0.0,21043,21043,0,0.0,10210,10210,0,0,0,0,0,0.0,0,0,0,0,0.0,0,0,0,0,0.0,0,0,0,0,0,0,0,0,0,0.0,0.0,0.0,0.0,0.0,0.0,0.0,0.0,0.0,0.0,0.0,0.0,0.0,0.0,0.0,0.0,0.0,0.0,2.0,2.0,0.0,0.0,0.0,0.0,0.0,0.0,0,0,0,0.0,2,2,0,0,0,0,0,0,0.0
CFD,0,0,0,0.0,ok,,raefsky3,factor-l,/home/scan_SpTRSV/data/factors/spcg/raefsky3/spcg_spilu_l_raefsky3_fill10_drop0.0001_permccolamd_sp0.mtx,21200,long-chain-aware-drop,0.02,0.0,0.001,1,1,1,0,0,4211306,4211306,19,19,21154,21154,0,19,19,38,38,0,0.0,0.0,0.0,21043,21043,0,0.0,10210,10210,0,0,0,0,0,0.0,0,0,0,0,0.0,0,0,0,0,0.0,0,0,0,0,0,0,0,0,0,0.0,0.0,0.0,0.0,0.0,0.0,0.0,0.0,0.0,0.0,0.0,0.0,0.0,0.0,0.0,0.0,0.0,0.0,2.0,2.0,0.0,0.0,0.0,0.0,0.0,0.0,0,0,0,0.0,2,2,0,0,0,0,0,0,0.0
CFD,0,0,0,0.0,ok,,raefsky3,factor-l,/home/scan_SpTRSV/data/factors/spcg/raefsky3/spcg_spilu_l_raefsky3_fill10_drop0.0001_permccolamd_sp0.mtx,21200,long-chain-aware-drop,0.02,0.0,0.001,-1,1,1,0,0,4211306,4211306,19,19,21154,21154,0,19,19,38,38,0,0.0,0.0,0.0,21043,21043,0,0.0,10210,10210,0,0,0,0,0,0.0,0,0,0,0,0.0,0,0,0,0,0.0,0,0,0,0,0,0,0,0,0,0.0,0.0,0.0,0.0,0.0,0.0,0.0,0.0,0.0,0.0,0.0,0.0,0.0,0.0,0.0,0.0,0.0,0.0,2.0,2.0,0.0,0.0,0.0,0.0,0.0,0.0,0,0,0,0.0,2,2,0,0,0,0,0,0,0.0
CFD,0,0,0,0.0,ok,,raefsky3,factor-l,/home/scan_SpTRSV/data/factors/spcg/raefsky3/spcg_spilu_l_raefsky3_fill10_drop0.0001_permccolamd_sp0.mtx,21200,long-chain-aware-drop,0.02,0.0,0.01,1,1,1,0,0,4211306,4211306,19,19,21154,21154,0,19,19,38,38,0,0.0,0.0,0.0,21043,21043,0,0.0,10210,10210,0,0,0,0,0,0.0,0,0,0,0,0.0,0,0,0,0,0.0,0,0,0,0,0,0,0,0,0,0.0,0.0,0.0,0.0,0.0,0.0,0.0,0.0,0.0,0.0,0.0,0.0,0.0,0.0,0.0,0.0,0.0,0.0,2.0,2.0,0.0,0.0,0.0,0.0,0.0,0.0,0,0,0,0.0,2,2,0,0,0,0,0,0,0.0
CFD,0,0,0,0.0,ok,,raefsky3,factor-l,/home/scan_SpTRSV/data/factors/spcg/raefsky3/spcg_spilu_l_raefsky3_fill10_drop0.0001_permccolamd_sp0.mtx,21200,long-chain-aware-drop,0.02,0.0,0.01,-1,1,1,0,0,4211306,4211306,19,19,21154,21154,0,19,19,38,38,0,0.0,0.0,0.0,21043,21043,0,0.0,10210,10210,0,0,0,0,0,0.0,0,0,0,0,0.0,0,0,0,0,0.0,0,0,0,0,0,0,0,0,0,0.0,0.0,0.0,0.0,0.0,0.0,0.0,0.0,0.0,0.0,0.0,0.0,0.0,0.0,0.0,0.0,0.0,0.0,2.0,2.0,0.0,0.0,0.0,0.0,0.0,0.0,0,0,0,0.0,2,2,0,0,0,0,0,0,0.0
CFD,0,0,0,0.0,ok,,raefsky3,factor-l,/home/scan_SpTRSV/data/factors/spcg/raefsky3/spcg_spilu_l_raefsky3_fill10_drop0.0001_permccolamd_sp0.mtx,21200,long-chain-aware-drop,0.05,0.0,0.0001,1,1,1,0,0,4211306,4211306,19,19,21154,21154,0,19,19,38,38,0,0.0,0.0,0.0,21043,21043,0,0.0,10210,10210,0,0,0,0,0,0.0,0,0,0,0,0.0,0,0,0,0,0.0,0,0,0,0,0,0,0,0,0,0.0,0.0,0.0,0.0,0.0,0.0,0.0,0.0,0.0,0.0,0.0,0.0,0.0,0.0,0.0,0.0,0.0,0.0,2.0,2.0,0.0,0.0,0.0,0.0,0.0,0.0,0,0,0,0.0,2,2,0,0,0,0,0,0,0.0
CFD,0,0,0,0.0,ok,,raefsky3,factor-l,/home/scan_SpTRSV/data/factors/spcg/raefsky3/spcg_spilu_l_raefsky3_fill10_drop0.0001_permccolamd_sp0.mtx,21200,long-chain-aware-drop,0.05,0.0,0.0001,-1,1,1,0,0,4211306,4211306,19,19,21154,21154,0,19,19,38,38,0,0.0,0.0,0.0,21043,21043,0,0.0,10210,10210,0,0,0,0,0,0.0,0,0,0,0,0.0,0,0,0,0,0.0,0,0,0,0,0,0,0,0,0,0.0,0.0,0.0,0.0,0.0,0.0,0.0,0.0,0.0,0.0,0.0,0.0,0.0,0.0,0.0,0.0,0.0,0.0,2.0,2.0,0.0,0.0,0.0,0.0,0.0,0.0,0,0,0,0.0,2,2,0,0,0,0,0,0,0.0
CFD,0,0,0,0.0,ok,,raefsky3,factor-l,/home/scan_SpTRSV/data/factors/spcg/raefsky3/spcg_spilu_l_raefsky3_fill10_drop0.0001_permccolamd_sp0.mtx,21200,long-chain-aware-drop,0.05,0.0,0.001,1,1,1,0,0,4211306,4211306,19,19,21154,21154,0,19,19,38,38,0,0.0,0.0,0.0,21043,21043,0,0.0,10210,10210,0,0,0,0,0,0.0,0,0,0,0,0.0,0,0,0,0,0.0,0,0,0,0,0,0,0,0,0,0.0,0.0,0.0,0.0,0.0,0.0,0.0,0.0,0.0,0.0,0.0,0.0,0.0,0.0,0.0,0.0,0.0,0.0,2.0,2.0,0.0,0.0,0.0,0.0,0.0,0.0,0,0,0,0.0,2,2,0,0,0,0,0,0,0.0
CFD,0,0,0,0.0,ok,,raefsky3,factor-l,/home/scan_SpTRSV/data/factors/spcg/raefsky3/spcg_spilu_l_raefsky3_fill10_drop0.0001_permccolamd_sp0.mtx,21200,long-chain-aware-drop,0.05,0.0,0.001,-1,1,1,0,0,4211306,4211306,19,19,21154,21154,0,19,19,38,38,0,0.0,0.0,0.0,21043,21043,0,0.0,10210,10210,0,0,0,0,0,0.0,0,0,0,0,0.0,0,0,0,0,0.0,0,0,0,0,0,0,0,0,0,0.0,0.0,0.0,0.0,0.0,0.0,0.0,0.0,0.0,0.0,0.0,0.0,0.0,0.0,0.0,0.0,0.0,0.0,2.0,2.0,0.0,0.0,0.0,0.0,0.0,0.0,0,0,0,0.0,2,2,0,0,0,0,0,0,0.0
CFD,0,0,0,0.0,ok,,raefsky3,factor-l,/home/scan_SpTRSV/data/factors/spcg/raefsky3/spcg_spilu_l_raefsky3_fill10_drop0.0001_permccolamd_sp0.mtx,21200,long-chain-aware-drop,0.05,0.0,0.01,1,1,1,0,0,4211306,4211306,19,19,21154,21154,0,19,19,38,38,0,0.0,0.0,0.0,21043,21043,0,0.0,10210,10210,0,0,0,0,0,0.0,0,0,0,0,0.0,0,0,0,0,0.0,0,0,0,0,0,0,0,0,0,0.0,0.0,0.0,0.0,0.0,0.0,0.0,0.0,0.0,0.0,0.0,0.0,0.0,0.0,0.0,0.0,0.0,0.0,2.0,2.0,0.0,0.0,0.0,0.0,0.0,0.0,0,0,0,0.0,2,2,0,0,0,0,0,0,0.0
CFD,0,0,0,0.0,ok,,raefsky3,factor-l,/home/scan_SpTRSV/data/factors/spcg/raefsky3/spcg_spilu_l_raefsky3_fill10_drop0.0001_permccolamd_sp0.mtx,21200,long-chain-aware-drop,0.05,0.0,0.01,-1,1,1,0,0,4211306,4211306,19,19,21154,21154,0,19,19,38,38,0,0.0,0.0,0.0,21043,21043,0,0.0,10210,10210,0,0,0,0,0,0.0,0,0,0,0,0.0,0,0,0,0,0.0,0,0,0,0,0,0,0,0,0,0.0,0.0,0.0,0.0,0.0,0.0,0.0,0.0,0.0,0.0,0.0,0.0,0.0,0.0,0.0,0.0,0.0,0.0,2.0,2.0,0.0,0.0,0.0,0.0,0.0,0.0,0,0,0,0.0,2,2,0,0,0,0,0,0,0.0
CFD,0,0,0,0.0,ok,,raefsky3,factor-l,/home/scan_SpTRSV/data/factors/spcg/raefsky3/spcg_spilu_l_raefsky3_fill10_drop0.0001_permccolamd_sp0.mtx,21200,long-chain-aware-drop,0.1,0.0,0.0001,1,1,1,0,0,4211306,4211306,19,19,21154,21154,0,19,19,38,38,0,0.0,0.0,0.0,21043,21043,0,0.0,10210,10210,0,0,0,0,0,0.0,0,0,0,0,0.0,0,0,0,0,0.0,0,0,0,0,0,0,0,0,0,0.0,0.0,0.0,0.0,0.0,0.0,0.0,0.0,0.0,0.0,0.0,0.0,0.0,0.0,0.0,0.0,0.0,0.0,2.0,2.0,0.0,0.0,0.0,0.0,0.0,0.0,0,0,0,0.0,2,2,0,0,0,0,0,0,0.0
CFD,0,0,0,0.0,ok,,raefsky3,factor-l,/home/scan_SpTRSV/data/factors/spcg/raefsky3/spcg_spilu_l_raefsky3_fill10_drop0.0001_permccolamd_sp0.mtx,21200,long-chain-aware-drop,0.1,0.0,0.0001,-1,1,1,0,0,4211306,4211306,19,19,21154,21154,0,19,19,38,38,0,0.0,0.0,0.0,21043,21043,0,0.0,10210,10210,0,0,0,0,0,0.0,0,0,0,0,0.0,0,0,0,0,0.0,0,0,0,0,0,0,0,0,0,0.0,0.0,0.0,0.0,0.0,0.0,0.0,0.0,0.0,0.0,0.0,0.0,0.0,0.0,0.0,0.0,0.0,0.0,2.0,2.0,0.0,0.0,0.0,0.0,0.0,0.0,0,0,0,0.0,2,2,0,0,0,0,0,0,0.0
CFD,0,0,0,0.0,ok,,raefsky3,factor-l,/home/scan_SpTRSV/data/factors/spcg/raefsky3/spcg_spilu_l_raefsky3_fill10_drop0.0001_permccolamd_sp0.mtx,21200,long-chain-aware-drop,0.1,0.0,0.001,1,1,1,0,0,4211306,4211306,19,19,21154,21154,0,19,19,38,38,0,0.0,0.0,0.0,21043,21043,0,0.0,10210,10210,0,0,0,0,0,0.0,0,0,0,0,0.0,0,0,0,0,0.0,0,0,0,0,0,0,0,0,0,0.0,0.0,0.0,0.0,0.0,0.0,0.0,0.0,0.0,0.0,0.0,0.0,0.0,0.0,0.0,0.0,0.0,0.0,2.0,2.0,0.0,0.0,0.0,0.0,0.0,0.0,0,0,0,0.0,2,2,0,0,0,0,0,0,0.0
CFD,0,0,0,0.0,ok,,raefsky3,factor-l,/home/scan_SpTRSV/data/factors/spcg/raefsky3/spcg_spilu_l_raefsky3_fill10_drop0.0001_permccolamd_sp0.mtx,21200,long-chain-aware-drop,0.1,0.0,0.001,-1,1,1,0,0,4211306,4211306,19,19,21154,21154,0,19,19,38,38,0,0.0,0.0,0.0,21043,21043,0,0.0,10210,10210,0,0,0,0,0,0.0,0,0,0,0,0.0,0,0,0,0,0.0,0,0,0,0,0,0,0,0,0,0.0,0.0,0.0,0.0,0.0,0.0,0.0,0.0,0.0,0.0,0.0,0.0,0.0,0.0,0.0,0.0,0.0,0.0,2.0,2.0,0.0,0.0,0.0,0.0,0.0,0.0,0,0,0,0.0,2,2,0,0,0,0,0,0,0.0
CFD,0,0,0,0.0,ok,,raefsky3,factor-l,/home/scan_SpTRSV/data/factors/spcg/raefsky3/spcg_spilu_l_raefsky3_fill10_drop0.0001_permccolamd_sp0.mtx,21200,long-chain-aware-drop,0.1,0.0,0.01,1,1,1,0,0,4211306,4211306,19,19,21154,21154,0,19,19,38,38,0,0.0,0.0,0.0,21043,21043,0,0.0,10210,10210,0,0,0,0,0,0.0,0,0,0,0,0.0,0,0,0,0,0.0,0,0,0,0,0,0,0,0,0,0.0,0.0,0.0,0.0,0.0,0.0,0.0,0.0,0.0,0.0,0.0,0.0,0.0,0.0,0.0,0.0,0.0,0.0,2.0,2.0,0.0,0.0,0.0,0.0,0.0,0.0,0,0,0,0.0,2,2,0,0,0,0,0,0,0.0
CFD,0,0,0,0.0,ok,,raefsky3,factor-l,/home/scan_SpTRSV/data/factors/spcg/raefsky3/spcg_spilu_l_raefsky3_fill10_drop0.0001_permccolamd_sp0.mtx,21200,long-chain-aware-drop,0.1,0.0,0.01,-1,1,1,0,0,4211306,4211306,19,19,21154,21154,0,19,19,38,38,0,0.0,0.0,0.0,21043,21043,0,0.0,10210,10210,0,0,0,0,0,0.0,0,0,0,0,0.0,0,0,0,0,0.0,0,0,0,0,0,0,0,0,0,0.0,0.0,0.0,0.0,0.0,0.0,0.0,0.0,0.0,0.0,0.0,0.0,0.0,0.0,0.0,0.0,0.0,0.0,2.0,2.0,0.0,0.0,0.0,0.0,0.0,0.0,0,0,0,0.0,2,2,0,0,0,0,0,0,0.0
